kl,target,rule,ratio_threshold,streak,window,slope_tol,min_bsz,cbs,step_ratio_at_cbs,slope_at_cbs,censored,max_bsz_tested,bcrit_fit,n_bsz,steps_by_bsz,step_ratio_by_doubling
0.001,0.3,slope,0.7,1,2,0.3,8,32.0,0.5394503986887209,-0.49377250071353673,False,8192,2786.181362358505,9,8:72 32:21 128:11 256:8 512:8 1024:3 2048:1 4096:1 8192:0,8->32:0.54 32->128:0.71 128->256:0.73 256->512:0.97 512->1024:0.43 1024->2048:0.46 2048->4096:0.41 4096->8192:0.70
0.001,0.305,slope,0.7,1,2,0.3,8,32.0,0.5430665771843101,-0.4937725007135364,False,8192,2786.181362358505,9,8:77 32:23 128:11 256:8 512:8 1024:3 2048:2 4096:1 8192:0,8->32:0.54 32->128:0.71 128->256:0.73 256->512:0.97 512->1024:0.43 1024->2048:0.46 2048->4096:0.41 4096->8192:0.70
0.001,0.31,slope,0.7,1,2,0.3,8,32.0,0.547714811712767,-0.4937725007135366,False,8192,2735.0704335523064,9,8:82 32:25 128:12 256:9 512:9 1024:4 2048:2 4096:1 8192:0,8->32:0.55 32->128:0.71 128->256:0.73 256->512:0.97 512->1024:0.43 1024->2048:0.46 2048->4096:0.41 4096->8192:0.70
0.001,0.315,slope,0.7,1,2,0.3,8,32.0,0.3189052755154451,-0.505941885553228,False,8192,2493.2405106617975,10,8:87 16:84 32:27 128:13 256:10 512:9 1024:4 2048:2 4096:1 8192:1,8->16:0.97 16->32:0.32 32->128:0.70 128->256:0.73 256->512:0.97 512->1024:0.43 1024->2048:0.46 2048->4096:0.41 4096->8192:0.70
0.001,0.32,slope,0.7,1,2,0.3,8,32.0,0.3385335145575507,-0.5199061882577071,False,8192,2493.2405106617975,11,8:91 16:86 32:29 64:29 128:14 256:10 512:10 1024:4 2048:2 4096:1 8192:1,8->16:0.95 16->32:0.34 32->64:0.98 64->128:0.50 128->256:0.73 256->512:0.97 512->1024:0.43 1024->2048:0.46 2048->4096:0.41 4096->8192:0.70
0.001,0.325,slope,0.7,1,2,0.3,8,32.0,0.35720287528787786,-0.5319802715574724,False,8192,2447.503416889376,11,8:96 16:88 32:32 64:30 128:15 256:11 512:11 1024:5 2048:2 4096:1 8192:1,8->16:0.92 16->32:0.36 32->64:0.95 64->128:0.50 128->256:0.73 256->512:0.97 512->1024:0.43 1024->2048:0.46 2048->4096:0.41 4096->8192:0.70
0.001,0.33,slope,0.7,1,2,0.3,8,32.0,0.37498194699911447,-0.5425249964860543,False,8192,2447.503416889376,11,8:101 16:91 32:34 64:31 128:16 256:12 512:11 1024:5 2048:2 4096:1 8192:1,8->16:0.90 16->32:0.37 32->64:0.93 64->128:0.51 128->256:0.73 256->512:0.97 512->1024:0.43 1024->2048:0.46 2048->4096:0.41 4096->8192:0.70
0.001,0.335,slope,0.7,1,2,0.3,8,32.0,0.3919329296693061,-0.5518145711671826,False,8192,2402.605344357705,11,8:106 16:93 32:36 64:33 128:17 256:12 512:12 1024:5 2048:2 4096:1 8192:1,8->16:0.88 16->32:0.39 32->64:0.91 64->128:0.51 128->256:0.73 256->512:0.97 512->1024:0.43 1024->2048:0.46 2048->4096:0.41 4096->8192:0.70
0.001,0.34,slope,0.7,1,2,0.3,8,32.0,0.4081123610117693,-0.5600611603901775,False,8192,2315.2649798731086,11,8:111 16:95 32:39 64:34 128:18 256:13 512:13 1024:5 2048:2 4096:1 8192:1,8->16:0.85 16->32:0.41 32->64:0.89 64->128:0.52 128->256:0.73 256->512:0.97 512->1024:0.43 1024->2048:0.46 2048->4096:0.42 4096->8192:0.68
0.001,0.345,slope,0.7,1,2,0.3,8,32.0,0.4235717464555915,-0.5674315382878201,False,8192,2149.9939151894996,11,8:117 16:97 32:41 64:36 128:19 256:14 512:13 1024:6 2048:3 4096:1 8192:1,8->16:0.83 16->32:0.42 32->64:0.87 64->128:0.52 128->256:0.73 256->512:0.97 512->1024:0.43 1024->2048:0.46 2048->4096:0.45 4096->8192:0.63
0.001,0.35,slope,0.7,1,2,0.3,8,32.0,0.43835810684744064,-0.5740586386315493,False,8192,2033.8298955696673,11,8:122 16:99 32:43 64:37 128:20 256:14 512:14 1024:6 2048:3 4096:1 8192:1,8->16:0.81 16->32:0.44 32->64:0.86 64->128:0.53 128->256:0.73 256->512:0.97 512->1024:0.43 1024->2048:0.46 2048->4096:0.48 4096->8192:0.59
0.001,0.355,slope,0.7,1,2,0.3,8,32.0,0.265312918091274,-0.5800497417110074,False,8192,2786.181362358505,11,8:173 16:173 32:46 64:39 128:21 256:15 512:15 1024:6 2048:3 4096:1 8192:1,8->16:1.00 16->32:0.27 32->64:0.84 64->128:0.53 128->256:0.73 256->512:0.97 512->1024:0.43 1024->2048:0.46 2048->4096:0.51 4096->8192:0.56
0.001,0.36,slope,0.7,1,2,0.3,8,32.0,0.5205771172895317,-0.5854923896691865,False,8192,2635.644179832151,10,8:178 32:48 64:40 128:21 256:16 512:15 1024:7 2048:3 4096:2 8192:1,8->32:0.52 32->64:0.83 64->128:0.53 128->256:0.73 256->512:0.97 512->1024:0.43 1024->2048:0.46 2048->4096:0.53 4096->8192:0.54
0.001,0.365,slope,0.7,1,2,0.3,8,32.0,0.5275219651471633,-0.5969940615996246,False,8192,2539.8323046696974,10,8:184 32:51 64:42 128:22 256:16 512:16 1024:7 2048:3 4096:2 8192:1,8->32:0.53 32->64:0.81 64->128:0.54 128->256:0.73 256->512:0.97 512->1024:0.43 1024->2048:0.46 2048->4096:0.55 4096->8192:0.52
0.001,0.37,slope,0.7,1,2,0.3,8,32.0,0.5404295106366677,-0.6247720769688131,False,8192,2493.2405106617975,10,8:189 32:55 64:43 128:23 256:17 512:17 1024:7 2048:3 4096:2 8192:1,8->32:0.54 32->64:0.78 64->128:0.54 128->256:0.73 256->512:0.97 512->1024:0.43 1024->2048:0.46 2048->4096:0.57 4096->8192:0.50
0.001,0.375,slope,0.7,1,2,0.3,8,32.0,0.5523240843407171,-0.6495518450343606,False,8192,2447.503416889376,10,8:195 32:59 64:45 128:24 256:18 512:17 1024:7 2048:3 4096:2 8192:1,8->32:0.55 32->64:0.75 64->128:0.54 128->256:0.73 256->512:0.97 512->1024:0.43 1024->2048:0.46 2048->4096:0.59 4096->8192:0.49
0.001,0.38,slope,0.7,1,2,0.3,8,32.0,0.5633558426083275,-0.35320059399272774,False,8192,2684.8971059657283,10,8:200 32:64 64:46 128:39 256:18 512:18 1024:8 2048:3 4096:2 8192:1,8->32:0.56 32->64:0.72 64->128:0.85 128->256:0.47 256->512:0.97 512->1024:0.43 1024->2048:0.46 2048->4096:0.67 4096->8192:0.43
0.001,0.385,slope,0.7,1,2,0.3,8,32.0,0.5742619718690695,-0.3695197717407729,False,8192,2493.2405106617975,10,8:205 32:68 64:47 128:41 256:19 512:18 1024:8 2048:4 4096:2 8192:1,8->32:0.57 32->64:0.70 64->128:0.85 128->256:0.47 256->512:0.97 512->1024:0.43 1024->2048:0.46 2048->4096:0.68 4096->8192:0.45
0.001,0.39,slope,0.7,1,2,0.3,8,32.0,0.5844542364036697,-0.38426654772907726,False,8192,2315.2649798731086,10,8:210 32:72 64:49 128:42 256:20 512:19 1024:8 2048:4 4096:3 8192:1,8->32:0.58 32->64:0.68 64->128:0.86 128->256:0.47 256->512:0.97 512->1024:0.43 1024->2048:0.46 2048->4096:0.69 4096->8192:0.48
0.001,0.395,slope,0.7,1,2,0.3,8,32.0,0.6056283631780424,-0.42561856937611453,False,8192,2272.792747034106,10,8:215 32:79 64:53 128:44 256:20 512:20 1024:8 2048:4 4096:3 8192:1,8->32:0.61 32->64:0.67 64->128:0.83 128->256:0.46 256->512:0.97 512->1024:0.43 1024->2048:0.46 2048->4096:0.70 4096->8192:0.50
0.001,0.4,slope,0.7,1,2,0.3,8,8.0,,-0.6453018324764561,False,8192,2358.5309016943925,10,8:220 32:90 64:63 128:45 256:21 512:20 1024:9 2048:4 4096:3 8192:1,8->32:0.64 32->64:0.70 64->128:0.72 128->256:0.46 256->512:0.97 512->1024:0.43 1024->2048:0.46 2048->4096:0.71 4096->8192:0.52
0.001,0.405,slope,0.7,1,2,0.3,8,32.0,0.3650269821502697,-0.4915551847111705,False,8192,2539.8323046696974,11,8:294 16:255 32:93 64:73 128:47 256:22 512:21 1024:9 2048:4 4096:3 8192:2,8->16:0.87 16->32:0.37 32->64:0.78 64->128:0.65 128->256:0.46 256->512:0.97 512->1024:0.43 1024->2048:0.46 2048->4096:0.72 4096->8192:0.53
0.001,0.41,slope,0.7,1,2,0.3,8,32.0,0.3558708030630276,-0.48888242983231595,False,8192,2358.5309016943925,11,8:297 16:269 32:96 64:75 128:49 256:22 512:22 1024:9 2048:4 4096:3 8192:2,8->16:0.91 16->32:0.36 32->64:0.78 64->128:0.65 128->256:0.46 256->512:0.97 512->1024:0.43 1024->2048:0.46 2048->4096:0.76 4096->8192:0.53
0.001,0.415,slope,0.7,1,2,0.3,8,32.0,0.5740313218634325,-0.4752983683657607,False,8192,2315.2649798731086,10,8:299 32:99 64:80 128:51 256:23 512:22 1024:10 2048:4 4096:3 8192:2,8->32:0.57 32->64:0.81 64->128:0.64 128->256:0.45 256->512:0.97 512->1024:0.43 1024->2048:0.46 2048->4096:0.79 4096->8192:0.53
0.001,0.42,slope,0.7,1,2,0.3,8,32.0,0.4629106353471441,-0.6862935278468951,False,8192,3230.995303570815,11,8:525 16:322 32:149 64:85 128:58 256:24 512:23 1024:10 2048:4 4096:4 8192:2,8->16:0.61 16->32:0.46 32->64:0.57 64->128:0.68 128->256:0.41 256->512:0.97 512->1024:0.43 1024->2048:0.46 2048->4096:0.82 4096->8192:0.52
0.001,0.425,slope,0.7,1,2,0.3,8,32.0,0.43925795706883786,-0.6788472289218305,False,8192,2838.2474135671787,11,8:617 16:373 32:164 64:90 128:64 256:24 512:24 1024:10 2048:5 4096:4 8192:3,8->16:0.60 16->32:0.44 32->64:0.55 64->128:0.71 128->256:0.38 256->512:0.97 512->1024:0.44 1024->2048:0.45 2048->4096:0.85 4096->8192:0.66
0.001,0.43,slope,0.7,1,2,0.3,8,32.0,0.40806201550387594,-0.6372404662424506,False,8192,3056.4248551691016,10,8:622 16:418 32:170 64:95 128:70 256:25 512:24 1024:12 2048:5 8192:3,8->16:0.67 16->32:0.41 32->64:0.55 64->128:0.75 128->256:0.35 256->512:0.97 512->1024:0.48 1024->2048:0.41 2048->8192:0.75
0.001,0.435,slope,0.7,1,2,0.3,8,256.0,0.41918659165494615,-0.6447361236319658,False,8192,3544.3831784191643,10,8:716 16:424 32:212 64:99 128:76 256:32 512:25 1024:13 2048:5 8192:3,8->16:0.59 16->32:0.50 32->64:0.47 64->128:0.77 128->256:0.42 256->512:0.78 512->1024:0.52 1024->2048:0.37 2048->8192:0.76
0.001,0.44,slope,0.7,1,2,0.3,8,256.0,0.42610848938019413,-0.6217197660114346,False,8192,3056.4248551691016,11,8:723 16:443 32:214 64:115 128:80 256:34 512:27 1024:14 2048:5 4096:5 8192:3,8->16:0.61 16->32:0.48 32->64:0.53 64->128:0.70 128->256:0.43 256->512:0.78 512->1024:0.54 1024->2048:0.38 2048->4096:0.98 4096->8192:0.54
0.001,0.445,slope,0.7,1,2,0.3,8,32.0,0.4845358682097618,-0.6836028863744247,False,8192,2786.181362358505,11,8:741 16:449 32:217 64:136 128:84 256:36 512:28 1024:16 2048:8 4096:6 8192:3,8->16:0.61 16->32:0.48 32->64:0.63 64->128:0.62 128->256:0.43 256->512:0.78 512->1024:0.56 1024->2048:0.49 2048->4096:0.73 4096->8192:0.53
0.001,0.45,slope,0.7,1,2,0.3,8,32.0,0.4695382708397893,-0.659568098502163,False,8192,2358.5309016943925,11,8:946 16:469 32:220 64:153 128:88 256:39 512:30 1024:17 2048:8 4096:6 8192:4,8->16:0.50 16->32:0.47 32->64:0.69 64->128:0.58 128->256:0.44 256->512:0.78 512->1024:0.57 1024->2048:0.48 2048->4096:0.72 4096->8192:0.70
0.001,0.455,slope,0.7,1,2,0.3,8,32.0,0.4720787207872079,-0.6369049950304176,False,8192,2231.099643399757,11,8:1019 16:473 32:223 64:158 128:92 256:41 512:32 1024:19 2048:9 4096:7 8192:4,8->16:0.46 16->32:0.47 32->64:0.71 64->128:0.58 128->256:0.44 256->512:0.78 512->1024:0.58 1024->2048:0.47 2048->4096:0.74 4096->8192:0.67
0.001,0.46,slope,0.7,1,2,0.3,8,256.0,0.44801820238031137,-0.5575699353747094,False,8192,2891.2864357838016,11,8:1222 16:663 32:337 64:164 128:96 256:43 512:34 1024:20 2048:9 4096:7 8192:5,8->16:0.54 16->32:0.51 32->64:0.49 64->128:0.59 128->256:0.45 256->512:0.79 512->1024:0.59 1024->2048:0.46 2048->4096:0.72 4096->8192:0.68
0.001,0.465,slope,0.7,1,2,0.3,8,256.0,0.4262538748425843,-0.5461035536094909,False,8192,2945.3166111550963,11,8:1364 16:666 32:345 64:169 128:106 256:45 512:36 1024:21 2048:10 4096:7 8192:5,8->16:0.49 16->32:0.52 32->64:0.49 64->128:0.63 128->256:0.43 256->512:0.79 512->1024:0.60 1024->2048:0.46 2048->4096:0.71 4096->8192:0.70
0.001,0.47,slope,0.7,1,2,0.3,8,256.0,0.4124571511517547,-0.5448688455950815,False,8192,2786.181362358505,11,8:1371 16:670 32:350 64:175 128:115 256:48 512:38 1024:22 2048:11 4096:7 8192:5,8->16:0.49 16->32:0.52 32->64:0.50 64->128:0.66 128->256:0.41 256->512:0.79 512->1024:0.60 1024->2048:0.50 2048->4096:0.65 4096->8192:0.69
0.001,0.475,slope,0.7,1,2,0.3,8,256.0,0.4006541736590217,-0.5624174081677391,False,8192,2838.2474135671787,11,8:1413 16:674 32:397 64:245 128:124 256:50 512:39 1024:23 2048:12 4096:8 8192:5,8->16:0.48 16->32:0.59 32->64:0.62 64->128:0.51 128->256:0.40 256->512:0.79 512->1024:0.58 1024->2048:0.54 2048->4096:0.65 4096->8192:0.67
0.001,0.48,slope,0.7,1,2,0.3,8,256.0,0.4441914471821012,-0.6540688220449378,False,8192,3171.724513390028,11,8:1418 16:824 32:423 64:287 128:130 256:58 512:41 1024:23 2048:13 4096:8 8192:6,8->16:0.58 16->32:0.51 32->64:0.68 64->128:0.45 128->256:0.44 256->512:0.71 512->1024:0.57 1024->2048:0.54 2048->4096:0.65 4096->8192:0.70
0.001,0.485,slope,0.7,1,2,0.3,8,2048.0,0.5476969244366491,-0.5136603783142918,False,8192,3113.5410124927544,11,8:1423 16:875 32:475 64:292 128:136 256:66 512:43 1024:24 2048:13 4096:8 8192:6,8->16:0.61 16->32:0.54 32->64:0.61 64->128:0.46 128->256:0.49 256->512:0.65 512->1024:0.55 1024->2048:0.55 2048->4096:0.64 4096->8192:0.76
0.001,0.49,slope,0.7,1,2,0.3,8,2048.0,0.5509699379109941,-0.4573772329041682,False,8192,3171.724513390028,11,8:1475 16:1043 32:499 64:297 128:141 256:74 512:45 1024:24 2048:13 4096:9 8192:7,8->16:0.71 16->32:0.48 32->64:0.60 64->128:0.48 128->256:0.53 256->512:0.60 512->1024:0.54 1024->2048:0.55 2048->4096:0.64 4096->8192:0.83
0.001,0.495,slope,0.7,1,2,0.3,8,2048.0,0.5541138893398209,-0.4450144102268407,False,8192,3479.363464074108,11,8:1847 16:1067 32:543 64:303 128:147 256:80 512:47 1024:25 2048:14 4096:9 8192:7,8->16:0.58 16->32:0.51 32->64:0.56 64->128:0.48 128->256:0.54 256->512:0.58 512->1024:0.53 1024->2048:0.55 2048->4096:0.64 4096->8192:0.85
0.001,0.5,slope,0.7,1,2,0.3,8,2048.0,0.5374130737134911,-0.43345446130528903,False,8192,3888.167866284679,11,8:2294 16:1074 32:549 64:309 128:191 256:85 512:48 1024:26 2048:14 4096:9 8192:8,8->16:0.47 16->32:0.51 32->64:0.56 64->128:0.62 128->256:0.44 256->512:0.57 512->1024:0.54 1024->2048:0.54 2048->4096:0.63 4096->8192:0.87
0.001,0.505,slope,0.7,1,2,0.3,8,128.0,0.6192149242129809,-0.639851917100635,False,8192,4345.004341313258,11,8:2577 16:1224 32:599 64:315 128:195 256:90 512:80 1024:28 2048:14 4096:10 8192:8,8->16:0.48 16->32:0.49 32->64:0.53 64->128:0.62 128->256:0.46 256->512:0.89 512->1024:0.35 1024->2048:0.51 2048->4096:0.66 4096->8192:0.84
0.001,0.51,slope,0.7,1,2,0.3,8,128.0,0.6203736179946625,-0.6294101984382058,False,8192,4034.8439493985916,11,8:2588 16:1278 32:722 64:321 128:199 256:95 512:83 1024:30 2048:15 4096:12 8192:8,8->16:0.49 16->32:0.57 32->64:0.45 64->128:0.62 128->256:0.48 256->512:0.88 512->1024:0.36 1024->2048:0.49 2048->4096:0.81 4096->8192:0.70
0.001,0.515,slope,0.7,1,2,0.3,8,128.0,0.5783970772222514,-0.6617023332397433,False,8192,3960.8270082805648,11,8:2600 16:1290 32:788 64:373 128:216 256:100 512:86 1024:32 2048:19 4096:12 8192:9,8->16:0.50 16->32:0.61 32->64:0.47 64->128:0.58 128->256:0.46 256->512:0.86 512->1024:0.37 1024->2048:0.60 2048->4096:0.64 4096->8192:0.70
0.001,0.52,slope,0.7,1,2,0.3,8,128.0,0.48219362635838603,-0.6505936797620792,False,8192,4679.006911492836,11,8:2820 16:1660 32:793 64:456 128:220 256:119 512:89 1024:34 2048:20 4096:13 8192:9,8->16:0.59 16->32:0.48 32->64:0.57 64->128:0.48 128->256:0.54 256->512:0.75 512->1024:0.38 1024->2048:0.58 2048->4096:0.64 4096->8192:0.71
0.001,0.525,slope,0.7,1,2,0.3,8,128.0,0.48300944840430193,-0.6400306063250681,False,4096,3142.498107042942,10,8:2922 16:1673 32:797 64:463 128:224 256:122 512:92 1024:36 2048:27 4096:13,8->16:0.57 16->32:0.48 32->64:0.58 64->128:0.48 128->256:0.55 256->512:0.75 512->1024:0.39 1024->2048:0.76 2048->4096:0.47
0.001,0.53,slope,0.7,1,2,0.3,8,128.0,0.5100234701471177,-0.6680491869520965,False,4096,3738.1623773752103,10,8:3247 16:1900 32:968 64:470 128:240 256:126 512:95 1024:38 2048:28 4096:13,8->16:0.59 16->32:0.51 32->64:0.49 64->128:0.51 128->256:0.53 256->512:0.75 512->1024:0.40 1024->2048:0.75 2048->4096:0.46
0.001,0.535,slope,0.7,1,2,0.3,8,128.0,0.5215573333333331,-0.6895992286866451,False,4096,4370.216837706921,10,8:3906 16:2087 32:1049 64:488 128:255 256:132 512:98 1024:40 2048:29 4096:13,8->16:0.53 16->32:0.50 32->64:0.47 64->128:0.52 128->256:0.52 256->512:0.74 512->1024:0.41 1024->2048:0.73 2048->4096:0.46
0.001,0.54,slope,0.7,1,2,0.3,8,128.0,0.4831808054841475,-0.6845671672635254,False,4096,4370.216837706921,10,8:3911 16:2095 32:1069 64:544 128:263 256:138 512:102 1024:42 2048:31 4096:14,8->16:0.54 16->32:0.51 32->64:0.51 64->128:0.48 128->256:0.52 256->512:0.74 512->1024:0.41 1024->2048:0.73 2048->4096:0.45
0.001,0.545,slope,0.7,1,2,0.3,8,128.0,0.4942554517133957,-0.6625820994787811,False,4096,4077.084672845039,10,8:3916 16:2223 32:1194 64:549 128:271 256:144 512:108 1024:44 2048:32 4096:15,8->16:0.57 16->32:0.54 32->64:0.46 64->128:0.49 128->256:0.53 256->512:0.75 512->1024:0.40 1024->2048:0.74 2048->4096:0.46
0.001,0.55,slope,0.7,1,2,0.3,8,1024.0,0.39778192168024307,-0.6554080698835694,False,4096,3310.472358475448,10,8:3920 16:2271 32:1215 64:599 128:336 256:150 512:115 1024:46 2048:34 4096:18,8->16:0.58 16->32:0.54 32->64:0.49 64->128:0.56 128->256:0.45 256->512:0.77 512->1024:0.40 1024->2048:0.75 2048->4096:0.54
0.01,0.3,slope,0.7,1,2,0.3,8,8.0,,-0.6544784932347232,False,8192,2315.2649798731086,9,8:104 32:42 64:16 128:11 256:4 1024:3 2048:2 4096:1 8192:0,8->32:0.64 32->64:0.39 64->128:0.65 128->256:0.41 256->1024:0.81 1024->2048:0.61 2048->4096:0.40 4096->8192:0.67
0.01,0.305,slope,0.7,1,2,0.3,8,8.0,,-0.6292430709832627,False,8192,2272.792747034106,9,8:107 32:45 64:18 128:11 256:5 1024:3 2048:2 4096:1 8192:1,8->32:0.65 32->64:0.39 64->128:0.65 128->256:0.41 256->1024:0.81 1024->2048:0.61 2048->4096:0.40 4096->8192:0.67
0.01,0.31,slope,0.7,1,2,0.3,8,8.0,,-0.6064857620491602,False,8192,2231.099643399757,9,8:111 32:48 64:19 128:12 256:5 1024:3 2048:2 4096:1 8192:1,8->32:0.66 32->64:0.40 64->128:0.65 128->256:0.41 256->1024:0.81 1024->2048:0.61 2048->4096:0.40 4096->8192:0.67
0.01,0.315,slope,0.7,1,2,0.3,8,8.0,,-0.5878476720190092,False,8192,2149.9939151894996,9,8:115 32:51 64:20 128:13 256:5 1024:4 2048:2 4096:1 8192:1,8->32:0.67 32->64:0.40 64->128:0.65 128->256:0.41 256->1024:0.81 1024->2048:0.61 2048->4096:0.40 4096->8192:0.67
0.01,0.32,slope,0.7,1,2,0.3,8,8.0,,-0.5745016404512073,False,8192,2110.553487004311,9,8:119 32:54 64:22 128:14 256:6 1024:4 2048:2 4096:1 8192:1,8->32:0.67 32->64:0.41 64->128:0.65 128->256:0.41 256->1024:0.81 1024->2048:0.61 2048->4096:0.40 4096->8192:0.67
0.01,0.325,slope,0.7,1,2,0.3,8,8.0,,-0.5621966063863408,False,8192,2071.8365712739446,9,8:123 32:56 64:23 128:15 256:6 1024:4 2048:2 4096:1 8192:1,8->32:0.68 32->64:0.41 64->128:0.65 128->256:0.41 256->1024:0.81 1024->2048:0.61 2048->4096:0.40 4096->8192:0.67
0.01,0.33,slope,0.7,1,2,0.3,8,8.0,,-0.5575841128576926,False,8192,2033.8298955696673,9,8:127 32:59 64:25 128:16 256:7 1024:4 2048:3 4096:1 8192:1,8->32:0.68 32->64:0.42 64->128:0.65 128->256:0.41 256->1024:0.81 1024->2048:0.61 2048->4096:0.40 4096->8192:0.67
0.01,0.335,slope,0.7,1,2,0.3,8,8.0,,-0.5658257832098549,False,8192,2110.553487004311,9,8:135 32:61 64:28 128:17 256:7 1024:5 2048:3 4096:1 8192:1,8->32:0.68 32->64:0.46 64->128:0.60 128->256:0.41 256->1024:0.81 1024->2048:0.61 2048->4096:0.40 4096->8192:0.67
0.01,0.34,slope,0.7,1,2,0.3,8,8.0,,-0.5733049484669014,False,8192,2190.1713762833583,9,8:142 32:64 64:33 128:18 256:7 1024:5 2048:3 4096:1 8192:1,8->32:0.67 32->64:0.52 64->128:0.54 128->256:0.41 256->1024:0.81 1024->2048:0.61 2048->4096:0.40 4096->8192:0.67
0.01,0.345,slope,0.7,1,2,0.3,8,8.0,,-0.5801231003248603,False,8192,2272.792747034106,9,8:149 32:67 64:38 128:19 256:8 1024:5 2048:3 4096:1 8192:1,8->32:0.67 32->64:0.57 64->128:0.49 128->256:0.41 256->1024:0.81 1024->2048:0.61 2048->4096:0.40 4096->8192:0.66
0.01,0.35,slope,0.7,1,2,0.3,8,8.0,,-0.5747117983944808,False,8192,2315.2649798731086,9,8:154 32:69 64:43 128:20 256:8 1024:5 2048:3 4096:1 8192:1,8->32:0.67 32->64:0.62 64->128:0.46 128->256:0.41 256->1024:0.81 1024->2048:0.61 2048->4096:0.40 4096->8192:0.66
0.01,0.355,slope,0.7,1,2,0.3,8,8.0,,-0.5683943593595594,False,8192,2358.5309016943925,9,8:159 32:72 64:48 128:21 256:8 1024:5 2048:3 4096:1 8192:1,8->32:0.67 32->64:0.66 64->128:0.43 128->256:0.41 256->1024:0.81 1024->2048:0.61 2048->4096:0.40 4096->8192:0.66
0.01,0.36,slope,0.7,1,2,0.3,8,8.0,,-0.5624746462934387,False,8192,2358.5309016943925,9,8:163 32:75 64:53 128:21 256:9 1024:6 2048:3 4096:1 8192:1,8->32:0.68 32->64:0.72 64->128:0.40 128->256:0.41 256->1024:0.81 1024->2048:0.61 2048->4096:0.40 4096->8192:0.66
0.01,0.365,slope,0.7,1,2,0.3,8,8.0,,-0.5569160642371571,False,8192,2447.503416889376,9,8:167 32:77 64:60 128:22 256:9 1024:6 2048:4 4096:1 8192:1,8->32:0.68 32->64:0.78 64->128:0.37 128->256:0.41 256->1024:0.81 1024->2048:0.61 2048->4096:0.40 4096->8192:0.66
0.01,0.37,slope,0.7,1,2,0.3,8,8.0,,-0.5516863942816028,False,8192,2190.1713762833583,9,8:172 32:80 64:62 128:23 256:9 1024:6 2048:4 4096:2 8192:1,8->32:0.68 32->64:0.77 64->128:0.38 128->256:0.41 256->1024:0.81 1024->2048:0.61 2048->4096:0.41 4096->8192:0.73
0.01,0.375,slope,0.7,1,2,0.3,8,256.0,0.4061628760088042,-0.30177099570765237,False,8192,2190.1713762833583,10,8:221 16:209 32:83 64:64 128:24 256:10 1024:6 2048:4 4096:2 8192:1,8->16:0.94 16->32:0.40 32->64:0.77 64->128:0.38 128->256:0.41 256->1024:0.81 1024->2048:0.61 2048->4096:0.41 4096->8192:0.88
0.01,0.38,slope,0.7,1,2,0.3,8,256.0,0.4635680219869057,-0.40015461312221,False,4096,1834.7939463498878,9,8:265 16:215 32:85 64:65 128:25 256:12 1024:7 2048:4 4096:2,8->16:0.81 16->32:0.40 32->64:0.76 64->128:0.39 128->256:0.46 256->1024:0.76 1024->2048:0.61 2048->4096:0.41
0.01,0.385,slope,0.7,1,2,0.3,8,256.0,0.5319346493248757,-0.5686255931185782,False,4096,1932.868194662173,9,8:270 16:221 32:88 64:67 128:29 256:15 1024:7 2048:4 4096:2,8->16:0.82 16->32:0.40 32->64:0.76 64->128:0.43 128->256:0.53 256->1024:0.67 1024->2048:0.61 2048->4096:0.41
0.01,0.39,slope,0.7,1,2,0.3,8,256.0,0.5843998293606356,-0.6955668293257401,False,4096,2108.112622068643,9,8:274 16:258 32:91 64:69 128:32 256:19 1024:7 2048:4 4096:2,8->16:0.94 16->32:0.35 32->64:0.76 64->128:0.47 128->256:0.58 256->1024:0.62 1024->2048:0.61 2048->4096:0.41
0.01,0.395,slope,0.7,1,2,0.3,8,32.0,0.355129472693032,-0.6920740599290267,False,4096,2380.46612016297,9,8:363 16:263 32:93 64:70 128:36 256:19 1024:7 2048:5 4096:2,8->16:0.72 16->32:0.36 32->64:0.75 64->128:0.51 128->256:0.54 256->1024:0.62 1024->2048:0.61 2048->4096:0.41
0.01,0.4,slope,0.7,1,2,0.3,8,32.0,0.3585724191063175,-0.6442961294739079,False,4096,2380.46612016297,9,8:367 16:268 32:96 64:72 128:39 256:20 1024:8 2048:5 4096:2,8->16:0.73 16->32:0.36 32->64:0.75 64->128:0.55 128->256:0.51 256->1024:0.62 1024->2048:0.61 2048->4096:0.41
0.01,0.405,slope,0.7,1,2,0.3,8,32.0,0.3618924031476998,-0.6018254286536778,False,4096,2380.46612016297,9,8:371 16:272 32:99 64:74 128:43 256:21 1024:8 2048:5 4096:2,8->16:0.73 16->32:0.36 32->64:0.75 64->128:0.58 128->256:0.48 256->1024:0.62 1024->2048:0.61 2048->4096:0.41
0.01,0.41,slope,0.7,1,2,0.3,8,8.0,,-0.567712820316254,False,8192,2684.8971059657283,10,8:464 16:344 32:211 64:76 128:46 256:21 1024:8 2048:5 4096:3 8192:2,8->16:0.74 16->32:0.62 32->64:0.36 64->128:0.61 128->256:0.46 256->1024:0.62 1024->2048:0.61 2048->4096:0.60 4096->8192:0.82
0.01,0.415,slope,0.7,1,2,0.3,8,8.0,,-0.5685923256789646,False,8192,2539.8323046696974,10,8:473 16:349 32:215 64:80 128:50 256:22 1024:8 2048:6 4096:3 8192:3,8->16:0.74 16->32:0.62 32->64:0.37 64->128:0.62 128->256:0.44 256->1024:0.62 1024->2048:0.69 2048->4096:0.55 4096->8192:0.81
0.01,0.42,slope,0.7,1,2,0.3,8,256.0,0.3969873663751217,-0.6955668293257403,False,8192,3171.724513390028,10,8:861 16:412 32:219 64:84 128:57 256:23 1024:9 2048:6 4096:3 8192:3,8->16:0.48 16->32:0.53 32->64:0.39 64->128:0.68 128->256:0.40 256->1024:0.62 1024->2048:0.73 2048->4096:0.53 4096->8192:0.79
0.01,0.425,slope,0.7,1,2,0.3,8,256.0,0.3619359364040216,-0.6955668293257399,False,8192,3113.5410124927544,10,8:866 16:418 32:222 64:88 128:64 256:23 1024:9 2048:7 4096:4 8192:3,8->16:0.48 16->32:0.53 32->64:0.40 64->128:0.73 128->256:0.36 256->1024:0.62 1024->2048:0.78 2048->4096:0.52 4096->8192:0.78
0.01,0.43,slope,0.7,1,2,0.3,8,256.0,0.33400878081729146,-0.6955668293257407,False,8192,3171.724513390028,10,8:871 16:425 32:257 64:93 128:72 256:24 1024:9 2048:7 4096:4 8192:3,8->16:0.49 16->32:0.61 32->64:0.36 64->128:0.77 128->256:0.33 256->1024:0.62 1024->2048:0.81 2048->4096:0.50 4096->8192:0.77
0.01,0.435,slope,0.7,1,2,0.3,8,256.0,0.31706741521588294,-0.6955668293257401,False,8192,3415.536499790403,10,8:922 16:549 32:266 64:97 128:77 256:25 1024:9 2048:8 4096:4 8192:3,8->16:0.60 16->32:0.48 32->64:0.36 64->128:0.80 128->256:0.32 256->1024:0.62 1024->2048:0.85 2048->4096:0.49 4096->8192:0.75
0.01,0.44,slope,0.7,1,2,0.3,8,1024.0,0.5842546619643417,-0.6047570422802511,False,8192,3352.8804052395494,10,8:1092 16:603 32:312 64:143 128:82 256:28 1024:10 2048:8 4096:4 8192:4,8->16:0.55 16->32:0.52 32->64:0.46 64->128:0.57 128->256:0.34 256->1024:0.58 1024->2048:0.89 2048->4096:0.49 4096->8192:0.97
0.01,0.445,slope,0.7,1,2,0.3,8,1024.0,0.32024014687273866,-0.5850358438095009,False,8192,3544.3831784191643,11,8:1122 16:613 32:314 64:148 128:86 256:41 512:31 1024:10 2048:9 4096:4 8192:4,8->16:0.55 16->32:0.51 32->64:0.47 64->128:0.58 128->256:0.47 256->512:0.75 512->1024:0.32 1024->2048:0.92 2048->4096:0.48 4096->8192:0.99
0.01,0.45,slope,0.7,1,2,0.3,8,1024.0,0.32032994923857866,-0.5967370375653684,False,4096,5289.619552130662,10,8:1573 16:624 32:316 64:189 128:91 256:52 512:33 1024:10 2048:10 4096:5,8->16:0.40 16->32:0.51 32->64:0.60 64->128:0.48 128->256:0.57 256->512:0.63 512->1024:0.32 1024->2048:0.91 2048->4096:0.48
0.01,0.455,slope,0.7,1,2,0.3,8,1024.0,0.3490294351630868,-0.6689128608837852,False,4096,5109.140074858794,10,8:1620 16:680 32:319 64:195 128:95 256:58 512:35 1024:12 2048:10 4096:5,8->16:0.42 16->32:0.47 32->64:0.61 64->128:0.49 128->256:0.61 256->512:0.60 512->1024:0.35 1024->2048:0.84 2048->4096:0.47
0.01,0.46,slope,0.7,1,2,0.3,8,1024.0,0.3744969969969972,-0.5396752866238191,False,8192,3479.363464074108,11,8:1623 16:690 32:321 64:241 128:100 256:64 512:37 1024:14 2048:11 4096:7 8192:5,8->16:0.43 16->32:0.47 32->64:0.75 64->128:0.41 128->256:0.64 256->512:0.58 512->1024:0.37 1024->2048:0.80 2048->4096:0.59 4096->8192:0.79
0.01,0.465,slope,0.7,1,2,0.3,8,32.0,0.4096986014982815,-0.6546741387829608,False,8192,3960.8270082805648,11,8:1799 16:790 32:324 64:267 128:131 256:70 512:39 1024:16 2048:12 4096:7 8192:5,8->16:0.44 16->32:0.41 32->64:0.83 64->128:0.49 128->256:0.54 256->512:0.56 512->1024:0.40 1024->2048:0.76 2048->4096:0.58 4096->8192:0.78
0.01,0.47,slope,0.7,1,2,0.3,8,1024.0,0.41769905533063423,-0.6125105399485312,False,8192,4593.173163421754,11,8:1932 16:931 32:467 64:271 128:138 256:76 512:41 1024:17 2048:13 4096:7 8192:6,8->16:0.48 16->32:0.50 32->64:0.58 64->128:0.51 128->256:0.55 256->512:0.54 512->1024:0.42 1024->2048:0.74 2048->4096:0.58 4096->8192:0.75
0.01,0.475,slope,0.7,1,2,0.3,8,1024.0,0.4361785484906872,-0.6109598195402869,False,8192,4593.173163421754,11,8:1943 16:979 32:475 64:314 128:146 256:81 512:43 1024:19 2048:14 4096:8 8192:6,8->16:0.50 16->32:0.48 32->64:0.66 64->128:0.46 128->256:0.55 256->512:0.53 512->1024:0.44 1024->2048:0.72 2048->4096:0.60 4096->8192:0.70
0.01,0.48,slope,0.7,1,2,0.3,8,1024.0,0.45026022373685004,-0.6275966759542565,False,8192,4855.516370508679,11,8:2124 16:989 32:584 64:322 128:152 256:86 512:45 1024:20 2048:14 4096:9 8192:6,8->16:0.47 16->32:0.59 32->64:0.55 64->128:0.47 128->256:0.56 256->512:0.53 512->1024:0.45 1024->2048:0.70 2048->4096:0.59 4096->8192:0.68
0.01,0.485,slope,0.7,1,2,0.3,8,1024.0,0.4570827781294684,-0.6327611087202778,False,8192,4855.516370508679,11,8:2240 16:1000 32:590 64:363 128:157 256:91 512:47 1024:22 2048:15 4096:9 8192:6,8->16:0.45 16->32:0.59 32->64:0.61 64->128:0.43 128->256:0.58 256->512:0.52 512->1024:0.46 1024->2048:0.71 2048->4096:0.59 4096->8192:0.67
0.01,0.49,slope,0.7,1,2,0.3,8,1024.0,0.4633310434317992,-0.5773894608558725,False,8192,4593.173163421754,11,8:2247 16:1121 32:596 64:397 128:162 256:96 512:49 1024:23 2048:17 4096:10 8192:6,8->16:0.50 16->32:0.53 32->64:0.67 64->128:0.41 128->256:0.59 256->512:0.52 512->1024:0.46 1024->2048:0.73 2048->4096:0.61 4096->8192:0.61
0.01,0.495,slope,0.7,1,2,0.3,8,1024.0,0.45974648573982296,-0.5998837378002336,False,8192,4855.516370508679,11,8:2824 16:1188 32:599 64:407 128:167 256:100 512:53 1024:24 2048:18 4096:11 8192:6,8->16:0.42 16->32:0.50 32->64:0.68 64->128:0.41 128->256:0.60 256->512:0.52 512->1024:0.46 1024->2048:0.75 2048->4096:0.58 4096->8192:0.62
0.01,0.5,slope,0.7,1,2,0.3,8,1024.0,0.4532558419887191,-0.6207673309862956,False,8192,5228.7622455194205,11,8:3245 16:1193 32:716 64:422 128:172 256:106 512:56 1024:25 2048:20 4096:11 8192:7,8->16:0.37 16->32:0.60 32->64:0.59 64->128:0.41 128->256:0.62 256->512:0.53 512->1024:0.45 1024->2048:0.77 2048->4096:0.55 4096->8192:0.63
0.01,0.505,slope,0.7,1,2,0.3,8,16.0,0.3685246435058315,-0.6841619931549618,False,8192,5630.699710174192,11,8:3250 16:1198 32:720 64:464 128:238 256:111 512:60 1024:27 2048:22 4096:11 8192:7,8->16:0.37 16->32:0.60 32->64:0.64 64->128:0.51 128->256:0.47 256->512:0.54 512->1024:0.45 1024->2048:0.82 2048->4096:0.50 4096->8192:0.64
0.01,0.51,slope,0.7,1,2,0.3,8,1024.0,0.4424526228593649,-0.6331331649015653,False,8192,6063.534300746582,11,8:3646 16:1520 32:889 64:474 128:242 256:116 512:63 1024:28 2048:22 4096:12 8192:8,8->16:0.42 16->32:0.59 32->64:0.53 64->128:0.51 128->256:0.48 256->512:0.54 512->1024:0.44 1024->2048:0.80 2048->4096:0.52 4096->8192:0.66
0.01,0.515,slope,0.7,1,2,0.3,8,1024.0,0.4379093198992444,-0.5539917078197351,False,8192,6176.8450462972505,10,16:1862 32:900 64:565 128:245 256:122 512:67 1024:29 2048:23 4096:14 8192:8,16->32:0.48 32->64:0.63 64->128:0.43 128->256:0.50 256->512:0.55 512->1024:0.44 1024->2048:0.78 2048->4096:0.59 4096->8192:0.60
0.01,0.52,slope,0.7,1,2,0.3,8,1024.0,0.43822937625754554,-0.5805988916505453,False,8192,7096.9740403635915,10,16:1918 32:1147 64:572 128:249 256:142 512:70 1024:31 2048:23 4096:14 8192:8,16->32:0.60 32->64:0.50 64->128:0.44 128->256:0.57 256->512:0.49 512->1024:0.44 1024->2048:0.76 2048->4096:0.59 4096->8192:0.61
0.01,0.525,slope,0.7,1,2,0.3,8,1024.0,0.4459770114942532,-0.6176628174581648,False,8192,8296.941736849754,10,16:1921 32:1194 64:627 128:344 256:145 512:74 1024:33 2048:24 4096:14 8192:9,16->32:0.62 32->64:0.53 64->128:0.55 128->256:0.42 256->512:0.51 512->1024:0.45 1024->2048:0.73 2048->4096:0.58 4096->8192:0.62
0.01,0.53,slope,0.7,1,2,0.3,8,,,,True,8192,10397.193320227792,9,16:1924 32:1329 64:654 128:414 256:149 512:100 1024:35 2048:24 8192:9,16->32:0.69 32->64:0.49 64->128:0.63 128->256:0.36 256->512:0.67 512->1024:0.35 1024->2048:0.70 2048->8192:0.60
0.01,0.535,slope,0.7,1,2,0.3,8,,,,True,2048,23892.006528650552,8,16:2298 32:1348 64:661 128:421 256:213 512:108 1024:37 2048:25,16->32:0.59 32->64:0.49 64->128:0.64 128->256:0.50 256->512:0.51 512->1024:0.34 1024->2048:0.67
0.01,0.54,slope,0.7,1,2,0.3,8,,,,True,2048,6358.1469759088895,8,16:2439 32:1389 64:667 128:482 256:223 512:116 1024:39 2048:33,16->32:0.57 32->64:0.48 64->128:0.72 128->256:0.46 256->512:0.52 512->1024:0.34 1024->2048:0.84
0.01,0.545,slope,0.7,1,2,0.3,8,,,,True,2048,5470.140867104606,8,16:2796 32:1410 64:674 128:490 256:229 512:123 1024:42 2048:36,16->32:0.50 32->64:0.48 64->128:0.73 128->256:0.47 256->512:0.54 512->1024:0.34 1024->2048:0.87
0.01,0.55,slope,0.7,1,2,0.3,8,,,,True,2048,6358.1469759088895,8,16:3327 32:1570 64:764 128:498 256:233 512:144 1024:44 2048:39,16->32:0.47 32->64:0.49 64->128:0.65 128->256:0.47 256->512:0.62 512->1024:0.31 1024->2048:0.88
