kl,target,ratio_threshold,streak,cbs,step_ratio_at_cbs,censored,max_bsz_tested,bcrit_fit,n_bsz,steps_by_bsz,step_ratio_by_doubling
0.001,0.3,0.7,1,8.0,0.7314741169280231,False,4096,831.4577613894227,12,2:513 4:99 8:72 16:78 32:21 64:22 128:11 256:8 512:8 1024:3 2048:1 4096:1,2->4:0.19 4->8:0.73 8->16:1.08 16->32:0.27 32->64:1.05 64->128:0.48 128->256:0.73 256->512:0.97 512->1024:0.43 1024->2048:0.46 2048->4096:0.41
0.001,0.305,0.7,1,16.0,1.0325064871133807,False,4096,847.9761038431521,12,2:518 4:126 8:77 16:80 32:23 64:24 128:11 256:8 512:8 1024:3 2048:2 4096:1,2->4:0.24 4->8:0.61 8->16:1.03 16->32:0.29 32->64:1.05 64->128:0.48 128->256:0.73 256->512:0.97 512->1024:0.43 1024->2048:0.46 2048->4096:0.41
0.001,0.31,0.7,1,16.0,1.000066881474225,False,4096,799.3801268082873,12,2:523 4:131 8:82 16:82 32:25 64:26 128:12 256:9 512:9 1024:4 2048:2 4096:1,2->4:0.25 4->8:0.63 8->16:1.00 16->32:0.30 32->64:1.04 64->128:0.48 128->256:0.73 256->512:0.97 512->1024:0.43 1024->2048:0.46 2048->4096:0.41
0.001,0.315,0.7,1,16.0,0.9711229229944615,False,4096,815.2611917264372,12,2:645 4:135 8:87 16:84 32:27 64:27 128:13 256:10 512:9 1024:4 2048:2 4096:1,2->4:0.21 4->8:0.64 8->16:0.97 16->32:0.32 32->64:1.01 64->128:0.49 128->256:0.73 256->512:0.97 512->1024:0.43 1024->2048:0.46 2048->4096:0.41
0.001,0.32,0.7,1,16.0,0.9451384694717289,False,4096,783.8084206888807,12,2:680 4:139 8:91 16:86 32:29 64:29 128:14 256:10 512:10 1024:4 2048:2 4096:1,2->4:0.20 4->8:0.66 8->16:0.95 16->32:0.34 32->64:0.98 64->128:0.50 128->256:0.73 256->512:0.97 512->1024:0.43 1024->2048:0.46 2048->4096:0.41
0.001,0.325,0.7,1,16.0,0.9216816865251374,False,4096,753.5690973365321,12,2:686 4:143 8:96 16:88 32:32 64:30 128:15 256:11 512:11 1024:5 2048:2 4096:1,2->4:0.21 4->8:0.67 8->16:0.92 16->32:0.36 32->64:0.95 64->128:0.50 128->256:0.73 256->512:0.97 512->1024:0.43 1024->2048:0.46 2048->4096:0.41
0.001,0.33,0.7,1,16.0,0.8997218434687757,False,4096,710.383415119332,12,2:692 4:148 8:101 16:91 32:34 64:31 128:16 256:12 512:11 1024:5 2048:2 4096:1,2->4:0.21 4->8:0.68 8->16:0.90 16->32:0.37 32->64:0.93 64->128:0.51 128->256:0.73 256->512:0.97 512->1024:0.43 1024->2048:0.46 2048->4096:0.41
0.001,0.335,0.7,1,16.0,0.8751157167530225,False,4096,724.4964068662392,12,2:699 4:169 8:106 16:93 32:36 64:33 128:17 256:12 512:12 1024:5 2048:2 4096:1,2->4:0.24 4->8:0.63 8->16:0.88 16->32:0.39 32->64:0.91 64->128:0.51 128->256:0.73 256->512:0.97 512->1024:0.43 1024->2048:0.46 2048->4096:0.41
0.001,0.34,0.7,1,16.0,0.8528530306768649,False,4096,753.5690973365321,12,2:766 4:214 8:111 16:95 32:39 64:34 128:18 256:13 512:13 1024:5 2048:2 4096:1,2->4:0.28 4->8:0.52 8->16:0.85 16->32:0.41 32->64:0.89 64->128:0.52 128->256:0.73 256->512:0.97 512->1024:0.43 1024->2048:0.46 2048->4096:0.42
0.001,0.345,0.7,1,16.0,0.8326142251530853,False,4096,682.9768279649616,12,2:773 4:217 8:117 16:97 32:41 64:36 128:19 256:14 512:13 1024:6 2048:3 4096:1,2->4:0.28 4->8:0.54 8->16:0.83 16->32:0.42 32->64:0.87 64->128:0.52 128->256:0.73 256->512:0.97 512->1024:0.43 1024->2048:0.46 2048->4096:0.45
0.001,0.35,0.7,1,16.0,0.8141353157618082,False,4096,643.8366610466859,12,2:806 4:220 8:122 16:99 32:43 64:37 128:20 256:14 512:14 1024:6 2048:3 4096:1,2->4:0.27 4->8:0.55 8->16:0.81 16->32:0.44 32->64:0.86 64->128:0.53 128->256:0.73 256->512:0.97 512->1024:0.43 1024->2048:0.46 2048->4096:0.48
0.001,0.355,0.7,1,8.0,0.779663751368248,False,4096,783.8084206888807,12,2:817 4:222 8:173 16:173 32:46 64:39 128:21 256:15 512:15 1024:6 2048:3 4096:1,2->4:0.27 4->8:0.78 8->16:1.00 16->32:0.27 32->64:0.84 64->128:0.53 128->256:0.73 256->512:0.97 512->1024:0.43 1024->2048:0.46 2048->4096:0.51
0.001,0.36,0.7,1,4.0,0.7701748559148189,False,4096,1073.7537186074903,12,2:833 4:641 8:178 16:188 32:48 64:40 128:21 256:16 512:15 1024:7 2048:3 4096:2,2->4:0.77 4->8:0.28 8->16:1.05 16->32:0.26 32->64:0.83 64->128:0.53 128->256:0.73 256->512:0.97 512->1024:0.43 1024->2048:0.46 2048->4096:0.53
0.001,0.365,0.7,1,4.0,0.75073370803585,False,4096,1032.328307702589,12,2:860 4:646 8:184 16:201 32:51 64:42 128:22 256:16 512:16 1024:7 2048:3 4096:2,2->4:0.75 4->8:0.28 8->16:1.10 16->32:0.25 32->64:0.81 64->128:0.54 128->256:0.73 256->512:0.97 512->1024:0.43 1024->2048:0.46 2048->4096:0.55
0.001,0.37,0.7,1,4.0,0.7062896987525195,False,4096,992.5010888587734,12,2:920 4:650 8:189 16:207 32:55 64:43 128:23 256:17 512:17 1024:7 2048:3 4096:2,2->4:0.71 4->8:0.29 8->16:1.09 16->32:0.27 32->64:0.78 64->128:0.54 128->256:0.73 256->512:0.97 512->1024:0.43 1024->2048:0.46 2048->4096:0.57
0.001,0.375,0.7,1,16.0,1.0888887276526587,False,4096,1012.2188347657614,12,2:1120 4:661 8:195 16:212 32:59 64:45 128:24 256:18 512:17 1024:7 2048:3 4096:2,2->4:0.59 4->8:0.29 8->16:1.09 16->32:0.28 32->64:0.75 64->128:0.54 128->256:0.73 256->512:0.97 512->1024:0.43 1024->2048:0.46 2048->4096:0.59
0.001,0.38,0.7,1,16.0,1.0852363284262483,False,4096,992.5010888587734,12,2:1190 4:673 8:200 16:217 32:64 64:46 128:39 256:18 512:18 1024:8 2048:3 4096:2,2->4:0.57 4->8:0.30 8->16:1.09 16->32:0.29 32->64:0.72 64->128:0.85 128->256:0.47 256->512:0.97 512->1024:0.43 1024->2048:0.46 2048->4096:0.67
0.001,0.385,0.7,1,4.0,0.7060270306113837,False,4096,1032.328307702589,12,2:1196 4:844 8:205 16:223 32:68 64:47 128:41 256:19 512:18 1024:8 2048:4 4096:2,2->4:0.71 4->8:0.24 8->16:1.08 16->32:0.30 32->64:0.70 64->128:0.85 128->256:0.47 256->512:0.97 512->1024:0.43 1024->2048:0.46 2048->4096:0.68
0.001,0.39,0.7,1,16.0,1.089712396654691,False,4096,1032.328307702589,12,2:1319 4:849 8:210 16:229 32:72 64:49 128:42 256:20 512:19 1024:8 2048:4 4096:3,2->4:0.64 4->8:0.25 8->16:1.09 16->32:0.31 32->64:0.68 64->128:0.86 128->256:0.47 256->512:0.97 512->1024:0.43 1024->2048:0.46 2048->4096:0.69
0.001,0.395,0.7,1,16.0,1.1001552795031058,False,4096,1032.328307702589,12,2:1334 4:853 8:215 16:237 32:79 64:53 128:44 256:20 512:20 1024:8 2048:4 4096:3,2->4:0.64 4->8:0.25 8->16:1.10 16->32:0.33 32->64:0.67 64->128:0.83 128->256:0.46 256->512:0.97 512->1024:0.43 1024->2048:0.46 2048->4096:0.70
0.001,0.4,0.7,1,16.0,1.1101186911463594,False,4096,1073.7537186074903,12,2:1423 4:858 8:220 16:245 32:90 64:63 128:45 256:21 512:20 1024:9 2048:4 4096:3,2->4:0.60 4->8:0.26 8->16:1.11 16->32:0.37 32->64:0.70 64->128:0.72 128->256:0.46 256->512:0.97 512->1024:0.43 1024->2048:0.46 2048->4096:0.71
0.001,0.405,0.7,1,16.0,0.8653663502037844,False,4096,1184.7365640555838,12,2:1455 4:862 8:294 16:255 32:93 64:73 128:47 256:22 512:21 1024:9 2048:4 4096:3,2->4:0.59 4->8:0.34 8->16:0.87 16->32:0.37 32->64:0.78 64->128:0.65 128->256:0.46 256->512:0.97 512->1024:0.43 1024->2048:0.46 2048->4096:0.72
0.001,0.41,0.7,1,16.0,0.9069449576643265,False,4096,1116.8414540421313,12,2:1465 4:866 8:297 16:269 32:96 64:75 128:49 256:22 512:22 1024:9 2048:4 4096:3,2->4:0.59 4->8:0.34 8->16:0.91 16->32:0.36 32->64:0.78 64->128:0.65 128->256:0.46 256->512:0.97 512->1024:0.43 1024->2048:0.46 2048->4096:0.76
0.001,0.415,0.7,1,16.0,1.0423421542324425,False,4096,1116.8414540421313,12,2:1475 4:871 8:299 16:312 32:99 64:80 128:51 256:23 512:22 1024:10 2048:4 4096:3,2->4:0.59 4->8:0.34 8->16:1.04 16->32:0.32 32->64:0.81 64->128:0.64 128->256:0.45 256->512:0.97 512->1024:0.43 1024->2048:0.46 2048->4096:0.79
0.001,0.42,0.7,1,512.0,0.9727085478887747,False,4096,1688.1203007410982,12,2:1823 4:1256 8:525 16:322 32:149 64:85 128:58 256:24 512:23 1024:10 2048:4 4096:4,2->4:0.69 4->8:0.42 8->16:0.61 16->32:0.46 32->64:0.57 64->128:0.68 128->256:0.41 256->512:0.97 512->1024:0.43 1024->2048:0.46 2048->4096:0.82
0.001,0.425,0.7,1,128.0,0.7134636350353476,False,4096,1862.6038822069752,12,2:2059 4:1264 8:617 16:373 32:164 64:90 128:64 256:24 512:24 1024:10 2048:5 4096:4,2->4:0.61 4->8:0.49 8->16:0.60 16->32:0.44 32->64:0.55 64->128:0.71 128->256:0.38 256->512:0.97 512->1024:0.44 1024->2048:0.45 2048->4096:0.85
0.001,0.43,0.7,1,128.0,0.7452610929870572,False,4096,1560.3775871276914,12,2:2068 4:1271 8:622 16:418 32:170 64:95 128:70 256:25 512:24 1024:12 2048:5 4096:5,2->4:0.61 4->8:0.49 8->16:0.67 16->32:0.41 32->64:0.55 64->128:0.75 128->256:0.35 256->512:0.97 512->1024:0.48 1024->2048:0.41 2048->4096:1.04
0.001,0.435,0.7,1,128.0,0.7665317988182807,False,4096,2015.0888167912847,12,2:2822 4:1682 8:716 16:424 32:212 64:99 128:76 256:32 512:25 1024:13 2048:5 4096:5,2->4:0.60 4->8:0.43 8->16:0.59 16->32:0.50 32->64:0.47 64->128:0.77 128->256:0.42 256->512:0.78 512->1024:0.52 1024->2048:0.37 2048->4096:1.03
0.001,0.44,0.7,1,512.0,0.778162504936272,False,4096,1899.6077207790377,12,2:3113 4:1691 8:723 16:443 32:214 64:115 128:80 256:34 512:27 1024:14 2048:5 4096:5,2->4:0.54 4->8:0.43 8->16:0.61 16->32:0.48 32->64:0.53 64->128:0.70 128->256:0.43 256->512:0.78 512->1024:0.54 1024->2048:0.38 2048->4096:0.98
0.001,0.445,0.7,1,512.0,0.7802574968981131,False,4096,1500.1782308009992,12,2:3120 4:1699 8:741 16:449 32:217 64:136 128:84 256:36 512:28 1024:16 2048:8 4096:6,2->4:0.54 4->8:0.44 8->16:0.61 16->32:0.48 32->64:0.63 64->128:0.62 128->256:0.43 256->512:0.78 512->1024:0.56 1024->2048:0.49 2048->4096:0.73
0.001,0.45,0.7,1,512.0,0.782109731969822,False,4096,1655.236179237726,12,2:3216 4:2236 8:946 16:469 32:220 64:153 128:88 256:39 512:30 1024:17 2048:8 4096:6,2->4:0.70 4->8:0.42 8->16:0.50 16->32:0.47 32->64:0.69 64->128:0.58 128->256:0.44 256->512:0.78 512->1024:0.57 1024->2048:0.48 2048->4096:0.72
0.001,0.455,0.7,1,64.0,0.7099014512536488,False,4096,1500.1782308009992,12,2:3220 4:2245 8:1019 16:473 32:223 64:158 128:92 256:41 512:32 1024:19 2048:9 4096:7,2->4:0.70 4->8:0.45 8->16:0.46 16->32:0.47 32->64:0.71 64->128:0.58 128->256:0.44 256->512:0.78 512->1024:0.58 1024->2048:0.47 2048->4096:0.74
0.001,0.46,0.7,1,4.0,1.1938177668418206,False,4096,2180.0571653195325,12,2:3225 4:3850 8:1222 16:663 32:337 64:164 128:96 256:43 512:34 1024:20 2048:9 4096:7,2->4:1.19 4->8:0.32 8->16:0.54 16->32:0.51 32->64:0.49 64->128:0.59 128->256:0.45 256->512:0.79 512->1024:0.59 1024->2048:0.46 2048->4096:0.72
0.001,0.465,0.7,1,4.0,0.7653720423412205,False,4096,2602.307911274175,12,2:5444 4:4167 8:1364 16:666 32:345 64:169 128:106 256:45 512:36 1024:21 2048:10 4096:7,2->4:0.77 4->8:0.33 8->16:0.49 16->32:0.52 32->64:0.49 64->128:0.63 128->256:0.43 256->512:0.79 512->1024:0.60 1024->2048:0.46 2048->4096:0.71
0.001,0.47,0.7,1,512.0,0.7877762121703838,False,4096,2405.3871858389903,12,2:6347 4:4223 8:1371 16:670 32:350 64:175 128:115 256:48 512:38 1024:22 2048:11 4096:7,2->4:0.67 4->8:0.32 8->16:0.49 16->32:0.52 32->64:0.50 64->128:0.66 128->256:0.41 256->512:0.79 512->1024:0.60 1024->2048:0.50 2048->4096:0.65
0.001,0.475,0.7,1,512.0,0.788874633646818,False,4096,2453.174350881631,12,2:6674 4:4645 8:1413 16:674 32:397 64:245 128:124 256:50 512:39 1024:23 2048:12 4096:8,2->4:0.70 4->8:0.30 8->16:0.48 16->32:0.59 32->64:0.62 64->128:0.51 128->256:0.40 256->512:0.79 512->1024:0.58 1024->2048:0.54 2048->4096:0.65
0.001,0.48,0.7,1,512.0,0.7116519638070553,False,4096,2815.349855087096,12,2:7499 4:4649 8:1418 16:824 32:423 64:287 128:130 256:58 512:41 1024:23 2048:13 4096:8,2->4:0.62 4->8:0.30 8->16:0.58 16->32:0.51 32->64:0.68 64->128:0.45 128->256:0.44 256->512:0.71 512->1024:0.57 1024->2048:0.54 2048->4096:0.65
0.001,0.485,0.7,1,4.0,0.7197871239559465,False,4096,3168.0563992209277,12,2:7866 4:5662 8:1423 16:875 32:475 64:292 128:136 256:66 512:43 1024:24 2048:13 4096:8,2->4:0.72 4->8:0.25 8->16:0.61 16->32:0.54 32->64:0.61 64->128:0.46 128->256:0.49 256->512:0.65 512->1024:0.55 1024->2048:0.55 2048->4096:0.64
0.001,0.49,0.7,1,4.0,0.719650175914253,False,4096,3360.649123081098,12,2:7873 4:5666 8:1475 16:1043 32:499 64:297 128:141 256:74 512:45 1024:24 2048:13 4096:9,2->4:0.72 4->8:0.26 8->16:0.71 16->32:0.48 32->64:0.60 64->128:0.48 128->256:0.53 256->512:0.60 512->1024:0.54 1024->2048:0.55 2048->4096:0.64
0.001,0.495,0.7,1,,,True,4096,3856.8000754877744,11,4:5670 8:1847 16:1067 32:543 64:303 128:147 256:80 512:47 1024:25 2048:14 4096:9,4->8:0.33 8->16:0.58 16->32:0.51 32->64:0.56 64->128:0.48 128->256:0.54 256->512:0.58 512->1024:0.53 1024->2048:0.55 2048->4096:0.64
0.001,0.5,0.7,1,,,True,4096,4472.538327571059,11,4:5674 8:2294 16:1074 32:549 64:309 128:191 256:85 512:48 1024:26 2048:14 4096:9,4->8:0.40 8->16:0.47 16->32:0.51 32->64:0.56 64->128:0.62 128->256:0.44 256->512:0.57 512->1024:0.54 1024->2048:0.54 2048->4096:0.63
0.001,0.505,0.7,1,512.0,0.8947583947583951,False,4096,4906.348701763262,11,4:6240 8:2577 16:1224 32:599 64:315 128:195 256:90 512:80 1024:28 2048:14 4096:10,4->8:0.41 8->16:0.48 16->32:0.49 32->64:0.53 64->128:0.62 128->256:0.46 256->512:0.89 512->1024:0.35 1024->2048:0.51 2048->4096:0.66
0.001,0.51,0.7,1,512.0,0.8777540867093108,False,4096,3786.0492490192732,11,4:6246 8:2588 16:1278 32:722 64:321 128:199 256:95 512:83 1024:30 2048:15 4096:12,4->8:0.41 8->16:0.49 16->32:0.57 32->64:0.45 64->128:0.62 128->256:0.48 256->512:0.88 512->1024:0.36 1024->2048:0.49 2048->4096:0.81
0.001,0.515,0.7,1,512.0,0.8624708624708627,False,4096,3387.981662121582,11,4:6770 8:2600 16:1290 32:788 64:373 128:216 256:100 512:86 1024:32 2048:19 4096:12,4->8:0.38 8->16:0.50 16->32:0.61 32->64:0.47 64->128:0.58 128->256:0.46 256->512:0.86 512->1024:0.37 1024->2048:0.60 2048->4096:0.64
0.001,0.52,0.7,1,512.0,0.7502871768001453,False,4096,4077.084672845039,11,4:6775 8:2820 16:1660 32:793 64:456 128:220 256:119 512:89 1024:34 2048:20 4096:13,4->8:0.42 8->16:0.59 16->32:0.48 32->64:0.57 64->128:0.48 128->256:0.54 256->512:0.75 512->1024:0.38 1024->2048:0.58 2048->4096:0.64
0.001,0.525,0.7,1,512.0,0.7531031060442828,False,4096,3387.981662121582,11,4:8292 8:2922 16:1673 32:797 64:463 128:224 256:122 512:92 1024:36 2048:27 4096:13,4->8:0.35 8->16:0.57 16->32:0.48 32->64:0.58 64->128:0.48 128->256:0.55 256->512:0.75 512->1024:0.39 1024->2048:0.76 2048->4096:0.47
0.001,0.53,0.7,1,512.0,0.7528705862039198,False,4096,3856.8000754877744,11,4:8295 8:3247 16:1900 32:968 64:470 128:240 256:126 512:95 1024:38 2048:28 4096:13,4->8:0.39 8->16:0.59 16->32:0.51 32->64:0.49 64->128:0.51 128->256:0.53 256->512:0.75 512->1024:0.40 1024->2048:0.75 2048->4096:0.46
0.001,0.535,0.7,1,512.0,0.7416300513645647,False,4096,4309.9510226611,11,4:8298 8:3906 16:2087 32:1049 64:488 128:255 256:132 512:98 1024:40 2048:29 4096:13,4->8:0.47 8->16:0.53 16->32:0.50 32->64:0.47 64->128:0.52 128->256:0.52 256->512:0.74 512->1024:0.41 1024->2048:0.73 2048->4096:0.46
0.001,0.54,0.7,1,512.0,0.7385790814086243,False,4096,4370.216837706921,10,8:3911 16:2095 32:1069 64:544 128:263 256:138 512:102 1024:42 2048:31 4096:14,8->16:0.54 16->32:0.51 32->64:0.51 64->128:0.48 128->256:0.52 256->512:0.74 512->1024:0.41 1024->2048:0.73 2048->4096:0.45
0.001,0.545,0.7,1,512.0,0.7536290492438608,False,4096,4077.084672845039,10,8:3916 16:2223 32:1194 64:549 128:271 256:144 512:108 1024:44 2048:32 4096:15,8->16:0.57 16->32:0.54 32->64:0.46 64->128:0.49 128->256:0.53 256->512:0.75 512->1024:0.40 1024->2048:0.74 2048->4096:0.46
0.001,0.55,0.7,1,512.0,0.7675032383419694,False,4096,3310.472358475448,10,8:3920 16:2271 32:1215 64:599 128:336 256:150 512:115 1024:46 2048:34 4096:18,8->16:0.58 16->32:0.54 32->64:0.49 64->128:0.56 128->256:0.45 256->512:0.77 512->1024:0.40 1024->2048:0.75 2048->4096:0.54
0.01,0.3,0.7,1,16.0,1.8143768243714835,False,4096,3197.520507233149,10,8:104 16:188 32:42 64:35 128:11 256:7 512:8 1024:3 2048:2 4096:1,8->16:1.81 16->32:0.22 32->64:0.83 64->128:0.30 128->256:0.70 256->512:1.04 512->1024:0.37 1024->2048:0.61 2048->4096:0.40
0.01,0.305,0.7,1,16.0,1.7960675030471263,False,4096,3035.277462893116,10,8:107 16:193 32:45 64:37 128:11 256:8 512:8 1024:3 2048:2 4096:1,8->16:1.80 16->32:0.23 32->64:0.82 64->128:0.31 128->256:0.70 256->512:1.04 512->1024:0.37 1024->2048:0.61 2048->4096:0.40
0.01,0.31,0.7,1,16.0,1.7789978107900912,False,4096,2831.6863170310744,10,8:111 16:198 32:48 64:39 128:12 256:9 512:9 1024:3 2048:2 4096:1,8->16:1.78 16->32:0.24 32->64:0.82 64->128:0.32 128->256:0.70 256->512:1.04 512->1024:0.37 1024->2048:0.61 2048->4096:0.40
0.01,0.315,0.7,1,16.0,1.7570551773503296,False,4096,2688.0057971870688,10,8:115 16:202 32:51 64:41 128:13 256:9 512:10 1024:4 2048:2 4096:1,8->16:1.76 16->32:0.25 32->64:0.81 64->128:0.32 128->256:0.70 256->512:1.04 512->1024:0.37 1024->2048:0.61 2048->4096:0.40
0.01,0.32,0.7,1,16.0,1.7319461444308444,False,4096,2551.615665285566,10,8:119 16:206 32:54 64:43 128:14 256:10 512:10 1024:4 2048:2 4096:1,8->16:1.73 16->32:0.26 32->64:0.81 64->128:0.33 128->256:0.70 256->512:1.04 512->1024:0.37 1024->2048:0.61 2048->4096:0.40
0.01,0.325,0.7,1,16.0,1.7083803833564413,False,4096,2422.146005095689,10,8:123 16:209 32:56 64:46 128:15 256:11 512:11 1024:4 2048:2 4096:1,8->16:1.71 16->32:0.27 32->64:0.81 64->128:0.33 128->256:0.70 256->512:1.04 512->1024:0.37 1024->2048:0.61 2048->4096:0.40
0.01,0.33,0.7,1,16.0,1.6704675028506266,False,4096,2299.245670034876,10,8:127 16:213 32:59 64:48 128:16 256:11 512:12 1024:4 2048:3 4096:1,8->16:1.67 16->32:0.28 32->64:0.81 64->128:0.33 128->256:0.70 256->512:1.04 512->1024:0.37 1024->2048:0.61 2048->4096:0.40
0.01,0.335,0.7,1,16.0,1.6073354908306359,False,4096,2220.7964257068315,10,8:135 16:217 32:61 64:50 128:17 256:12 512:12 1024:5 2048:3 4096:1,8->16:1.61 16->32:0.28 32->64:0.81 64->128:0.34 128->256:0.70 256->512:1.04 512->1024:0.37 1024->2048:0.61 2048->4096:0.40
0.01,0.34,0.7,1,16.0,1.5506653019447283,False,4096,2182.581330791941,10,8:142 16:220 32:64 64:52 128:18 256:12 512:13 1024:5 2048:3 4096:1,8->16:1.55 16->32:0.29 32->64:0.81 64->128:0.34 128->256:0.70 256->512:1.04 512->1024:0.37 1024->2048:0.61 2048->4096:0.40
0.01,0.345,0.7,1,16.0,1.4995131450827652,False,4096,2108.112622068643,10,8:149 16:224 32:67 64:53 128:19 256:13 512:14 1024:5 2048:3 4096:1,8->16:1.50 16->32:0.30 32->64:0.80 64->128:0.35 128->256:0.70 256->512:1.04 512->1024:0.37 1024->2048:0.61 2048->4096:0.40
0.01,0.35,0.7,1,16.0,1.5648523165069637,False,4096,2071.8365712739446,10,8:154 16:241 32:69 64:55 128:20 256:14 512:14 1024:5 2048:3 4096:1,8->16:1.56 16->32:0.29 32->64:0.79 64->128:0.36 128->256:0.70 256->512:1.04 512->1024:0.37 1024->2048:0.61 2048->4096:0.40
0.01,0.355,0.7,1,16.0,1.6185961617690736,False,4096,2071.8365712739446,10,8:159 16:257 32:72 64:57 128:21 256:14 512:15 1024:5 2048:3 4096:1,8->16:1.62 16->32:0.28 32->64:0.79 64->128:0.36 128->256:0.70 256->512:1.04 512->1024:0.37 1024->2048:0.61 2048->4096:0.40
0.01,0.36,0.7,1,16.0,1.6390967285060702,False,4096,2036.184752717827,10,8:163 16:267 32:75 64:59 128:21 256:15 512:16 1024:6 2048:3 4096:1,8->16:1.64 16->32:0.28 32->64:0.78 64->128:0.37 128->256:0.70 256->512:1.04 512->1024:0.37 1024->2048:0.61 2048->4096:0.40
0.01,0.365,0.7,1,16.0,1.662060862802204,False,4096,2001.1464247159267,10,8:167 16:278 32:77 64:60 128:22 256:16 512:16 1024:6 2048:4 4096:1,8->16:1.66 16->32:0.28 32->64:0.78 64->128:0.37 128->256:0.70 256->512:1.04 512->1024:0.37 1024->2048:0.61 2048->4096:0.40
0.01,0.37,0.7,1,16.0,1.693697855949458,False,4096,1966.7110304249925,10,8:172 16:291 32:80 64:62 128:23 256:16 512:17 1024:6 2048:4 4096:2,8->16:1.69 16->32:0.27 32->64:0.77 64->128:0.38 128->256:0.70 256->512:1.04 512->1024:0.37 1024->2048:0.61 2048->4096:0.41
0.01,0.375,0.7,1,16.0,1.3639300985824478,False,4096,2145.023834863815,10,8:221 16:302 32:83 64:64 128:24 256:17 512:18 1024:6 2048:4 4096:2,8->16:1.36 16->32:0.27 32->64:0.77 64->128:0.38 128->256:0.70 256->512:1.04 512->1024:0.37 1024->2048:0.61 2048->4096:0.41
0.01,0.38,0.7,1,16.0,1.155654297953823,False,4096,2299.245670034876,10,8:265 16:306 32:85 64:65 128:25 256:18 512:18 1024:7 2048:4 4096:2,8->16:1.16 16->32:0.28 32->64:0.76 64->128:0.39 128->256:0.70 256->512:1.04 512->1024:0.37 1024->2048:0.61 2048->4096:0.41
0.01,0.385,0.7,1,16.0,1.1537775895323634,False,4096,2299.245670034876,10,8:270 16:311 32:88 64:67 128:29 256:18 512:19 1024:7 2048:4 4096:2,8->16:1.15 16->32:0.28 32->64:0.76 64->128:0.43 128->256:0.63 256->512:1.04 512->1024:0.37 1024->2048:0.61 2048->4096:0.41
0.01,0.39,0.7,1,16.0,1.1519644337157624,False,4096,2299.245670034876,10,8:274 16:316 32:91 64:69 128:32 256:19 512:20 1024:7 2048:4 4096:2,8->16:1.15 16->32:0.29 32->64:0.76 64->128:0.47 128->256:0.58 256->512:1.04 512->1024:0.37 1024->2048:0.61 2048->4096:0.41
0.01,0.395,0.7,1,16.0,0.8832792886551062,False,4096,2641.751041243563,10,8:363 16:321 32:93 64:70 128:36 256:19 512:20 1024:7 2048:5 4096:2,8->16:0.88 16->32:0.29 32->64:0.75 64->128:0.51 128->256:0.54 256->512:1.04 512->1024:0.37 1024->2048:0.61 2048->4096:0.41
0.01,0.4,0.7,1,16.0,1.1033163123407759,False,4096,2983.046913980664,10,8:367 16:405 32:96 64:72 128:39 256:20 512:21 1024:8 2048:5 4096:2,8->16:1.10 16->32:0.24 32->64:0.75 64->128:0.55 128->256:0.51 256->512:1.04 512->1024:0.37 1024->2048:0.61 2048->4096:0.41
0.01,0.405,0.7,1,16.0,1.1054113490732125,False,4096,2931.7151396524255,10,8:371 16:410 32:99 64:74 128:43 256:21 512:22 1024:8 2048:5 4096:2,8->16:1.11 16->32:0.24 32->64:0.75 64->128:0.58 128->256:0.48 256->512:1.04 512->1024:0.37 1024->2048:0.61 2048->4096:0.41
0.01,0.41,0.7,1,16.0,0.8942618199884078,False,4096,2735.0704335523064,10,8:464 16:415 32:211 64:76 128:46 256:21 512:22 1024:8 2048:5 4096:3,8->16:0.89 16->32:0.51 32->64:0.36 64->128:0.61 128->256:0.46 256->512:1.04 512->1024:0.37 1024->2048:0.61 2048->4096:0.60
0.01,0.415,0.7,1,16.0,0.8892041116592626,False,4096,2422.146005095689,10,8:473 16:420 32:215 64:80 128:50 256:22 512:23 1024:8 2048:6 4096:3,8->16:0.89 16->32:0.51 32->64:0.37 64->128:0.62 128->256:0.44 256->512:1.04 512->1024:0.37 1024->2048:0.69 2048->4096:0.55
0.01,0.42,0.7,1,512.0,1.0394944707740916,False,4096,2983.046913980664,10,8:861 16:431 32:219 64:84 128:57 256:23 512:24 1024:9 2048:6 4096:3,8->16:0.50 16->32:0.51 32->64:0.39 64->128:0.68 128->256:0.40 256->512:1.04 512->1024:0.37 1024->2048:0.73 2048->4096:0.53
0.01,0.425,0.7,1,128.0,0.7259230061752724,False,4096,2983.046913980664,10,8:866 16:496 32:222 64:88 128:64 256:23 512:24 1024:9 2048:7 4096:4,8->16:0.57 16->32:0.45 32->64:0.40 64->128:0.73 128->256:0.36 256->512:1.04 512->1024:0.37 1024->2048:0.78 2048->4096:0.52
0.01,0.43,0.7,1,128.0,0.7717082148234901,False,4096,3142.498107042942,10,8:871 16:566 32:257 64:93 128:72 256:24 512:25 1024:9 2048:7 4096:4,8->16:0.65 16->32:0.45 32->64:0.36 64->128:0.77 128->256:0.33 256->512:1.04 512->1024:0.37 1024->2048:0.81 2048->4096:0.50
0.01,0.435,0.7,1,128.0,0.7985860492661893,False,4096,3035.277462893116,10,8:922 16:570 32:266 64:97 128:77 256:25 512:27 1024:9 2048:8 4096:4,8->16:0.62 16->32:0.47 32->64:0.36 64->128:0.80 128->256:0.32 256->512:1.08 512->1024:0.35 1024->2048:0.85 2048->4096:0.49
0.01,0.44,0.7,1,512.0,1.0187302508052345,False,4096,4006.9268790259916,10,8:1092 16:603 32:312 64:143 128:82 256:28 512:29 1024:10 2048:8 4096:4,8->16:0.55 16->32:0.52 32->64:0.46 64->128:0.57 128->256:0.34 256->512:1.02 512->1024:0.34 1024->2048:0.89 2048->4096:0.49
0.01,0.445,0.7,1,512.0,0.7491288104731111,False,4096,4077.084672845039,10,8:1122 16:613 32:314 64:148 128:86 256:41 512:31 1024:10 2048:9 4096:4,8->16:0.55 16->32:0.51 32->64:0.47 64->128:0.58 128->256:0.47 256->512:0.75 512->1024:0.32 1024->2048:0.92 2048->4096:0.48
0.01,0.45,0.7,1,2048.0,0.9121830550401978,False,4096,5289.619552130662,10,8:1573 16:624 32:316 64:189 128:91 256:52 512:33 1024:10 2048:10 4096:5,8->16:0.40 16->32:0.51 32->64:0.60 64->128:0.48 128->256:0.57 256->512:0.63 512->1024:0.32 1024->2048:0.91 2048->4096:0.48
0.01,0.455,0.7,1,2048.0,0.8369863013698625,False,4096,5109.140074858794,10,8:1620 16:680 32:319 64:195 128:95 256:58 512:35 1024:12 2048:10 4096:5,8->16:0.42 16->32:0.47 32->64:0.61 64->128:0.49 128->256:0.61 256->512:0.60 512->1024:0.35 1024->2048:0.84 2048->4096:0.47
0.01,0.46,0.7,1,64.0,0.7491121354087958,False,4096,3368.4358412595493,10,8:1623 16:690 32:321 64:241 128:100 256:64 512:37 1024:14 2048:11 4096:7,8->16:0.43 16->32:0.47 32->64:0.75 64->128:0.41 128->256:0.64 256->512:0.58 512->1024:0.37 1024->2048:0.80 2048->4096:0.59
0.01,0.465,0.7,1,64.0,0.8251170486458377,False,4096,4077.084672845039,10,8:1799 16:918 32:324 64:267 128:131 256:70 512:39 1024:16 2048:12 4096:7,8->16:0.51 16->32:0.35 32->64:0.83 64->128:0.49 128->256:0.54 256->512:0.56 512->1024:0.40 1024->2048:0.76 2048->4096:0.58
0.01,0.47,0.7,1,2048.0,0.7388349514563105,False,4096,4446.735521751114,10,8:1932 16:931 32:467 64:271 128:138 256:76 512:41 1024:17 2048:13 4096:7,8->16:0.48 16->32:0.50 32->64:0.58 64->128:0.51 128->256:0.55 256->512:0.54 512->1024:0.42 1024->2048:0.74 2048->4096:0.58
0.01,0.475,0.7,1,2048.0,0.7176991150442478,False,4096,4077.084672845039,10,8:1943 16:979 32:475 64:314 128:146 256:81 512:43 1024:19 2048:14 4096:8,8->16:0.50 16->32:0.48 32->64:0.66 64->128:0.46 128->256:0.55 256->512:0.53 512->1024:0.44 1024->2048:0.72 2048->4096:0.60
0.01,0.48,0.7,1,2048.0,0.7041965389369591,False,4096,4221.106974008622,10,8:2124 16:989 32:589 64:322 128:152 256:86 512:45 1024:20 2048:14 4096:9,8->16:0.47 16->32:0.59 32->64:0.55 64->128:0.47 128->256:0.56 256->512:0.53 512->1024:0.45 1024->2048:0.70 2048->4096:0.59
0.01,0.485,0.7,1,2048.0,0.7080265045888945,False,4096,4077.084672845039,10,8:2240 16:1000 32:592 64:363 128:157 256:91 512:47 1024:22 2048:15 4096:9,8->16:0.45 16->32:0.59 32->64:0.61 64->128:0.43 128->256:0.58 256->512:0.52 512->1024:0.46 1024->2048:0.71 2048->4096:0.59
0.01,0.49,0.7,1,2048.0,0.7325613375291016,False,4096,3548.4870201817957,10,8:2247 16:1125 32:596 64:397 128:162 256:96 512:49 1024:23 2048:17 4096:10,8->16:0.50 16->32:0.53 32->64:0.67 64->128:0.41 128->256:0.59 256->512:0.52 512->1024:0.46 1024->2048:0.73 2048->4096:0.61
0.01,0.495,0.7,1,2048.0,0.7545377937289328,False,4096,3937.976348834889,10,8:2824 16:1345 32:599 64:407 128:167 256:100 512:53 1024:24 2048:18 4096:11,8->16:0.48 16->32:0.45 32->64:0.68 64->128:0.41 128->256:0.60 256->512:0.52 512->1024:0.46 1024->2048:0.75 2048->4096:0.58
0.01,0.5,0.7,1,2048.0,0.7743362066978587,False,4096,4295.014874429961,10,8:3245 16:1349 32:716 64:422 128:172 256:106 512:56 1024:25 2048:20 4096:11,8->16:0.42 16->32:0.53 32->64:0.59 64->128:0.41 128->256:0.62 256->512:0.53 512->1024:0.45 1024->2048:0.77 2048->4096:0.55
0.01,0.505,0.7,1,2048.0,0.8192296338003937,False,4096,4849.900943216122,10,8:3250 16:1499 32:720 64:464 128:238 256:111 512:60 1024:27 2048:22 4096:11,8->16:0.46 16->32:0.48 32->64:0.64 64->128:0.51 128->256:0.47 256->512:0.54 512->1024:0.45 1024->2048:0.82 2048->4096:0.50
0.01,0.51,0.7,1,2048.0,0.800823116716793,False,4096,5973.001632162638,10,8:3646 16:1748 32:967 64:474 128:242 256:116 512:63 1024:28 2048:22 4096:12,8->16:0.48 16->32:0.55 32->64:0.49 64->128:0.51 128->256:0.48 256->512:0.54 512->1024:0.44 1024->2048:0.80 2048->4096:0.52
0.01,0.515,0.7,1,2048.0,0.7840047374316046,False,4096,5320.313310618746,9,16:1875 32:975 64:565 128:245 256:122 512:67 1024:29 2048:23 4096:14,16->32:0.52 32->64:0.58 64->128:0.43 128->256:0.50 256->512:0.55 512->1024:0.44 1024->2048:0.78 2048->4096:0.59
0.01,0.52,0.7,1,2048.0,0.7608496027468358,False,4096,6461.99060714163,9,16:2099 32:1147 64:572 128:249 256:142 512:70 1024:31 2048:23 4096:14,16->32:0.55 32->64:0.50 64->128:0.44 128->256:0.57 256->512:0.49 512->1024:0.44 1024->2048:0.76 2048->4096:0.59
0.01,0.525,0.7,1,2048.0,0.7275671810633709,False,4096,7476.324754750421,8,16:2167 32:1194 64:627 256:145 512:74 1024:33 2048:24 4096:14,16->32:0.55 32->64:0.53 64->256:0.48 256->512:0.51 512->1024:0.45 1024->2048:0.73 2048->4096:0.58
0.01,0.53,0.7,1,4096.0,1.2239571328664438,False,4096,2828.4114586194755,8,16:2292 32:1329 64:654 256:149 512:100 1024:35 2048:24 4096:30,16->32:0.58 32->64:0.49 64->256:0.48 256->512:0.67 512->1024:0.35 1024->2048:0.70 2048->4096:1.22
0.01,0.535,0.7,1,,,True,2048,14987.295217364832,7,16:2298 32:1348 64:661 256:213 512:108 1024:37 2048:25,16->32:0.59 32->64:0.49 64->256:0.57 256->512:0.51 512->1024:0.34 1024->2048:0.67
0.01,0.54,0.7,1,2048.0,0.8427357811375086,False,2048,4923.410796686255,7,16:2439 32:1389 64:667 256:223 512:116 1024:39 2048:33,16->32:0.57 32->64:0.48 64->256:0.58 256->512:0.52 512->1024:0.34 1024->2048:0.84
0.01,0.545,0.7,1,2048.0,0.8680217856448154,False,2048,4431.325346426996,7,16:2796 32:1410 64:674 256:229 512:123 1024:42 2048:36,16->32:0.50 32->64:0.48 64->256:0.58 256->512:0.54 512->1024:0.34 1024->2048:0.87
0.01,0.55,0.7,1,2048.0,0.8782403049158496,False,2048,5470.140867104606,7,16:3327 32:1570 64:764 256:233 512:144 1024:44 2048:39,16->32:0.47 32->64:0.49 64->256:0.55 256->512:0.62 512->1024:0.31 1024->2048:0.88
