k,role,lr,run,steps,gnorm_logged,gnorm_true,eps_over_sqrtv,eff_lr
8,plain,1e-05,n8_bsz128_lr1e-5,818,0.00545408483594656,0.04363267868757248,0.07150603845206145,9.332658558272227e-06
16,plain,1e-05,n16_bsz128_lr1e-5,1310,0.0023389713605865836,0.03742354176938534,0.16673996380280307,8.570890095687297e-06
2,plain,1e-05,n2_bsz128_lr1e-5,2084,0.022853937931358814,0.04570787586271763,0.017064892762523223,9.832214317061206e-06
4,plain,1e-05,n4_bsz128_lr1e-5,824,0.013370446860790253,0.05348178744316101,0.029168808197705162,9.716578971638425e-06
8,plain,1e-05,n8_bsz128_lr1e-5_seed123,1217,0.005616488168016076,0.04493190534412861,0.06943840854520317,9.350702125616915e-06
8,plain,3e-06,n8_bsz128_lr3e-6,2084,0.005833364324644208,0.046666914597153664,0.06685678766065878,2.8119987937445895e-06
2,plain,3e-06,n2_bsz128_lr3e-6,2084,0.02312680333852768,0.04625360667705536,0.016863549808039686,2.950248340169466e-06
4,plain,3e-06,n4_bsz128_lr3e-6,2084,0.013523410074412823,0.05409364029765129,0.028838879975835792,2.9159084657361127e-06
16,plain,3e-06,n16_bsz128_lr3e-6,2084,0.0024535813136026263,0.03925730101764202,0.15895132467705247,2.5885470218828778e-06
16,plain,1e-05,n16_bsz128_lr1e-5_kl1e-3_v2,968,0.0021783612901344895,0.03485378064215183,0.17903366249035846,8.481522044822682e-06
16,plain_fixed,1e-05,n16_bsz128_lr1e-5_kl1e-3_updated_scaling,1293,0.0361670833081007,0.0361670833081007,0.010783285914367549,9.893317528449111e-06
16,downsample,1e-05,downsample_n64_dsk16_bsz128_lr1e-5_kl1e-3_updated_scaling,969,0.042489174753427505,0.042489174753427505,0.009178808538015663,9.909046757023042e-06
2,downsample,1e-05,downsample_n64_dsk2_bsz128_lr1e-5_kl1e-3_updated_scaling,629,0.11060422286391258,0.11060422286391258,0.003526085983894629,9.96486303611692e-06
4,downsample,1e-05,downsample_n64_dsk4_bsz128_lr1e-5_kl1e-3_updated_scaling,941,0.08418597280979156,0.08418597280979156,0.00463260074075713,9.953887612871201e-06
8,downsample,1e-05,downsample_n64_dsk8_bsz128_lr1e-5_kl1e-3_updated_scaling,641,0.060742830857634544,0.060742830857634544,0.0064205107745811014,9.936204492000669e-06
2,downsample,1e-05,downsample_n64_dsk2_bsz128_lr1e-5_kl0.001_updated_scaling,204,0.11026142537593842,0.11026142537593842,0.0035370484162551646,9.964754182002178e-06
4,downsample,3e-06,downsample_n64_dsk4_bsz128_lr3e-6_kl0.001_updated_scaling,203,0.0899437889456749,0.0899437889456749,0.004336041482926141,2.9870480358052554e-06
4,downsample,3e-06,downsample_n64_dsk4_bsz128_lr3e-6_kl0.001_updated_scaling,573,0.08081821352243423,0.08081821352243423,0.0048256449010932465,2.9855925903396855e-06
2,downsample,1e-05,downsample_n64_dsk2_bsz128_lr1e-5_kl0.001_updated_scaling,525,0.11246993392705917,0.11246993392705917,0.003467593394808333,9.965443892581751e-06
16,downsample,3e-06,downsample_n64_dsk16_bsz128_lr3e-6_kl0.001_updated_scaling,473,0.0444672554731369,0.0444672554731369,0.008770498557879354,2.973917262934183e-06
8,downsample,1e-05,downsample_n64_dsk8_bsz128_lr1e-5_kl0.001_updated_scaling,423,0.059332225471735,0.059332225471735,0.006573156440689895,9.934697677971734e-06
16,downsample,1e-05,downsample_n64_dsk16_bsz128_lr1e-5_kl0.001_updated_scaling,250,0.04015393555164337,0.04015393555164337,0.009712622054154752,9.90380805546042e-06
4,downsample,1e-05,downsample_n64_dsk4_bsz128_lr1e-5_kl0.001_updated_scaling,593,0.0809670053422451,0.0809670053422451,0.004816776887714714,9.952063132319168e-06
2,downsample,1e-05,downsample_n64_dsk2_bsz128_lr1e-5_kl0.001_updated_scaling,544,0.12936167418956757,0.12936167418956757,0.0030148032826824048,9.969942584368492e-06
8,downsample,3e-06,downsample_n64_dsk8_bsz128_lr3e-6_kl0.001_updated_scaling,353,0.056852199137210846,0.056852199137210846,0.006859892949061624,2.9795605337035453e-06
