series,B,K,seqs_per_step,steps,total_seqs,total_prompt_draws,best_lr
prompts,4,16,64,5674.11,363143,22696,1e-06
prompts,8,16,128,2293.75,293600,18350,3e-06
prompts,16,16,256,1073.61,274844,17178,4e-06
prompts,32,16,512,548.68,280926,17558,6e-06
prompts,64,16,1024,309.21,316632,19789,6e-06
prompts,128,16,2048,171.88,352000,22000,1e-05
prompts,256,16,4096,84.78,347270,21704,2e-05
prompts,512,16,8192,48.44,396800,24800,2e-05
prompts,1024,16,16384,25.41,416242,26015,3e-05
prompts,2048,16,32768,14.10,462176,28886,3e-05
prompts,4096,16,65536,8.92,584783,36549,5e-05
prompts,8192,16,131072,6.74,883011,55188,5e-05
rollouts,128,2,256,1517.00,388352,194176,3e-06
rollouts,128,4,512,771.43,394971,98743,3e-06
rollouts,128,8,1024,288.83,295762,36970,1e-05
rollouts,128,16,2048,171.88,352000,22000,1e-05
rollouts,128,32,4096,125.00,512000,16000,1e-05
rollouts,128,64,8192,86.96,712348,11130,1e-05
rollouts,128,128,16384,61.76,1011953,7906,1e-05
prompts64,8,64,512,1283.93,657371,10271,2.5e-06
prompts64,16,64,1024,586.96,601043,9391,3.5e-06
prompts64,32,64,2048,364.47,746442,11663,5e-06
prompts64,64,64,4096,163.16,668295,10442,7e-06
prompts64,128,64,8192,86.96,712348,11130,1e-05
prompts64,256,64,16384,49.61,812800,12700,1.4e-05
prompts64,512,64,32768,29.13,954368,14912,2e-05
prompts64,1024,64,65536,15.00,983040,15360,2.8e-05
prompts64,2048,64,131072,8.75,1146880,17920,4e-05
prompts64,4096,64,262144,7.53,1974818,30857,5.6e-05
