id,name,user,state,created,first_step,last_step,runtime_s,gpuh,gpuh_slurm,cat,fixed,figure_source
2rk2n06n,n16_bsz128_lr1e-5_kl1e-2_updated_scaling,cmohri,crashed,2026-09-17T14:34:50,1.0,262.0,16227.427604285,18.03047511587222,18.85574128360441,"B=128, n=16 (shared point)",True,lr_scaling/lr_slope/steps_vs_seqs
wqa03xhe,n16_bsz128_lr1e-5_kl1e-3_v2,cmohri,crashed,2026-09-01T19:55:20,1.0,968.0,89544.068607736,99.49340956415111,104.04728539370903,"B=128, n=16 (shared point)",False,lr_scaling/lr_slope/steps_vs_seqs
36eloqng,n16_bsz128_lr1e-6,rachitbansal,crashed,2026-08-06T13:09:48,1.0,754.0,89755.156639695,99.72795182188332,104.2925627978512,"B=128, n=16 (shared point)",False,lr_scaling/lr_slope/steps_vs_seqs
dhoy995w,n16_bsz128_lr2e-5_kl1e-2_updated_scaling,cmohri,crashed,2026-09-17T14:35:17,1.0,640.0,39198.76949141,43.554188323788885,45.547690871873044,"B=128, n=16 (shared point)",True,lr_scaling/lr_slope/steps_vs_seqs
kj48c59y,n16_bsz128_lr3.2e-5,cmohri,crashed,2026-06-07T12:22:04,1.0,1003.0,89570.306006391,99.52256222932333,104.0777723946717,"B=128, n=16 (shared point)",False,lr_scaling/lr_slope/steps_vs_seqs
5r5ntwc4,n16_bsz128_lr3e-6,rachitbansal,crashed,2026-06-12T19:36:45,1.0,2083.0,146369.39146683,162.63265718536667,170.0764560248837,"B=128, n=16 (shared point)",False,lr_scaling/lr_slope/steps_vs_seqs
j29kdkdf,n16_bsz128_lr5e-6_kl1e-2_updated_scaling,cmohri,crashed,2026-09-20T03:12:15,1.0,998.0,63430.474799046,70.47830533227334,73.70414162200167,"B=128, n=16 (shared point)",True,lr_scaling/lr_slope/steps_vs_seqs
y82q06x7,n16_bsz1024_lr1e-4_kl1e-2_updated_scaling,cmohri,crashed,2026-09-16T01:10:53,1.0,156.0,63587.976756191,70.65330750687889,73.88715375602612,batch sweep KL 1e-2,True,lr_scaling/lr_slope/steps_vs_seqs
s7pl70zw,n16_bsz1024_lr2e-5_kl1e-2_updated_scaling,cmohri,crashed,2026-09-17T14:06:19,1.0,42.0,17927.892720269,19.919880800298888,20.831626252601097,batch sweep KL 1e-2,True,lr_scaling/lr_slope/steps_vs_seqs
m11xpgkx,n16_bsz1024_lr3e-5_kl1e-2_updated_scaling,cmohri,crashed,2026-09-18T01:58:32,1.0,94.0,39624.027340667,44.02669704518556,46.041826614145265,batch sweep KL 1e-2,True,lr_scaling/lr_slope/steps_vs_seqs
ecxgpeul,n16_bsz1024_lr5e-5_kl1e-2_updated_scaling,cmohri,crashed,2026-09-16T01:10:34,1.0,102.0,42252.737565001,46.94748618333445,49.09630210516636,batch sweep KL 1e-2,True,lr_scaling/lr_slope/steps_vs_seqs
c9yh8xpt,n16_bsz16_lr2e-6_kl0.01_updated_scaling,cmohri,crashed,2026-09-21T14:39:44,1.0,2077.0,37794.262574078,41.99362508230889,43.915699670923125,batch sweep KL 1e-2,True,lr_scaling/lr_slope/steps_vs_seqs
nib15r5j,n16_bsz16_lr3e-6_kl0.01_updated_scaling,cmohri,finished,2026-09-21T02:22:14,1.0,1925.0,34556.971638816,38.39663515424,40.15407325522805,batch sweep KL 1e-2,True,lr_scaling/lr_slope/steps_vs_seqs
spc06zkf,n16_bsz16_lr4e-6_kl1e-2,cmohri,crashed,2026-09-06T21:03:26,1.0,4552.0,85992.809809925,95.54756645547222,99.92083856827587,batch sweep KL 1e-2,False,lr_scaling/lr_slope/steps_vs_seqs
0wgxs9y7,n16_bsz16_lr6e-6_kl0.01_updated_scaling,cmohri,crashed,2026-09-21T02:27:47,1.0,2392.0,43472.53041964,48.30281157737778,50.51366159352968,batch sweep KL 1e-2,True,lr_scaling/lr_slope/steps_vs_seqs
6otcrqz3,n16_bsz2048_lr1e-4_kl0.01_updated_scaling,cmohri,crashed,2026-09-19T10:42:06,1.0,41.0,35518.851509029,39.46539056558778,41.27174627284509,batch sweep KL 1e-2,True,lr_scaling/lr_slope/steps_vs_seqs
2onvvgcq,n16_bsz2048_lr1e-5_kl1e-2_updated_scaling,cmohri,crashed,2026-09-18T14:04:49,1.0,23.0,21672.844471529,24.080938301698886,25.183137968647426,batch sweep KL 1e-2,True,lr_scaling/lr_slope/steps_vs_seqs
tdgacsg0,n16_bsz2048_lr2e-5_kl1e-2_updated_scaling,cmohri,crashed,2026-09-17T20:07:49,1.0,68.0,60913.183090189,67.68131454465444,70.77913080974967,batch sweep KL 1e-2,True,lr_scaling/lr_slope/steps_vs_seqs
6od6xwj8,n16_bsz2048_lr3e-5_kl1e-2_updated_scaling,cmohri,crashed,2026-09-18T13:17:05,1.0,26.0,23838.31698701,26.487018874455554,27.699346360042984,batch sweep KL 1e-2,True,lr_scaling/lr_slope/steps_vs_seqs
txljdxmv,n16_bsz2048_lr5e-5_kl1e-2_updated_scaling,cmohri,crashed,2026-09-18T13:16:56,1.0,20.0,18566.561477534,20.629512752815554,21.57373850517587,batch sweep KL 1e-2,True,lr_scaling/lr_slope/steps_vs_seqs
spvvj03k,n16_bsz256_lr1e-5_kl1e-2,cmohri,crashed,2026-09-10T00:47:51,1.0,833.0,89553.980427641,99.50442269737889,104.05880260496,batch sweep KL 1e-2,False,lr_scaling/lr_slope/steps_vs_seqs
fui4pm0m,n16_bsz256_lr2e-5_kl1e-2_updated_scaling,cmohri,crashed,2026-09-17T15:14:05,1.0,130.0,13873.239654285,15.414710726983333,16.120251716147802,batch sweep KL 1e-2,True,lr_scaling/lr_slope/steps_vs_seqs
1cu20f46,n16_bsz256_lr3e-5_kl0.01_updated_scaling,cmohri,crashed,2026-09-21T12:05:39,1.0,194.0,20268.207356901,22.520230396556666,23.55099548268863,batch sweep KL 1e-2,True,lr_scaling/lr_slope/steps_vs_seqs
2zd05hgn,n16_bsz256_lr5e-6_kl1e-2_updated_scaling,cmohri,crashed,2026-09-17T17:20:14,1.0,281.0,29370.316131759,32.63368459084333,34.12734882587829,batch sweep KL 1e-2,True,lr_scaling/lr_slope/steps_vs_seqs
vvbj6dyh,n16_bsz32_lr1.2e-5_kl1e-2,cmohri,crashed,2026-09-03T22:23:11,1.0,3623.0,89499.47457679,99.44386064087779,103.99546858510477,batch sweep KL 1e-2,False,lr_scaling/lr_slope/steps_vs_seqs
gewcfxay,n16_bsz32_lr4e-6_kl0.01_updated_scaling,cmohri,crashed,2026-09-21T07:38:46,1.0,1059.0,24823.457485734,27.581619428593335,28.844047468864186,batch sweep KL 1e-2,True,lr_scaling/lr_slope/steps_vs_seqs
p2b8pajj,n16_bsz32_lr6e-6_kl1e-2,cmohri,crashed,2026-09-06T21:03:29,1.0,3652.0,89579.813621003,99.53312624555889,104.08881993256371,batch sweep KL 1e-2,False,lr_scaling/lr_slope/steps_vs_seqs
fgwblkvc,n16_bsz4096_lr1e-4_kl0.01_updated_scaling,cmohri,finished,2026-09-18T20:26:18,1.0,30.0,53094.1915575,58.993546175000006,61.69371782660094,batch sweep KL 1e-2,True,lr_scaling/lr_slope/steps_vs_seqs
6um2hcna,n16_bsz4096_lr3e-5_kl0.01_updated_scaling,cmohri,finished,2026-09-19T20:15:42,1.0,17.0,31674.948412141,35.19438712460111,36.80525632252005,batch sweep KL 1e-2,True,lr_scaling/lr_slope/steps_vs_seqs
qsefs92p,n16_bsz4096_lr5e-5_kl0.01_updated_scaling,cmohri,finished,2026-09-18T20:26:08,1.0,14.0,24172.196263985,26.85799584887222,28.08730318352221,batch sweep KL 1e-2,True,lr_scaling/lr_slope/steps_vs_seqs
fcf7z75x,n16_bsz512_lr1e-5_kl1e-2_updated_scaling,cmohri,crashed,2026-09-16T17:39:33,1.0,370.0,77158.655834759,85.73183981639889,89.65583995745045,batch sweep KL 1e-2,True,lr_scaling/lr_slope/steps_vs_seqs
uvo8wg2s,n16_bsz512_lr2e-5_kl1e-2_updated_scaling,cmohri,crashed,2026-09-16T18:57:01,1.0,351.0,72562.566055909,80.62507339545445,84.3153336307835,batch sweep KL 1e-2,True,lr_scaling/lr_slope/steps_vs_seqs
zbkclgpi,n16_bsz512_lr5e-5_kl1e-2,cmohri,crashed,2026-09-01T19:50:56,1.0,433.0,89296.247354209,99.21805261578778,103.75932518491724,batch sweep KL 1e-2,False,lr_scaling/lr_slope/steps_vs_seqs
6k5prjwm,n16_bsz512_lr5e-6_kl1e-2_updated_scaling,cmohri,crashed,2026-09-17T15:16:41,1.0,176.0,36821.326666014,40.91258518446,42.78517989814415,batch sweep KL 1e-2,True,lr_scaling/lr_slope/steps_vs_seqs
5n4oaopg,n16_bsz64_lr1e-5_kl1e-2_updated_scaling,cmohri,crashed,2026-09-17T15:19:10,1.0,998.0,36661.678087368,40.735197874853334,42.59967345999192,batch sweep KL 1e-2,True,lr_scaling/lr_slope/steps_vs_seqs
vh7dipu4,n16_bsz64_lr2e-5_kl0.01_updated_scaling,cmohri,crashed,2026-09-21T11:34:09,1.0,661.0,22242.203136533,24.713559040592223,25.844714155994524,batch sweep KL 1e-2,True,lr_scaling/lr_slope/steps_vs_seqs
faokkunu,n16_bsz64_lr6e-6_kl1e-2,cmohri,crashed,2026-09-10T01:11:35,1.0,2291.0,89534.759696007,99.48306632889665,104.03646874208226,batch sweep KL 1e-2,False,lr_scaling/lr_slope/steps_vs_seqs
n0czx78f,n16_bsz8192_lr1e-4_kl0.01_updated_scaling,cmohri,finished,2026-09-20T14:30:08,1.0,15.0,61286.316522813,68.09590724757,71.21269968100833,batch sweep KL 1e-2,True,lr_scaling/lr_slope/steps_vs_seqs
3thoch7y,n16_bsz8192_lr3e-5_kl0.01_updated_scaling,cmohri,finished,2026-09-20T19:13:58,1.0,14.0,58352.110383268,64.83567820363112,67.80324790656846,batch sweep KL 1e-2,True,lr_scaling/lr_slope/steps_vs_seqs
7me7jdlj,n16_bsz8192_lr5e-5_kl0.01_updated_scaling,cmohri,finished,2026-09-20T14:17:28,1.0,9.0,36076.17674622,40.084640829133335,41.91934000979216,batch sweep KL 1e-2,True,lr_scaling/lr_slope/steps_vs_seqs
dvhs7mu3,n16_bsz8_lr2e-6_kl1e-2,cmohri,crashed,2026-09-06T21:03:26,1.0,3678.0,54212.561043796,60.23617893755111,62.993226670966784,batch sweep KL 1e-2,False,lr_scaling/lr_slope/steps_vs_seqs
z90ctm4w,n16_bsz8_lr4e-6_kl1e-2,cmohri,crashed,2026-09-02T16:02:35,1.0,3687.0,53602.332231812,59.55814692423555,62.28416070665256,batch sweep KL 1e-2,False,lr_scaling/lr_slope/steps_vs_seqs
t88kassw,n16_bsz8_lr8e-6_kl1e-2,cmohri,crashed,2026-09-03T20:47:56,1.0,3685.0,53499.693011483,59.44410334609223,62.16489728232747,batch sweep KL 1e-2,False,lr_scaling/lr_slope/steps_vs_seqs
2xx2erxi,n16_bsz1024_lr1e-5_kl1e-3_updated_scaling,cmohri,crashed,2026-09-16T18:58:52,1.0,173.0,79692.445002524,88.54716111391555,92.60002027854831,batch sweep KL 1e-3,True,lr_scaling/lr_slope/steps_vs_seqs
zxbilum9,n16_bsz1024_lr2e-5_kl1e-3_updated_scaling,cmohri,crashed,2026-09-16T01:10:53,1.0,95.0,42328.540555288,47.031711728097775,49.18438270600033,batch sweep KL 1e-3,True,lr_scaling/lr_slope/steps_vs_seqs
q44d4fds,n16_bsz1024_lr3e-5_kl1e-3_updated_scaling,cmohri,crashed,2026-09-16T21:27:40,1.0,97.0,59316.03194476,65.90670216084445,68.92329330281979,batch sweep KL 1e-3,True,lr_scaling/lr_slope/steps_vs_seqs
65obocny,n16_bsz1024_lr5e-5_kl1e-3_updated_scaling,cmohri,crashed,2026-09-16T01:10:49,1.0,148.0,63504.450342052,70.56050038005777,73.79009878873504,batch sweep KL 1e-3,True,lr_scaling/lr_slope/steps_vs_seqs
uzvp1hlp,n16_bsz16_lr1.6e-5,cmohri,crashed,2026-07-02T10:10:06,1.0,2736.0,89672.135696302,99.63570632922443,104.19609517107061,batch sweep KL 1e-3,False,lr_scaling/lr_slope/steps_vs_seqs
vz7r36n8,n16_bsz16_lr1e-6,rachitbansal,crashed,2026-08-17T20:10:06,1.0,3887.0,77974.189329778,86.63798814419778,90.6034632632005,batch sweep KL 1e-3,False,lr_scaling/lr_slope/steps_vs_seqs
hta5tmzf,n16_bsz16_lr3e-6,cmohri,crashed,2026-06-12T19:17:27,1.0,4100.0,85262.020878099,94.73557875344333,99.07168567926259,batch sweep KL 1e-3,False,lr_scaling/lr_slope/steps_vs_seqs
veiv29ss,n16_bsz16_lr4e-6,cmohri,crashed,2026-06-06T05:46:26,1.0,1323.0,26536.031817203,29.48447979689222,30.834002951062377,batch sweep KL 1e-3,False,lr_scaling/lr_slope/steps_vs_seqs
f9rb82kn,n16_bsz16_lr4e-6,cmohri,crashed,2026-06-06T18:26:25,1301.0,4972.0,64860.267220252,72.06696357805778,75.36551375324444,batch sweep KL 1e-3,False,rollouts_vs_downsample/steps_vs_seqs
gv2o9kqj,n16_bsz16_lr6e-6,cmohri,crashed,2026-06-12T19:17:02,1.0,3131.0,89640.27514812,99.60030572013333,104.15907425387269,batch sweep KL 1e-3,False,lr_scaling/lr_slope/steps_vs_seqs
5jq2o3g9,n16_bsz2048_lr1e-5_kl1e-3_updated_scaling,cmohri,crashed,2026-09-18T01:53:55,1.0,42.0,39688.573629205,44.09841514356111,46.11682729491663,batch sweep KL 1e-3,True,lr_scaling/lr_slope/steps_vs_seqs
3o3ymcvs,n16_bsz2048_lr2e-5_kl1e-3_updated_scaling,cmohri,crashed,2026-09-18T01:57:11,1.0,42.0,39608.91395304,44.00990439226666,46.02426535095785,batch sweep KL 1e-3,True,lr_scaling/lr_slope/steps_vs_seqs
8ltojkc7,n16_bsz2048_lr3e-5_kl1e-3_updated_scaling,cmohri,crashed,2026-09-18T13:26:04,1.0,17.0,17724.11475508,19.693460838977778,20.594842907476917,batch sweep KL 1e-3,True,lr_scaling/lr_slope/steps_vs_seqs
s599ju89,n16_bsz2048_lr5e-5_kl0.001_updated_scaling,cmohri,finished,2026-09-19T03:49:23,1.0,20.0,19174.976804934,21.30552978326,22.280697259587726,batch sweep KL 1e-3,True,lr_scaling/lr_slope/steps_vs_seqs
4pgkhpzd,n16_bsz256_lr1.2e-5,cmohri,crashed,2026-08-07T12:14:32,1.0,500.0,89118.479277346,99.02053253038446,103.55276448117839,batch sweep KL 1e-3,False,lr_scaling/lr_slope/steps_vs_seqs
qmkj2t25,n16_bsz256_lr1.6e-5,cmohri,crashed,2026-06-08T21:06:14,1.0,507.0,89294.937433952,99.21659714883556,103.7578031003287,batch sweep KL 1e-3,False,lr_scaling/lr_slope/steps_vs_seqs
2e1wta20,n16_bsz256_lr1e-5,cmohri,crashed,2026-08-06T22:45:13,1.0,779.0,89641.704512761,99.60189390306778,104.16073512893729,batch sweep KL 1e-3,False,lr_scaling/lr_slope/steps_vs_seqs
9zgsmhj9,n16_bsz256_lr2e-5_kl1e-3_v2,cmohri,crashed,2026-09-05T13:02:37,1.0,450.0,89714.707199994,99.68300799999332,104.2455618690122,batch sweep KL 1e-3,False,lr_scaling/lr_slope/steps_vs_seqs
n1huv1bc,n16_bsz256_lr3.2e-5,cmohri,crashed,2026-06-08T21:06:58,1.0,312.0,89577.09827554,99.53010919504445,104.08566478975276,batch sweep KL 1e-3,False,lr_scaling/lr_slope/steps_vs_seqs
d46a7r3j,n16_bsz256_lr3e-6,rachitbansal,crashed,2026-08-17T20:03:35,1.0,673.0,82920.326513414,92.13369612601555,96.35071325020577,batch sweep KL 1e-3,False,lr_scaling/lr_slope/steps_vs_seqs
pigk60ee,n16_bsz256_lr6.4e-5,cmohri,crashed,2026-06-07T13:00:30,1.0,667.0,89618.159972132,99.57573330236889,104.13337714111768,batch sweep KL 1e-3,False,lr_scaling/lr_slope/steps_vs_seqs
38qju69q,n16_bsz2_lr1e-5,cmohri,crashed,2026-06-10T02:45:42,1.0,2762.0,29772.3345392,33.080371710222224,34.59448109519451,batch sweep KL 1e-3,False,lr_scaling/lr_slope/steps_vs_seqs
e8afakqt,n16_bsz2_lr1e-6,cmohri,crashed,2026-06-12T02:01:00,5401.0,8376.0,34622.285324269,38.469205915854445,40.22996562617015,batch sweep KL 1e-3,False,lr_scaling/lr_slope/steps_vs_seqs
2e29ajqd,n16_bsz2_lr1e-6,cmohri,crashed,2026-06-09T21:10:18,2701.0,5471.0,32478.779479037,36.08753275448555,37.73928178870746,batch sweep KL 1e-3,False,lr_scaling/lr_slope/steps_vs_seqs
76peh4j0,n16_bsz2_lr1e-6,cmohri,crashed,2026-06-08T21:15:22,1.0,2762.0,31292.775284759,34.76975031639889,36.36118362096889,batch sweep KL 1e-3,False,lr_scaling/lr_slope/steps_vs_seqs
18qr8fr2,n16_bsz2_lr2e-6,cmohri,crashed,2026-06-09T23:29:32,2701.0,5469.0,43466.225319656,48.29580591072889,50.50633527311928,batch sweep KL 1e-3,False,lr_scaling/lr_slope/steps_vs_seqs
mrd43p6o,n16_bsz2_lr2e-6,cmohri,crashed,2026-06-09T06:02:05,1.0,2762.0,30961.479304048,34.40164367116444,35.97622850344088,batch sweep KL 1e-3,False,lr_scaling/lr_slope/steps_vs_seqs
02v9iqzv,n16_bsz2_lr3e-6,cmohri,crashed,2026-06-12T15:40:08,2901.0,5875.0,33731.923564473,37.47991507163667,39.19539431881796,batch sweep KL 1e-3,False,lr_scaling/lr_slope/steps_vs_seqs
82xqjz6z,n16_bsz2_lr3e-6,cmohri,crashed,2026-06-11T23:39:58,1.0,2969.0,40620.962417835,45.134402686483334,47.20023263819471,batch sweep KL 1e-3,False,lr_scaling/lr_slope/steps_vs_seqs
17dxk27d,n16_bsz2_lr5e-7,cmohri,crashed,2026-06-09T21:15:00,2701.0,5470.0,30968.096555878,34.40899617319778,35.98391753410906,batch sweep KL 1e-3,False,lr_scaling/lr_slope/steps_vs_seqs
4r2weqkh,n16_bsz2_lr5e-7,cmohri,crashed,2026-06-08T21:22:15,1.0,2762.0,30044.728258098,33.38303139788667,34.91099370680914,batch sweep KL 1e-3,False,lr_scaling/lr_slope/steps_vs_seqs
ayrlvpqg,n16_bsz32_lr1.2e-5,cmohri,crashed,2026-08-06T11:09:10,1.0,2935.0,89713.110375943,99.68123375104777,104.24370641157833,batch sweep KL 1e-3,False,lr_scaling/lr_slope/steps_vs_seqs
uzpnmlip,n16_bsz32_lr1.6e-5,cmohri,crashed,2026-08-06T14:19:34,1.0,576.0,20112.926639722,22.34769626635778,23.370564357013073,batch sweep KL 1e-3,False,lr_scaling/lr_slope/steps_vs_seqs
pw119z54,n16_bsz32_lr1e-6,rachitbansal,crashed,2026-08-17T20:10:44,1.0,2892.0,77923.509733438,86.58167748159778,90.54457522621476,batch sweep KL 1e-3,False,lr_scaling/lr_slope/steps_vs_seqs
dtr2q3ku,n16_bsz32_lr3.2e-5,cmohri,crashed,2026-07-02T11:31:59,1.0,1752.0,89543.368400384,99.49263155598223,104.04647177561773,batch sweep KL 1e-3,False,lr_scaling/lr_slope/steps_vs_seqs
a1ug783k,n16_bsz32_lr3e-6,cmohri,crashed,2026-08-05T21:37:06,1.0,3421.0,89758.29813466,99.73144237184444,104.29621311247581,batch sweep KL 1e-3,False,lr_scaling/lr_slope/steps_vs_seqs
26v37rrd,n16_bsz32_lr4e-6,cmohri,crashed,2026-08-05T21:47:41,1.0,3488.0,89564.153513589,99.51572612621,104.07062339882634,batch sweep KL 1e-3,False,lr_scaling/lr_slope/steps_vs_seqs
pixg1eys,n16_bsz32_lr6e-6_kl1e-3_v2,cmohri,crashed,2026-09-05T04:03:05,1.0,2599.0,89718.583633572,99.68731514841333,104.25006615831994,batch sweep KL 1e-3,False,lr_scaling/lr_slope/steps_vs_seqs
ckjqgfam,n16_bsz32_lr8e-6,cmohri,crashed,2026-06-06T18:24:24,951.0,4605.0,89700.831221137,99.66759024570779,104.22943843443193,batch sweep KL 1e-3,False,lr_scaling/lr_slope/steps_vs_seqs
rpnf4suf,n16_bsz32_lr8e-6,cmohri,crashed,2026-06-06T05:47:43,1.0,973.0,26217.157968563,29.130175520625553,30.46348194559658,batch sweep KL 1e-3,False,lr_scaling/lr_slope/steps_vs_seqs
mjvhyqaj,n16_bsz4096_lr1e-4_kl0.001_updated_scaling,cmohri,crashed,2026-09-19T13:27:47,1.0,11.0,25650.201162126,28.500223513473333,29.80469663951814,batch sweep KL 1e-3,True,lr_scaling/lr_slope/steps_vs_seqs
63f5u9oc,n16_bsz4096_lr3e-5_kl0.001_updated_scaling,cmohri,crashed,2026-09-18T19:14:31,1.0,45.0,88814.047765565,98.68227529507223,103.19902499980776,batch sweep KL 1e-3,True,lr_scaling/lr_slope/steps_vs_seqs
21w7ju28,n16_bsz4096_lr5e-5_kl0.001_updated_scaling,cmohri,crashed,2026-09-18T19:14:24,1.0,49.0,89114.242682602,99.01582520289111,103.54784169634985,batch sweep KL 1e-3,True,lr_scaling/lr_slope/steps_vs_seqs
drk98up8,n16_bsz4_lr1e-5,cmohri,crashed,2026-06-10T11:07:08,1.0,2790.0,44113.262937252,49.01473659694667,51.25817186827552,batch sweep KL 1e-3,False,lr_scaling/lr_slope/steps_vs_seqs
m4zw997g,n16_bsz4_lr1e-6,cmohri,crashed,2026-06-06T18:26:25,5601.0,8370.0,37350.253991655,41.500282212950005,43.3997761886543,batch sweep KL 1e-3,False,lr_scaling/lr_slope/steps_vs_seqs
9pzh6n8q,n16_bsz4_lr1e-6,cmohri,crashed,2026-06-06T05:12:51,4026.0,5623.0,28278.788338447,31.420875931607778,32.859029152763874,batch sweep KL 1e-3,False,lr_scaling/lr_slope/steps_vs_seqs
iylu5qj5,n16_bsz4_lr1e-6,cmohri,crashed,2026-06-04T19:38:56,1276.0,4046.0,38242.612622548,42.49179180283111,44.436667795052024,batch sweep KL 1e-3,False,lr_scaling/lr_slope/steps_vs_seqs
tyjj67or,n16_bsz4_lr1e-6,cmohri,crashed,2026-06-03T20:02:54,1.0,1273.0,17015.558131908,18.906175702120002,19.77152323555383,batch sweep KL 1e-3,False,lr_scaling/lr_slope/steps_vs_seqs
85pb2fy4,n16_bsz4_lr3e-6,cmohri,crashed,2026-06-10T10:34:15,1.0,2763.0,38310.611764794,42.56734640532667,44.51568057914597,batch sweep KL 1e-3,False,lr_scaling/lr_slope/steps_vs_seqs
ky56flgr,n16_bsz4_lr3e-7,cmohri,crashed,2026-08-07T21:03:30,1.0,3519.0,43149.358901102,47.94373211233556,50.13814683589965,batch sweep KL 1e-3,False,lr_scaling/lr_slope/steps_vs_seqs
1m0pe3on,n16_bsz4_lr5e-7,cmohri,crashed,2026-08-07T23:42:21,3701.0,7226.0,45533.018272473,50.59224252497,52.907881233170485,batch sweep KL 1e-3,False,lr_scaling/lr_slope/steps_vs_seqs
qq2j13qw,n16_bsz4_lr5e-7,cmohri,crashed,2026-08-05T21:29:40,1.0,3753.0,48853.360390497,54.28151154499667,56.76601041280606,batch sweep KL 1e-3,False,lr_scaling/lr_slope/steps_vs_seqs
ogeuq407,n16_bsz512_lr1e-4_kl1e-3,cmohri,crashed,2026-08-28T21:12:13,1.0,153.0,89103.083918617,99.00342657624111,103.53487557677273,batch sweep KL 1e-3,False,lr_scaling/lr_slope/steps_vs_seqs
00l4ed3j,n16_bsz512_lr1e-5_kl1e-3_updated_scaling,cmohri,crashed,2026-09-16T13:03:02,1.0,138.0,29972.260391015,33.30251154557222,34.82678841029431,batch sweep KL 1e-3,True,lr_scaling/lr_slope/steps_vs_seqs
molfti6k,n16_bsz512_lr2e-5_kl1e-3_updated_scaling,cmohri,crashed,2026-09-16T13:03:09,1.0,69.0,16168.437525091,17.964930583434445,18.787196736760297,batch sweep KL 1e-3,True,lr_scaling/lr_slope/steps_vs_seqs
39ek9wob,n16_bsz512_lr3e-4_kl1e-3,cmohri,crashed,2026-08-28T21:12:13,1.0,131.0,88932.699279768,98.81411031085334,103.33689418704289,batch sweep KL 1e-3,False,lr_scaling/lr_slope/steps_vs_seqs
64jh1zn6,n16_bsz512_lr3e-6_kl1e-3,cmohri,crashed,2026-08-30T18:34:28,1.0,386.0,89366.45923779,99.29606581976667,103.84090910222821,batch sweep KL 1e-3,False,lr_scaling/lr_slope/steps_vs_seqs
wlc5s5wa,n16_bsz512_lr5e-5_kl1e-3,cmohri,crashed,2026-08-30T18:45:43,1.0,176.0,89135.531972508,99.03947996945334,103.5725791564309,batch sweep KL 1e-3,False,lr_scaling/lr_slope/steps_vs_seqs
epyb3zdi,n16_bsz512_lr8e-5_kl1e-3,cmohri,crashed,2026-09-03T23:37:53,1.0,161.0,88936.592783712,98.81843642634666,103.34141831155878,batch sweep KL 1e-3,False,lr_scaling/lr_slope/steps_vs_seqs
v99q692t,n16_bsz64_lr1.6e-5,cmohri,crashed,2026-06-07T11:08:33,1.0,1181.0,89531.249991427,99.4791666571411,104.03239057990179,batch sweep KL 1e-3,False,lr_scaling/lr_slope/steps_vs_seqs
x0y2oqxg,n16_bsz64_lr1e-5,cmohri,crashed,2026-06-14T13:09:21,1.0,1100.0,86962.9800642,96.62553340466667,101.04814474161093,batch sweep KL 1e-3,False,lr_scaling/lr_slope/steps_vs_seqs
p71v78z8,n16_bsz64_lr3e-6,cmohri,crashed,2026-08-06T20:03:28,1.0,1972.0,89471.63011898,99.41292235442222,103.9631142338514,batch sweep KL 1e-3,False,lr_scaling/lr_slope/steps_vs_seqs
zqc27v92,n16_bsz64_lr4e-6_kl1e-3_v2,cmohri,crashed,2026-09-01T19:51:27,1.0,2313.0,89565.057648196,99.51673072021778,104.07167397373267,batch sweep KL 1e-3,False,lr_scaling/lr_slope/steps_vs_seqs
zhks26oj,n16_bsz64_lr6.4e-5,cmohri,crashed,2026-07-03T11:12:52,1.0,918.0,89473.559004138,99.41506556015334,103.96535553545459,batch sweep KL 1e-3,False,lr_scaling/lr_slope/steps_vs_seqs
h5bcfc3f,n16_bsz64_lr6e-6_kl1e-3_v2,cmohri,crashed,2026-09-05T07:11:39,1.0,2118.0,89511.301042612,99.45700115845779,104.00921055242559,batch sweep KL 1e-3,False,lr_scaling/lr_slope/steps_vs_seqs
d1f6tiz9,n16_bsz8192_lr1e-4_kl0.001_updated_scaling,cmohri,crashed,2026-09-20T02:34:22,1.0,13.0,55983.083275469,62.20342586163222,65.05051572203489,batch sweep KL 1e-3,True,lr_scaling/lr_slope/steps_vs_seqs
bzsx828c,n16_bsz8192_lr3e-5_kl0.001_updated_scaling,cmohri,crashed,2026-09-20T14:54:40,1.0,8.0,39397.787011608,43.77531890178667,45.77894273527789,batch sweep KL 1e-3,True,lr_scaling/lr_slope/steps_vs_seqs
pql2mzxc,n16_bsz8192_lr5e-5_kl0.001_updated_scaling,cmohri,finished,2026-09-20T02:34:29,1.0,9.0,39712.943312838,44.12549256982,46.14514407197782,batch sweep KL 1e-3,True,lr_scaling/lr_slope/steps_vs_seqs
vhzc07wv,n16_bsz8_lr1.2e-5,cmohri,crashed,2026-08-07T23:45:51,1.0,4215.0,89732.077963237,99.70230884804111,104.26574612899452,batch sweep KL 1e-3,False,lr_scaling/lr_slope/steps_vs_seqs
war0rd3e,n16_bsz8_lr1.6e-5,cmohri,crashed,2026-08-05T21:29:40,1.0,2606.0,60152.612195541,66.83623577282333,69.89537225189079,batch sweep KL 1e-3,False,lr_scaling/lr_slope/steps_vs_seqs
95vonvfv,n16_bsz8_lr1e-6,cmohri,crashed,2026-06-04T19:48:05,1051.0,4073.0,66299.009120409,73.66556568934334,77.03728488695624,batch sweep KL 1e-3,False,lr_scaling/lr_slope/steps_vs_seqs
qwrrehq3,n16_bsz8_lr1e-6,cmohri,crashed,2026-06-03T20:03:11,1.0,1072.0,17206.408176545,19.11823130727222,19.993284758907617,batch sweep KL 1e-3,False,lr_scaling/lr_slope/steps_vs_seqs
ospfo8sw,n16_bsz8_lr2e-6,cmohri,crashed,2026-06-04T22:02:52,1.0,2985.0,49423.05790279,54.91450878087778,57.42798032964447,batch sweep KL 1e-3,False,lr_scaling/lr_slope/steps_vs_seqs
zk41hlkd,n16_bsz8_lr3e-6,cmohri,crashed,2026-06-12T04:43:09,1.0,3281.0,53424.447341773,59.360497046414444,62.07746426981545,batch sweep KL 1e-3,False,lr_scaling/lr_slope/steps_vs_seqs
u70vsrac,n16_bsz8_lr4e-6,cmohri,crashed,2026-07-01T13:03:12,1.0,3237.0,53005.6815125,58.89520168055555,61.59087204289338,batch sweep KL 1e-3,False,lr_scaling/lr_slope/steps_vs_seqs
007jssex,n16_bsz8_lr8e-6,cmohri,crashed,2026-07-01T13:04:05,1.0,3174.0,50454.708787022,56.060787541135554,58.62672498852951,batch sweep KL 1e-3,False,lr_scaling/lr_slope/steps_vs_seqs
28vyjv9v,downsample_n64_dsk16_bsz128_lr1e-5_kl0.001_updated_scaling,rachitbansal,finished,2026-09-21T07:28:40,1.0,250.0,43960.416298396,48.84490699821777,51.08056906217356,downsampling (B=128),True,rollouts_vs_downsample/steps_vs_seqs
hwylrsnx,downsample_n64_dsk16_bsz128_lr3e-5_kl1e-3_updated_scaling,cmohri,crashed,2026-09-11T15:58:51,1.0,663.0,172530.670289555,191.70074476617222,200.4750082266685,downsampling (B=128),True,rollouts_vs_downsample/steps_vs_seqs
lngldi9i,downsample_n64_dsk16_bsz128_lr3e-6_kl0.001_updated_scaling,rachitbansal,crashed,2026-09-19T16:31:10,1.0,473.0,81573.062519785,90.63673613309444,94.78523645843897,downsampling (B=128),True,rollouts_vs_downsample/steps_vs_seqs
v1pwxl80,downsample_n64_dsk1_bsz128_lr1e-5_kl0.001_updated_scaling,rachitbansal,crashed,2026-09-19T17:39:55,,,193.251049218,0.21472338802,0.22455141231858014,downsampling (B=128),True,rollouts_vs_downsample/steps_vs_seqs
jm3aqvho,downsample_n64_dsk1_bsz128_lr3e-6_kl0.001_updated_scaling,rachitbansal,crashed,2026-09-19T20:12:33,301.0,748.0,66874.82106581,74.30535673978889,77.70635957551768,downsampling (B=128),True,rollouts_vs_downsample/steps_vs_seqs
d2h9jd68,downsample_n64_dsk1_bsz128_lr3e-6_kl0.001_updated_scaling,rachitbansal,crashed,2026-09-19T13:41:06,201.0,300.0,14027.142723214,15.585714136904445,16.2990820595173,downsampling (B=128),True,rollouts_vs_downsample/steps_vs_seqs
91g5hu14,downsample_n64_dsk1_bsz128_lr3e-6_kl0.001_updated_scaling,rachitbansal,crashed,2026-09-19T04:29:10,1.0,218.0,30453.876772433,33.83764085825889,35.38641092764053,downsampling (B=128),True,rollouts_vs_downsample/steps_vs_seqs
6nqbcnx2,downsample_n64_dsk2_bsz128_lr1e-5_kl0.001_updated_scaling,rachitbansal,running,2026-09-21T11:36:26,701.0,1262.0,97046.352035921,107.82928003991222,112.76469389539756,downsampling (B=128),True,rollouts_vs_downsample/steps_vs_seqs
4zjl9j3i,downsample_n64_dsk2_bsz128_lr1e-5_kl0.001_updated_scaling,rachitbansal,crashed,2026-09-21T10:20:03,701.0,704.0,833.143895313,0.9257154392366667,0.9680860161648835,downsampling (B=128),True,rollouts_vs_downsample/steps_vs_seqs
qcmgxq3i,downsample_n64_dsk2_bsz128_lr1e-5_kl0.001_updated_scaling,rachitbansal,crashed,2026-09-19T13:40:42,201.0,725.0,104355.750191644,115.9508335462711,121.2579760054206,downsampling (B=128),True,rollouts_vs_downsample/steps_vs_seqs
28w6jf8o,downsample_n64_dsk2_bsz128_lr1e-5_kl0.001_updated_scaling,rachitbansal,crashed,2026-09-19T13:05:21,201.0,202.0,470.342699277,0.5226029991966666,0.5465228666222742,downsampling (B=128),True,rollouts_vs_downsample/steps_vs_seqs
m489wari,downsample_n64_dsk2_bsz128_lr1e-5_kl0.001_updated_scaling,rachitbansal,crashed,2026-09-19T04:01:45,1.0,204.0,32015.067027582,35.572296697313334,37.20046305367194,downsampling (B=128),True,rollouts_vs_downsample/steps_vs_seqs
gupmktmn,downsample_n64_dsk2_bsz128_lr3e-6_kl0.001_updated_scaling,rachitbansal,crashed,2026-09-19T07:32:47,,,173.87743799,0.19319715332222223,0.20203990834195237,downsampling (B=128),True,rollouts_vs_downsample/steps_vs_seqs
8vd461gr,downsample_n64_dsk32_bsz128_lr1e-5_kl0.001_updated_scaling,cmohri,finished,2026-09-21T22:37:00,1.0,150.0,30107.391448395,33.452657164883334,34.98380628888059,downsampling (B=128),True,rollouts_vs_downsample/steps_vs_seqs
v70ipdf0,downsample_n64_dsk32_bsz128_lr3e-5_kl0.001_updated_scaling,cmohri,crashed,2026-09-22T01:14:53,1.0,158.0,45060.998801778,50.06777644642,52.35941001288302,downsampling (B=128),True,rollouts_vs_downsample/steps_vs_seqs
sn8fjld4,downsample_n64_dsk4_bsz128_lr1e-5_kl1e-3_updated_scaling,cmohri,crashed,2026-09-13T22:58:55,1.0,941.0,160421.677074074,178.2463078600822,186.4047532950896,downsampling (B=128),True,rollouts_vs_downsample/steps_vs_seqs
xr6u16bu,downsample_n64_dsk4_bsz128_lr3e-5_kl0.001_updated_scaling,cmohri,running,2026-09-21T22:24:04,1.0,242.0,57986.214642679,64.42912738075444,67.3780889972477,downsampling (B=128),True,rollouts_vs_downsample/steps_vs_seqs
iqu4necy,downsample_n64_dsk4_bsz128_lr3e-6_kl0.001_updated_scaling,rachitbansal,crashed,2026-09-19T12:57:26,,,175.377531903,0.19486392433666666,0.2037829685123252,downsampling (B=128),True,rollouts_vs_downsample/steps_vs_seqs
60a9j4lp,downsample_n64_dsk8_bsz128_lr1e-5_kl0.001_updated_scaling,rachitbansal,crashed,2026-09-19T20:29:56,101.0,523.0,79612.82996655,88.45869996283332,92.5075102050346,downsampling (B=128),True,rollouts_vs_downsample/steps_vs_seqs
1kjjpest,downsample_n64_dsk8_bsz128_lr1e-5_kl0.001_updated_scaling,rachitbansal,crashed,2026-09-19T13:14:20,101.0,107.0,1331.842047059,1.479824496732222,1.5475569931576407,downsampling (B=128),True,rollouts_vs_downsample/steps_vs_seqs
z4zy57un,downsample_n64_dsk8_bsz128_lr1e-5_kl0.001_updated_scaling,rachitbansal,crashed,2026-09-19T04:22:31,1.0,190.0,30839.52380753,34.26613756392222,35.83452019658332,downsampling (B=128),True,rollouts_vs_downsample/steps_vs_seqs
ljhz43ks,downsample_n64_dsk8_bsz128_lr3e-5_kl0.001_updated_scaling,cmohri,running,2026-09-21T22:28:50,1.0,214.0,57623.413556632,64.02601506292444,66.95652597550874,downsampling (B=128),True,rollouts_vs_downsample/steps_vs_seqs
m2sk5y86,downsample_n64_dsk8_bsz128_lr3e-6_kl0.001_updated_scaling,rachitbansal,crashed,2026-09-21T20:02:33,,,229.693318844,0.2552147987155556,0.26689614030699926,downsampling (B=128),True,rollouts_vs_downsample/steps_vs_seqs
7q9hugfx,n128_bsz128_lr1e-5_kl0.001_updated_scaling,rachitbansal,finished,2026-09-20T18:45:39,1.0,100.0,49267.464247379,54.741626941532225,57.247185579956266,rollout sweep (B=128),True,lr_scaling/lr_slope/steps_vs_seqs
j2kan1h8,n128_bsz128_lr3e-5_kl0.001_updated_scaling,rachitbansal,crashed,2026-09-20T18:45:44,1.0,100.0,59763.306522185,66.40367391353888,69.44301176469307,rollout sweep (B=128),True,lr_scaling/lr_slope/steps_vs_seqs
kbx0osnd,n128_bsz128_lr3e-6_kl0.001_updated_scaling,rachitbansal,crashed,2026-09-20T19:19:34,1.0,131.0,58325.037097099,64.80559677455445,67.77178963159425,rollout sweep (B=128),True,lr_scaling/lr_slope/steps_vs_seqs
i66rqub1,n1_bsz128_lr1e-4,rachitbansal,crashed,2026-06-07T11:02:16,1.0,1539.0,39452.109320179,43.83567702242111,45.84206348499378,rollout sweep (B=128),False,lr_scaling/lr_slope/steps_vs_seqs
jw3t0eya,n1_bsz128_lr1e-5,rachitbansal,crashed,2026-06-07T08:51:09,1.0,2083.0,49987.454291118,55.54161587902001,58.08379051344116,rollout sweep (B=128),False,lr_scaling/lr_slope/steps_vs_seqs
4wl9uzis,n1_bsz128_lr1e-6,rachitbansal,crashed,2026-06-07T08:36:01,1.0,420.0,6598.444823566,7.331605359517778,7.667177540477542,rollout sweep (B=128),False,lr_scaling/lr_slope/steps_vs_seqs
9ccp878z,n1_bsz128_lr2e-5,rachitbansal,crashed,2026-06-07T22:24:14,1.0,98.0,2284.408632302,2.538231813668889,2.6544082775846105,rollout sweep (B=128),False,rollouts_vs_downsample/steps_vs_seqs
nms2utcy,n1_bsz128_lr3e-5,rachitbansal,crashed,2026-06-07T11:02:15,1.0,1568.0,39463.296129692,43.84810681076888,45.85506219255913,rollout sweep (B=128),False,lr_scaling/lr_slope/steps_vs_seqs
2ydkz37m,n1_bsz128_lr3e-6_seed1,rachitbansal,crashed,2026-06-24T15:58:14,1.0,2083.0,66417.099202397,73.79677689155223,77.17450170828025,rollout sweep (B=128),False,lr_scaling/lr_slope/steps_vs_seqs
462a0ny1,n1_bsz128_lr3e-6_seed2,rachitbansal,crashed,2026-06-24T15:58:14,1.0,2083.0,61852.499507532,68.72499945281334,71.87058583150463,rollout sweep (B=128),False,rollouts_vs_downsample/steps_vs_seqs
8d93sp1c,n2_bsz128_lr1e-5,rachitbansal,crashed,2026-06-08T16:44:30,1.0,2083.0,60812.743740044,67.56971526671556,70.66242356278421,rollout sweep (B=128),False,lr_scaling/lr_slope/steps_vs_seqs
vt0xrlg6,n2_bsz128_lr1e-6,rachitbansal,crashed,2026-08-05T19:07:12,1.0,2083.0,64736.714605303,71.92968289478111,75.22194964689304,rollout sweep (B=128),False,lr_scaling/lr_slope/steps_vs_seqs
34uu27tm,n2_bsz128_lr3e-6,rachitbansal,crashed,2026-06-12T05:25:44,1.0,2083.0,65687.442494231,72.98604721581222,76.32666442620902,rollout sweep (B=128),False,lr_scaling/lr_slope/steps_vs_seqs
14aa96i5,n32_bsz128_lr1e-5_kl0.001_updated_scaling,rachitbansal,crashed,2026-09-19T01:06:02,1.0,223.0,29445.3530638,32.71705895977778,34.214539292031226,rollout sweep (B=128),True,lr_scaling/lr_slope/steps_vs_seqs
gpbwt88o,n32_bsz128_lr2e-5_kl0.001_updated_scaling,rachitbansal,crashed,2026-09-19T01:06:15,1.0,323.0,44794.143649155,49.77127072128333,52.04933303452525,rollout sweep (B=128),True,lr_scaling/lr_slope/steps_vs_seqs
pg16wya8,n32_bsz128_lr5e-6_kl0.001_updated_scaling,rachitbansal,crashed,2026-09-19T01:08:39,1.0,223.0,28195.954704159,31.328838560176667,32.76277917305035,rollout sweep (B=128),True,lr_scaling/lr_slope/steps_vs_seqs
houyowq7,n4_bsz128_lr1e-5,rachitbansal,crashed,2026-06-08T17:46:16,1.0,824.0,42393.630867994,47.10403429777111,49.26001552510033,rollout sweep (B=128),False,lr_scaling/lr_slope/steps_vs_seqs
vl0yrj4b,n4_bsz128_lr1e-6,rachitbansal,crashed,2026-08-06T05:08:04,1.0,2035.0,89798.656280558,99.77628475617556,104.34310796089515,rollout sweep (B=128),False,lr_scaling/lr_slope/steps_vs_seqs
dppoqguc,n4_bsz128_lr3e-6,rachitbansal,crashed,2026-06-12T05:46:57,1.0,2083.0,91808.319255482,102.00924361720222,106.6782707511084,rollout sweep (B=128),False,lr_scaling/lr_slope/steps_vs_seqs
jrhggo6y,n64_bsz128_lr1e-5_kl0.001_updated_scaling,rachitbansal,crashed,2026-09-19T05:57:04,1.0,123.0,56937.761436602,63.26417937400222,66.1598205887334,rollout sweep (B=128),True,lr_scaling/lr_slope/steps_vs_seqs
dp7wma01,n64_bsz128_lr2e-5_kl0.001_updated_scaling,rachitbansal,crashed,2026-09-19T05:59:33,1.0,265.0,109652.54344372,121.83615938191112,127.41267690006605,rollout sweep (B=128),True,lr_scaling/lr_slope/steps_vs_seqs
kjryf7xx,n64_bsz128_lr5e-6_kl0.001_updated_scaling,rachitbansal,crashed,2026-09-19T13:37:16,1.0,148.0,38190.338752377,42.433709724863334,44.37592726390482,rollout sweep (B=128),True,lr_scaling/lr_slope/steps_vs_seqs
lvi28t41,n8_bsz128_lr1e-4,rachitbansal,crashed,2026-06-08T00:10:30,1.0,310.0,57220.536010774,63.57837334530444,66.4883954153905,rollout sweep (B=128),False,lr_scaling/lr_slope/steps_vs_seqs
delyjjz8,n8_bsz128_lr1e-5_seed123,rachitbansal,crashed,2026-06-08T19:47:41,1.0,1216.0,75154.498032608,83.50499781400889,87.32707399833455,rollout sweep (B=128),False,lr_scaling/lr_slope/steps_vs_seqs
myj8d5j9,n8_bsz128_lr1e-6,rachitbansal,crashed,2026-06-07T23:49:51,1.0,938.0,64429.680712167,71.58853412463,74.86518628331831,rollout sweep (B=128),False,lr_scaling/lr_slope/steps_vs_seqs
m9m8bfiv,n8_bsz128_lr3e-5,rachitbansal,crashed,2026-06-08T00:10:27,1.0,556.0,57049.699580249,63.38855508916556,66.28988905847764,rollout sweep (B=128),False,lr_scaling/lr_slope/steps_vs_seqs
fpp7audc,n8_bsz128_lr3e-6,rachitbansal,crashed,2026-06-10T13:55:38,1.0,2083.0,150003.17578006,166.6701953111778,174.29879480596028,rollout sweep (B=128),False,lr_scaling/lr_slope/steps_vs_seqs
