id,name,state,user,created,runtime_s,step,gpu_hours,fixed_code
yndm1nza,n16_bsz4,crashed,cmohri,2026-05-22T17:54:35,828.250215494,48.0,0.9202780172155556,False
tyjj67or,n16_bsz4_lr1e-6,crashed,cmohri,2026-06-03T20:02:54,17015.558131908,1273.0,18.906175702120002,False
qwrrehq3,n16_bsz8_lr1e-6,crashed,cmohri,2026-06-03T20:03:11,17206.408176545,1072.0,19.11823130727222,False
iylu5qj5,n16_bsz4_lr1e-6,crashed,cmohri,2026-06-04T19:38:56,38242.612622548,4046.0,42.49179180283111,False
95vonvfv,n16_bsz8_lr1e-6,crashed,cmohri,2026-06-04T19:48:05,66299.009120409,4073.0,73.66556568934334,False
yb5ba4ai,n16_bsz4_lr1e-6,crashed,cmohri,2026-06-04T20:00:09,6642.704659522,1839.0,7.380782955024444,False
6amdhe1j,n16_bsz8_lr1e-6,crashed,cmohri,2026-06-04T20:02:46,6488.330653485,1475.0,7.20925628165,False
ospfo8sw,n16_bsz8_lr2e-6,crashed,cmohri,2026-06-04T22:02:52,49423.05790279,2985.0,54.91450878087778,False
9pzh6n8q,n16_bsz4_lr1e-6,crashed,cmohri,2026-06-06T05:12:51,28278.788338447,5623.0,31.420875931607778,False
qwpuadlg,n16_bsz8_lr2e-6,crashed,cmohri,2026-06-06T05:18:46,27712.814368907,4698.0,30.79201596545222,False
veiv29ss,n16_bsz16_lr4e-6,crashed,cmohri,2026-06-06T05:46:26,26536.031817203,1323.0,29.48447979689222,False
rpnf4suf,n16_bsz32_lr8e-6,crashed,cmohri,2026-06-06T05:47:43,26217.157968563,973.0,29.130175520625553,False
ckjqgfam,n16_bsz32_lr8e-6,crashed,cmohri,2026-06-06T18:24:24,89700.831221137,4605.0,99.66759024570779,False
f9rb82kn,n16_bsz16_lr4e-6,crashed,cmohri,2026-06-06T18:26:25,64860.267220252,4972.0,72.06696357805778,False
j5f5aaay,n16_bsz8_lr2e-6,crashed,cmohri,2026-06-06T18:26:25,50806.635171768,7765.0,56.45181685752,False
m4zw997g,n16_bsz4_lr1e-6,crashed,cmohri,2026-06-06T18:26:25,37350.253991655,8370.0,41.500282212950005,False
syew6eee,n1_bsz128_lr1e-6,crashed,rachitbansal,2026-06-07T07:48:26,1550.411583134,98.0,1.7226795368155556,False
4wl9uzis,n1_bsz128_lr1e-6,crashed,rachitbansal,2026-06-07T08:36:01,6598.444823566,420.0,7.331605359517778,False
jw3t0eya,n1_bsz128_lr1e-5,crashed,rachitbansal,2026-06-07T08:51:09,49987.454291118,2083.0,55.54161587902001,False
nms2utcy,n1_bsz128_lr3e-5,crashed,rachitbansal,2026-06-07T11:02:15,39463.296129692,1568.0,43.84810681076888,False
i66rqub1,n1_bsz128_lr1e-4,crashed,rachitbansal,2026-06-07T11:02:16,39452.109320179,1539.0,43.83567702242111,False
v99q692t,n16_bsz64_lr1.6e-5,crashed,cmohri,2026-06-07T11:08:33,89531.249991427,1181.0,99.4791666571411,False
kj48c59y,n16_bsz128_lr3.2e-5,crashed,cmohri,2026-06-07T12:22:04,89570.306006391,1003.0,99.52256222932333,False
pigk60ee,n16_bsz256_lr6.4e-5,crashed,cmohri,2026-06-07T13:00:30,89618.159972132,667.0,99.57573330236889,False
m1cbttyv,n1_bsz128_lr3e-6,crashed,rachitbansal,2026-06-07T22:03:16,3542.825825673,218.0,3.9364731396366666,False
9ccp878z,n1_bsz128_lr2e-5,crashed,rachitbansal,2026-06-07T22:24:14,2284.408632302,98.0,2.538231813668889,False
02ycgiij,n8_bsz128_lr1e-6,crashed,rachitbansal,2026-06-07T23:06:52,,,0.0,False
67ci067m,n32_bsz128_lr1e-6,crashed,rachitbansal,2026-06-07T23:20:43,66062.106756173,565.0,73.40234084019222,False
myj8d5j9,n8_bsz128_lr1e-6,crashed,rachitbansal,2026-06-07T23:49:51,64429.680712167,938.0,71.58853412463,False
0g2444lz,n32_bsz128_lr1e-5,crashed,rachitbansal,2026-06-07T23:59:04,146529.995512734,1241.0,162.81110612525998,False
dogel2cp,n32_bsz128_lr3e-5,crashed,rachitbansal,2026-06-07T23:59:43,57810.818800349,664.0,64.23424311149888,False
lrbmgwec,n8_bsz128_lr1e-5,crashed,rachitbansal,2026-06-08T00:04:31,70788.972233247,818.0,78.65441359249667,False
m9m8bfiv,n8_bsz128_lr3e-5,crashed,rachitbansal,2026-06-08T00:10:27,57049.699580249,556.0,63.38855508916556,False
lvi28t41,n8_bsz128_lr1e-4,crashed,rachitbansal,2026-06-08T00:10:30,57220.536010774,310.0,63.57837334530444,False
3l9jlvxc,n32_bsz128_lr1e-4,crashed,rachitbansal,2026-06-08T07:17:33,31406.920962895,118.0,34.89657884766111,False
jegbxrof,n16_bsz128_lr1e-5,crashed,rachitbansal,2026-06-08T16:16:21,87887.901414278,1309.0,97.65322379364223,False
i6tgf7gf,n64_bsz128_lr1e-5,crashed,rachitbansal,2026-06-08T16:18:54,182866.750781393,773.0,203.1852786459922,False
8d93sp1c,n2_bsz128_lr1e-5,crashed,rachitbansal,2026-06-08T16:44:30,60812.743740044,2083.0,67.56971526671556,False
houyowq7,n4_bsz128_lr1e-5,crashed,rachitbansal,2026-06-08T17:46:16,42393.630867994,824.0,47.10403429777111,False
delyjjz8,n8_bsz128_lr1e-5_seed123,crashed,rachitbansal,2026-06-08T19:47:41,75154.498032608,1216.0,83.50499781400889,False
qmkj2t25,n16_bsz256_lr1.6e-5,crashed,cmohri,2026-06-08T21:06:14,89294.937433952,507.0,99.21659714883556,False
n1huv1bc,n16_bsz256_lr3.2e-5,crashed,cmohri,2026-06-08T21:06:58,89577.09827554,312.0,99.53010919504445,False
76peh4j0,n16_bsz2_lr1e-6,crashed,cmohri,2026-06-08T21:15:22,31292.775284759,2762.0,34.76975031639889,False
4r2weqkh,n16_bsz2_lr5e-7,crashed,cmohri,2026-06-08T21:22:15,30044.728258098,2762.0,33.38303139788667,False
mrd43p6o,n16_bsz2_lr2e-6,crashed,cmohri,2026-06-09T06:02:05,30961.479304048,2762.0,34.40164367116444,False
4u8by0yf,downsample_n64_dsk16_bsz128_lr1e-5,crashed,rachitbansal,2026-06-09T16:36:39,96058.457402976,413.0,106.73161933664,False
edqcafq7,n32_bsz128_lr3e-6,crashed,rachitbansal,2026-06-09T17:26:46,258923.256918775,1961.0,287.6925076875278,False
ag5qdrub,n8_bsz128_lr3e-6,crashed,rachitbansal,2026-06-09T19:15:50,599.390557397,7.0,0.6659895082188888,False
vhl7wke7,downsample_n64_dsk4_bsz128_lr1e-5,crashed,rachitbansal,2026-06-09T19:36:55,259029.844795824,1358.0,287.8109386620267,False
2e29ajqd,n16_bsz2_lr1e-6,crashed,cmohri,2026-06-09T21:10:18,32478.779479037,5471.0,36.08753275448555,False
17dxk27d,n16_bsz2_lr5e-7,crashed,cmohri,2026-06-09T21:15:00,30968.096555878,5470.0,34.40899617319778,False
18qr8fr2,n16_bsz2_lr2e-6,crashed,cmohri,2026-06-09T23:29:32,43466.225319656,5469.0,48.29580591072889,False
38qju69q,n16_bsz2_lr1e-5,crashed,cmohri,2026-06-10T02:45:42,29772.3345392,2762.0,33.080371710222224,False
85pb2fy4,n16_bsz4_lr3e-6,crashed,cmohri,2026-06-10T10:34:15,38310.611764794,2763.0,42.56734640532667,False
drk98up8,n16_bsz4_lr1e-5,crashed,cmohri,2026-06-10T11:07:08,44113.262937252,2790.0,49.01473659694667,False
fpp7audc,n8_bsz128_lr3e-6,crashed,rachitbansal,2026-06-10T13:55:38,150003.17578006,2083.0,166.6701953111778,False
3at28rhx,downsample_n64_dsk1_bsz128_lr1e-5,crashed,rachitbansal,2026-06-10T19:20:02,258852.370234071,1373.0,287.6137447045233,False
hkkc5y7i,downsample_n64_dsk4_bsz128_lr3e-6,crashed,rachitbansal,2026-06-10T19:27:20,258861.637339336,1149.0,287.62404148815114,False
82xqjz6z,n16_bsz2_lr3e-6,crashed,cmohri,2026-06-11T23:39:58,40620.962417835,2969.0,45.134402686483334,False
e8afakqt,n16_bsz2_lr1e-6,crashed,cmohri,2026-06-12T02:01:00,34622.285324269,8376.0,38.469205915854445,False
zk41hlkd,n16_bsz8_lr3e-6,crashed,cmohri,2026-06-12T04:43:09,53424.447341773,3281.0,59.360497046414444,False
34uu27tm,n2_bsz128_lr3e-6,crashed,rachitbansal,2026-06-12T05:25:44,65687.442494231,2083.0,72.98604721581222,False
dppoqguc,n4_bsz128_lr3e-6,crashed,rachitbansal,2026-06-12T05:46:57,91808.319255482,2083.0,102.00924361720222,False
02v9iqzv,n16_bsz2_lr3e-6,crashed,cmohri,2026-06-12T15:40:08,33731.923564473,5875.0,37.47991507163667,False
rivnk8mt,downsample_n64_dsk4_bsz128_lr3e-5,crashed,rachitbansal,2026-06-12T17:26:49,243897.782660145,1249.0,270.99753628905,False
gv2o9kqj,n16_bsz16_lr6e-6,crashed,cmohri,2026-06-12T19:17:02,89640.27514812,3131.0,99.60030572013333,False
hta5tmzf,n16_bsz16_lr3e-6,crashed,cmohri,2026-06-12T19:17:27,85262.020878099,4100.0,94.73557875344333,False
5r5ntwc4,n16_bsz128_lr3e-6,crashed,rachitbansal,2026-06-12T19:36:45,146369.39146683,2083.0,162.63265718536667,False
debz5sta,n16_bsz32_lr6e-6,crashed,cmohri,2026-06-12T19:38:06,89743.421830628,2993.0,99.71491314514222,False
z9nou13i,n16_bsz64_lr6e-6,crashed,cmohri,2026-06-13T04:30:24,89704.080024131,1546.0,99.67120002681223,False
5ni18phx,n64_bsz128_lr3e-6,crashed,rachitbansal,2026-06-13T19:21:09,151108.039582822,598.0,167.89782175869112,False
x0y2oqxg,n16_bsz64_lr1e-5,crashed,cmohri,2026-06-14T13:09:21,86962.9800642,1100.0,96.62553340466667,False
uwrmfwi0,n1_bsz128_lr3e-6,crashed,rachitbansal,2026-06-15T02:09:39,40198.811362844,1223.0,44.665345958715555,False
ffwq2tz3,downsample_n64_dsk1_bsz128_lr3e-6,crashed,rachitbansal,2026-06-21T17:57:35,100143.548106001,630.0,111.27060900666778,False
zvtlnh3w,downsample_n64_dsk1_bsz128_lr3e-5,crashed,rachitbansal,2026-06-21T17:57:35,159383.184365033,833.0,177.0924270722589,False
xlx0ttme,downsample_n64_dsk16_bsz128_lr3e-6,crashed,rachitbansal,2026-06-21T18:09:02,99363.514207119,547.0,110.40390467457668,False
ng1vbyy5,downsample_n64_dsk16_bsz128_lr3e-5,crashed,rachitbansal,2026-06-21T20:59:35,258963.970133799,1311.0,287.73774459311,False
prsr6kei,downsample_n64_dsk1_bsz128_lr1e-4,crashed,rachitbansal,2026-06-22T22:55:18,54771.935348879,233.0,60.85770594319889,False
jkwz0b05,downsample_n64_dsk16_bsz128_lr1e-4,crashed,rachitbansal,2026-06-22T23:13:42,53638.06871918,131.0,59.59785413242223,False
2ydkz37m,n1_bsz128_lr3e-6_seed1,crashed,rachitbansal,2026-06-24T15:58:14,66417.099202397,2083.0,73.79677689155223,False
462a0ny1,n1_bsz128_lr3e-6_seed2,crashed,rachitbansal,2026-06-24T15:58:14,61852.499507532,2083.0,68.72499945281334,False
c11ossix,downsample_n64_dsk1_bsz128_lr1e-5_seed1,crashed,rachitbansal,2026-06-24T20:59:41,259059.020772871,1357.0,287.8433564143011,False
7ai60pns,downsample_n64_dsk1_bsz128_lr1e-5_seed2,crashed,rachitbansal,2026-06-24T21:09:26,258911.168436604,1379.0,287.67907604067113,False
u70vsrac,n16_bsz8_lr4e-6,crashed,cmohri,2026-07-01T13:03:12,53005.6815125,3237.0,58.89520168055555,False
007jssex,n16_bsz8_lr8e-6,crashed,cmohri,2026-07-01T13:04:05,50454.708787022,3174.0,56.060787541135554,False
uzvp1hlp,n16_bsz16_lr1.6e-5,crashed,cmohri,2026-07-02T10:10:06,89672.135696302,2736.0,99.63570632922443,False
dtr2q3ku,n16_bsz32_lr3.2e-5,crashed,cmohri,2026-07-02T11:31:59,89543.368400384,1752.0,99.49263155598223,False
xyl60qwa,downsample_n64_dsk1_bsz128_lr1e-5_resume,crashed,rachitbansal,2026-07-02T16:57:16,258929.40438147,2616.0,287.69933820163334,False
dba0lt7l,downsample_n64_dsk4_bsz128_lr1e-5_resume,crashed,rachitbansal,2026-07-02T18:26:06,92781.193998558,1848.0,103.09021555395333,False
zhks26oj,n16_bsz64_lr6.4e-5,crashed,cmohri,2026-07-03T11:12:52,89473.559004138,918.0,99.41506556015334,False
hmj6ehbs,downsample_n64_dsk16_bsz128_lr1e-5_resume,crashed,rachitbansal,2026-07-05T17:31:22,129785.844346363,998.0,144.2064937181811,False
uch99eeq,downsample_n64_dsk1_bsz128_lr1e-5_seed1_resume,finished,rachitbansal,2026-07-07T02:50:18,,,0.0,False
7wqjo3m3,downsample_n64_dsk2_bsz128_lr1e-5,crashed,rachitbansal,2026-07-07T02:55:14,10293.986921453,67.0,11.43776324605889,False
cewg8og6,downsample_n64_dsk2_bsz128_lr1e-5,crashed,rachitbansal,2026-07-07T05:51:06,258893.798933832,1382.0,287.65977659314666,False
qfsyrdyz,downsample_n64_dsk2_bsz128_lr3e-5,crashed,rachitbansal,2026-07-07T05:51:27,209335.783747954,1113.0,232.59531527550445,False
vt0xrlg6,n2_bsz128_lr1e-6,crashed,rachitbansal,2026-08-05T19:07:12,64736.714605303,2083.0,71.92968289478111,False
war0rd3e,n16_bsz8_lr1.6e-5,crashed,cmohri,2026-08-05T21:29:40,60152.612195541,2606.0,66.83623577282333,False
qq2j13qw,n16_bsz4_lr5e-7,crashed,cmohri,2026-08-05T21:29:40,48853.360390497,3753.0,54.28151154499667,False
a1ug783k,n16_bsz32_lr3e-6,crashed,cmohri,2026-08-05T21:37:06,89758.29813466,3421.0,99.73144237184444,False
26v37rrd,n16_bsz32_lr4e-6,crashed,cmohri,2026-08-05T21:47:41,89564.153513589,3488.0,99.51572612621,False
vl0yrj4b,n4_bsz128_lr1e-6,crashed,rachitbansal,2026-08-06T05:08:04,89798.656280558,2035.0,99.77628475617556,False
ayrlvpqg,n16_bsz32_lr1.2e-5,crashed,cmohri,2026-08-06T11:09:10,89713.110375943,2935.0,99.68123375104777,False
36eloqng,n16_bsz128_lr1e-6,crashed,rachitbansal,2026-08-06T13:09:48,89755.156639695,754.0,99.72795182188332,False
uzpnmlip,n16_bsz32_lr1.6e-5,crashed,cmohri,2026-08-06T14:19:34,20112.926639722,576.0,22.34769626635778,False
seiwkccv,n64_bsz128_lr3e-5,crashed,rachitbansal,2026-08-06T16:11:26,89240.984300571,144.0,99.15664922285667,False
p71v78z8,n16_bsz64_lr3e-6,crashed,cmohri,2026-08-06T20:03:28,89471.63011898,1972.0,99.41292235442222,False
ao3zp0ic,n16_bsz64_lr4e-6,crashed,cmohri,2026-08-06T22:41:36,89583.619353353,2281.0,99.53735483705888,False
2e1wta20,n16_bsz256_lr1e-5,crashed,cmohri,2026-08-06T22:45:13,89641.704512761,779.0,99.60189390306778,False
4pgkhpzd,n16_bsz256_lr1.2e-5,crashed,cmohri,2026-08-07T12:14:32,89118.479277346,500.0,99.02053253038446,False
ky56flgr,n16_bsz4_lr3e-7,crashed,cmohri,2026-08-07T21:03:30,43149.358901102,3519.0,47.94373211233556,False
1m0pe3on,n16_bsz4_lr5e-7,crashed,cmohri,2026-08-07T23:42:21,45533.018272473,7226.0,50.59224252497,False
vhzc07wv,n16_bsz8_lr1.2e-5,crashed,cmohri,2026-08-07T23:45:51,89732.077963237,4215.0,99.70230884804111,False
8pdbb4eh,n16_bsz32_lr1.2e-5_kl0,crashed,cmohri,2026-08-17T16:10:39,89630.524774578,1907.0,99.58947197175334,False
aap4z31b,n16_bsz8_lr8e-6_kl0,crashed,cmohri,2026-08-17T16:10:39,72388.547386181,4442.0,80.43171931797889,False
eb9525ug,n16_bsz8_lr4e-6_kl0,crashed,cmohri,2026-08-17T16:10:39,55602.161090106,3820.0,61.780178989006664,False
x4bsg7bx,n16_bsz64_lr1.6e-5_kl0,crashed,cmohri,2026-08-17T16:11:14,89560.131948099,1291.0,99.51125772011001,False
d46a7r3j,n16_bsz256_lr3e-6,crashed,rachitbansal,2026-08-17T20:03:35,82920.326513414,673.0,92.13369612601555,False
vz7r36n8,n16_bsz16_lr1e-6,crashed,rachitbansal,2026-08-17T20:10:06,77974.189329778,3887.0,86.63798814419778,False
pw119z54,n16_bsz32_lr1e-6,crashed,rachitbansal,2026-08-17T20:10:44,77923.509733438,2892.0,86.58167748159778,False
1ioap1kz,n16_bsz512_lr1e-5_kl1e-3,crashed,cmohri,2026-08-28T21:12:13,89376.354888825,399.0,99.30706098758333,False
39ek9wob,n16_bsz512_lr3e-4_kl1e-3,crashed,cmohri,2026-08-28T21:12:13,88932.699279768,131.0,98.81411031085334,False
ogeuq407,n16_bsz512_lr1e-4_kl1e-3,crashed,cmohri,2026-08-28T21:12:13,89103.083918617,153.0,99.00342657624111,False
kh4my4in,downsample_n64_dsk2_bsz128_lr1e-5,crashed,rachitbansal,2026-08-28T21:15:32,172418.727034335,1008.0,191.57636337148332,False
ijaxyto7,downsample_n64_dsk2_bsz128_lr3e-5,crashed,rachitbansal,2026-08-29T01:14:21,172402.682030037,955.0,191.55853558893,False
xm4c3k63,downsample_n64_dsk2_bsz128_lr3e-6,crashed,rachitbansal,2026-08-29T12:05:13,172584.687848102,1078.0,191.7607642756689,False
64jh1zn6,n16_bsz512_lr3e-6_kl1e-3,crashed,cmohri,2026-08-30T18:34:28,89366.45923779,386.0,99.29606581976667,False
wlc5s5wa,n16_bsz512_lr5e-5_kl1e-3,crashed,cmohri,2026-08-30T18:45:43,89135.531972508,176.0,99.03947996945334,False
ygakomrh,downsample_n64_dsk2_bsz128_lr3e-5_resume,crashed,rachitbansal,2026-08-31T14:29:06,88984.176105478,1171.0,98.87130678386445,False
2sd8muaq,downsample_n64_dsk2_bsz128_lr1e-5_resume,crashed,rachitbansal,2026-08-31T14:29:12,172591.652712999,1764.0,191.76850301444333,False
f8an0p34,downsample_n64_dsk2_bsz128_lr1e-4,crashed,rachitbansal,2026-08-31T14:37:18,10930.338924902,77.0,12.14482102766889,False
tvxjus28,downsample_n64_dsk16_bsz128_lr1e-4,crashed,rachitbansal,2026-09-01T15:19:54,19986.623984244,73.0,22.207359982493333,False
7l8i57pt,downsample_n64_dsk4_bsz128_lr3e-5,crashed,rachitbansal,2026-09-01T15:20:27,84425.75995003,432.0,93.80639994447777,False
zbkclgpi,n16_bsz512_lr5e-5_kl1e-2,crashed,cmohri,2026-09-01T19:50:56,89296.247354209,433.0,99.21805261578778,False
zqc27v92,n16_bsz64_lr4e-6_kl1e-3_v2,crashed,cmohri,2026-09-01T19:51:27,89565.057648196,2313.0,99.51673072021778,False
wqa03xhe,n16_bsz128_lr1e-5_kl1e-3_v2,crashed,cmohri,2026-09-01T19:55:20,89544.068607736,968.0,99.49340956415111,False
z90ctm4w,n16_bsz8_lr4e-6_kl1e-2,crashed,cmohri,2026-09-02T16:02:35,53602.332231812,3687.0,59.55814692423555,False
t88kassw,n16_bsz8_lr8e-6_kl1e-2,crashed,cmohri,2026-09-03T20:47:56,53499.693011483,3685.0,59.44410334609223,False
vvbj6dyh,n16_bsz32_lr1.2e-5_kl1e-2,crashed,cmohri,2026-09-03T22:23:11,89499.47457679,3623.0,99.44386064087779,False
epyb3zdi,n16_bsz512_lr8e-5_kl1e-3,crashed,cmohri,2026-09-03T23:37:53,88936.592783712,161.0,98.81843642634666,False
tjme5d9c,downsample_n32_dsk31_bsz128_lr3e-6,crashed,rachitbansal,2026-09-04T19:53:46,172493.936308743,1419.0,191.65992923193667,False
kaoijltl,n16_bsz8_lr2e-6_kl1e-3_v2,crashed,cmohri,2026-09-04T20:45:43,58315.605011109,3817.0,64.79511667901001,False
mlcyu96o,n16_bsz16_lr4e-6_kl1e-3_v2,crashed,cmohri,2026-09-04T23:55:34,89515.345412795,4088.0,99.46149490310555,False
pixg1eys,n16_bsz32_lr6e-6_kl1e-3_v2,crashed,cmohri,2026-09-05T04:03:05,89718.583633572,2599.0,99.68731514841333,False
h5bcfc3f,n16_bsz64_lr6e-6_kl1e-3_v2,crashed,cmohri,2026-09-05T07:11:39,89511.301042612,2118.0,99.45700115845779,False
9zgsmhj9,n16_bsz256_lr2e-5_kl1e-3_v2,crashed,cmohri,2026-09-05T13:02:37,89714.707199994,450.0,99.68300799999332,False
hq7gsvhc,n16_bsz512_lr1e-5_kl1e-3_v2,crashed,cmohri,2026-09-06T00:55:36,89331.485258152,388.0,99.2572058423911,False
dvhs7mu3,n16_bsz8_lr2e-6_kl1e-2,crashed,cmohri,2026-09-06T21:03:26,54212.561043796,3678.0,60.23617893755111,False
spc06zkf,n16_bsz16_lr4e-6_kl1e-2,crashed,cmohri,2026-09-06T21:03:26,85992.809809925,4552.0,95.54756645547222,False
p2b8pajj,n16_bsz32_lr6e-6_kl1e-2,crashed,cmohri,2026-09-06T21:03:29,89579.813621003,3652.0,99.53312624555889,False
57q9qd1w,downsample_n64_dsk1_bsz128_lr3e-5_kl1e-2,crashed,rachitbansal,2026-09-07T00:51:52,172510.377009343,1051.0,191.6781966770478,False
b1o0ovev,downsample_n64_dsk4_bsz128_lr3e-5_kl1e-2,crashed,rachitbansal,2026-09-07T01:16:12,172581.200656202,1045.0,191.75688961800225,False
038pup6e,downsample_n64_dsk16_bsz128_lr3e-5_kl1e-2,crashed,rachitbansal,2026-09-07T01:50:59,172515.289333025,1025.0,191.68365481447222,False
spvvj03k,n16_bsz256_lr1e-5_kl1e-2,crashed,cmohri,2026-09-10T00:47:51,89553.980427641,833.0,99.50442269737889,False
faokkunu,n16_bsz64_lr6e-6_kl1e-2,crashed,cmohri,2026-09-10T01:11:35,89534.759696007,2291.0,99.48306632889665,False
hwylrsnx,downsample_n64_dsk16_bsz128_lr3e-5_kl1e-3_updated_scaling,crashed,cmohri,2026-09-11T15:58:51,172530.670289555,663.0,191.70074476617222,True
99ppw7gn,downsample_n64_dsk16_bsz128_lr3e-5_kl1e-2_updated_scaling,crashed,cmohri,2026-09-11T16:01:08,172262.534983458,1009.0,191.40281664828666,True
r7k75ag1,n16_bsz1024_lr5e-4_kl1e-3_updated_scaling,crashed,cmohri,2026-09-11T16:10:37,2754.471940089,2.0,3.0605243778766664,True
iaix95kx,n16_bsz1024_lr1e-4_kl1e-3_updated_scaling,crashed,cmohri,2026-09-11T16:11:04,7883.246533856,17.0,8.759162815395555,True
o07erf5g,n16_bsz1024_lr5e-5_kl1e-3_updated_scaling,crashed,cmohri,2026-09-11T17:25:08,3701.682927845,7.0,4.112981030938889,True
e1q9crg2,n16_bsz128_lr1e-5_kl1e-3_updated_scaling,crashed,cmohri,2026-09-11T18:39:59,89621.680674161,1292.0,99.57964519351223,True
8rxi7pj5,downsample_n64_dsk16_bsz128_lr1e-5_kl1e-3_updated_scaling,crashed,cmohri,2026-09-11T18:40:14,172299.618153021,969.0,191.44402017002332,True
twn5o3vh,downsample_n64_dsk2_bsz128_lr1e-5_kl1e-3_updated_scaling,crashed,cmohri,2026-09-13T22:58:15,160592.379326799,629.0,178.43597702977667,True
sn8fjld4,downsample_n64_dsk4_bsz128_lr1e-5_kl1e-3_updated_scaling,crashed,cmohri,2026-09-13T22:58:55,160421.677074074,941.0,178.2463078600822,True
4cpap54r,downsample_n64_dsk8_bsz128_lr1e-5_kl1e-3_updated_scaling,crashed,cmohri,2026-09-14T08:26:57,126153.367818548,641.0,140.17040868727554,True
ecxgpeul,n16_bsz1024_lr5e-5_kl1e-2_updated_scaling,crashed,cmohri,2026-09-16T01:10:34,42252.737565001,102.0,46.94748618333445,True
65obocny,n16_bsz1024_lr5e-5_kl1e-3_updated_scaling,crashed,cmohri,2026-09-16T01:10:49,63504.450342052,148.0,70.56050038005777,True
y82q06x7,n16_bsz1024_lr1e-4_kl1e-2_updated_scaling,crashed,cmohri,2026-09-16T01:10:53,63587.976756191,156.0,70.65330750687889,True
zxbilum9,n16_bsz1024_lr2e-5_kl1e-3_updated_scaling,crashed,cmohri,2026-09-16T01:10:53,42328.540555288,95.0,47.031711728097775,True
00l4ed3j,n16_bsz512_lr1e-5_kl1e-3_updated_scaling,crashed,cmohri,2026-09-16T13:03:02,29972.260391015,138.0,33.30251154557222,True
molfti6k,n16_bsz512_lr2e-5_kl1e-3_updated_scaling,crashed,cmohri,2026-09-16T13:03:09,16168.437525091,69.0,17.964930583434445,True
fcf7z75x,n16_bsz512_lr1e-5_kl1e-2_updated_scaling,crashed,cmohri,2026-09-16T17:39:33,77158.655834759,370.0,85.73183981639889,True
uvo8wg2s,n16_bsz512_lr2e-5_kl1e-2_updated_scaling,crashed,cmohri,2026-09-16T18:57:01,72562.566055909,351.0,80.62507339545445,True
2xx2erxi,n16_bsz1024_lr1e-5_kl1e-3_updated_scaling,crashed,cmohri,2026-09-16T18:58:52,79692.445002524,173.0,88.54716111391555,True
q44d4fds,n16_bsz1024_lr3e-5_kl1e-3_updated_scaling,crashed,cmohri,2026-09-16T21:27:40,59316.03194476,97.0,65.90670216084445,True
s7pl70zw,n16_bsz1024_lr2e-5_kl1e-2_updated_scaling,crashed,cmohri,2026-09-17T14:06:19,17927.892720269,42.0,19.919880800298888,True
2rk2n06n,n16_bsz128_lr1e-5_kl1e-2_updated_scaling,crashed,cmohri,2026-09-17T14:34:50,16227.427604285,262.0,18.03047511587222,True
dhoy995w,n16_bsz128_lr2e-5_kl1e-2_updated_scaling,crashed,cmohri,2026-09-17T14:35:17,39198.76949141,640.0,43.554188323788885,True
fui4pm0m,n16_bsz256_lr2e-5_kl1e-2_updated_scaling,crashed,cmohri,2026-09-17T15:14:05,13873.239654285,130.0,15.414710726983333,True
6k5prjwm,n16_bsz512_lr5e-6_kl1e-2_updated_scaling,crashed,cmohri,2026-09-17T15:16:41,36821.326666014,176.0,40.91258518446,True
5n4oaopg,n16_bsz64_lr1e-5_kl1e-2_updated_scaling,crashed,cmohri,2026-09-17T15:19:10,36661.678087368,998.0,40.735197874853334,True
2zd05hgn,n16_bsz256_lr5e-6_kl1e-2_updated_scaling,crashed,cmohri,2026-09-17T17:20:14,29370.316131759,281.0,32.63368459084333,True
vmuhjsdb,n16_bsz1024_lr3e-5_kl1e-2_updated_scaling,crashed,cmohri,2026-09-17T19:11:04,2525.333907166,5.0,2.8059265635177777,True
tdgacsg0,n16_bsz2048_lr2e-5_kl1e-2_updated_scaling,crashed,cmohri,2026-09-17T20:07:49,60913.183090189,68.0,67.68131454465444,True
5jq2o3g9,n16_bsz2048_lr1e-5_kl1e-3_updated_scaling,crashed,cmohri,2026-09-18T01:53:55,39688.573629205,42.0,44.09841514356111,True
3o3ymcvs,n16_bsz2048_lr2e-5_kl1e-3_updated_scaling,crashed,cmohri,2026-09-18T01:57:11,39608.91395304,42.0,44.00990439226666,True
m11xpgkx,n16_bsz1024_lr3e-5_kl1e-2_updated_scaling,crashed,cmohri,2026-09-18T01:58:32,39624.027340667,94.0,44.02669704518556,True
mbs1fgvy,downsample_n64_dsk1_bsz128_lr1e-5_updated_scaling,crashed,rachitbansal,2026-09-18T05:19:25,70561.476546183,400.0,78.40164060686999,True
txljdxmv,n16_bsz2048_lr5e-5_kl1e-2_updated_scaling,crashed,cmohri,2026-09-18T13:16:56,18566.561477534,20.0,20.629512752815554,True
6od6xwj8,n16_bsz2048_lr3e-5_kl1e-2_updated_scaling,crashed,cmohri,2026-09-18T13:17:05,23838.31698701,26.0,26.487018874455554,True
8ltojkc7,n16_bsz2048_lr3e-5_kl1e-3_updated_scaling,crashed,cmohri,2026-09-18T13:26:04,17724.11475508,17.0,19.693460838977778,True
2onvvgcq,n16_bsz2048_lr1e-5_kl1e-2_updated_scaling,crashed,cmohri,2026-09-18T14:04:49,21672.844471529,23.0,24.080938301698886,True
okykks41,downsample_n64_dsk2_bsz128_lr1e-5_updated_scaling,crashed,rachitbansal,2026-09-18T15:40:25,1696.293769709,10.0,1.8847708552322222,True
ew5inav7,downsample_n64_dsk4_bsz128_lr1e-5_updated_scaling,crashed,rachitbansal,2026-09-18T15:41:20,1587.293423386,9.0,1.7636593593177778,True
otv4fd4l,downsample_n64_dsk2_bsz128_lr3e-6_updated_scaling,crashed,rachitbansal,2026-09-18T16:13:14,21729.597092578,136.0,24.14399676953111,True
oknm7pc6,downsample_n64_dsk1_bsz128_lr3e-6_updated_scaling,crashed,rachitbansal,2026-09-18T16:14:08,21560.787557802,136.0,23.95643061978,True
21w7ju28,n16_bsz4096_lr5e-5_kl0.001_updated_scaling,crashed,cmohri,2026-09-18T19:14:24,89114.242682602,49.0,99.01582520289111,True
63f5u9oc,n16_bsz4096_lr3e-5_kl0.001_updated_scaling,crashed,cmohri,2026-09-18T19:14:31,88814.047765565,45.0,98.68227529507223,True
qsefs92p,n16_bsz4096_lr5e-5_kl0.01_updated_scaling,finished,cmohri,2026-09-18T20:26:08,24172.196263985,14.0,26.85799584887222,True
fgwblkvc,n16_bsz4096_lr1e-4_kl0.01_updated_scaling,finished,cmohri,2026-09-18T20:26:18,53094.1915575,30.0,58.993546175000006,True
ywzjlk9m,downsample_n64_dsk2_bsz128_lr1e-5_updated_scaling_resume,crashed,rachitbansal,2026-09-18T22:18:43,9460.465928735,626.0,10.511628809705556,True
hbm01qj9,downsample_n64_dsk4_bsz128_lr1e-5_updated_scaling_resume,crashed,rachitbansal,2026-09-18T22:19:45,9386.241629345,957.0,10.42915736593889,True
14aa96i5,n32_bsz128_lr1e-5_kl0.001_updated_scaling,crashed,rachitbansal,2026-09-19T01:06:02,29445.3530638,223.0,32.71705895977778,True
gpbwt88o,n32_bsz128_lr2e-5_kl0.001_updated_scaling,crashed,rachitbansal,2026-09-19T01:06:15,44794.143649155,323.0,49.77127072128333,True
pg16wya8,n32_bsz128_lr5e-6_kl0.001_updated_scaling,crashed,rachitbansal,2026-09-19T01:08:39,28195.954704159,223.0,31.328838560176667,True
s599ju89,n16_bsz2048_lr5e-5_kl0.001_updated_scaling,finished,cmohri,2026-09-19T03:49:23,19174.976804934,20.0,21.30552978326,True
m489wari,downsample_n64_dsk2_bsz128_lr1e-5_kl0.001_updated_scaling,crashed,rachitbansal,2026-09-19T04:01:45,32015.067027582,204.0,35.572296697313334,True
z4zy57un,downsample_n64_dsk8_bsz128_lr1e-5_kl0.001_updated_scaling,crashed,rachitbansal,2026-09-19T04:22:31,30839.52380753,190.0,34.26613756392222,True
91g5hu14,downsample_n64_dsk1_bsz128_lr3e-6_kl0.001_updated_scaling,crashed,rachitbansal,2026-09-19T04:29:10,30453.876772433,218.0,33.83764085825889,True
lxoiy25l,downsample_n64_dsk4_bsz128_lr3e-6_kl0.001_updated_scaling,crashed,rachitbansal,2026-09-19T04:30:11,29965.394273824,203.0,33.29488252647111,True
899xfy54,downsample_n64_dsk16_bsz128_lr3e-6_kl0.001_updated_scaling,crashed,rachitbansal,2026-09-19T05:05:47,1952.819880425,12.0,2.169799867138889,True
ket5dnxq,downsample_n64_dsk16_bsz128_lr3e-6_kl0.001_updated_scaling,crashed,rachitbansal,2026-09-19T05:44:54,460.590220164,2.0,0.5117669112933334,True
jrhggo6y,n64_bsz128_lr1e-5_kl0.001_updated_scaling,crashed,rachitbansal,2026-09-19T05:57:04,56937.761436602,123.0,63.26417937400222,True
dp7wma01,n64_bsz128_lr2e-5_kl0.001_updated_scaling,crashed,rachitbansal,2026-09-19T05:59:33,109652.54344372,265.0,121.83615938191112,True
tqi0iqqa,downsample_n64_dsk1_bsz128_lr1e-5_kl0.001_updated_scaling,crashed,rachitbansal,2026-09-19T06:07:45,475.859685655,2.0,0.5287329840611111,True
ppfxjuay,downsample_n64_dsk16_bsz128_lr3e-6_kl0.001_updated_scaling,crashed,rachitbansal,2026-09-19T06:14:42,1651.481960192,10.0,1.834979955768889,True
hfpimf13,downsample_n64_dsk8_bsz128_lr3e-6_kl0.001_updated_scaling,crashed,rachitbansal,2026-09-19T06:19:40,1312.864554654,7.0,1.4587383940599998,True
k86ybnia,downsample_n64_dsk2_bsz128_lr3e-6_kl0.001_updated_scaling,crashed,rachitbansal,2026-09-19T06:20:00,1245.683724433,7.0,1.3840930271477778,True
9gma7d7v,downsample_n64_dsk4_bsz128_lr1e-5_kl0.001_updated_scaling,crashed,rachitbansal,2026-09-19T06:40:13,,,0.0,True
nq0gk16s,downsample_n64_dsk1_bsz128_lr1e-5_kl0.001_updated_scaling,crashed,rachitbansal,2026-09-19T06:45:23,22492.749749784,133.0,24.991944166426666,True
s27vyay6,downsample_n64_dsk16_bsz128_lr1e-5_kl0.001_updated_scaling,crashed,rachitbansal,2026-09-19T06:46:49,22476.774112282,96.0,24.97419345809111,True
p7jrpykd,downsample_n64_dsk16_bsz128_lr3e-6_kl0.001_updated_scaling,crashed,rachitbansal,2026-09-19T06:53:17,14704.139586612,93.0,16.337932874013333,True
gd6oh061,downsample_n64_dsk2_bsz128_lr3e-6_kl0.001_updated_scaling,crashed,rachitbansal,2026-09-19T06:55:25,621.40157424,3.0,0.6904461935999999,True
yehr4puw,downsample_n64_dsk4_bsz128_lr1e-5_kl0.001_updated_scaling,crashed,rachitbansal,2026-09-19T06:58:17,488.927134076,2.0,0.5432523711955556,True
ebzrd30d,downsample_n64_dsk8_bsz128_lr3e-6_kl0.001_updated_scaling,crashed,rachitbansal,2026-09-19T07:02:32,188.335654037,,0.2092618378188889,True
lpbs99ai,downsample_n64_dsk4_bsz128_lr1e-5_kl0.001_updated_scaling,crashed,rachitbansal,2026-09-19T07:25:19,,,0.0,True
8zcxbw62,downsample_n64_dsk2_bsz128_lr3e-6_kl0.001_updated_scaling,crashed,rachitbansal,2026-09-19T07:25:21,,,0.0,True
hk6ilvhb,downsample_n64_dsk8_bsz128_lr3e-6_kl0.001_updated_scaling,crashed,rachitbansal,2026-09-19T07:25:41,,,0.0,True
gupmktmn,downsample_n64_dsk2_bsz128_lr3e-6_kl0.001_updated_scaling,crashed,rachitbansal,2026-09-19T07:32:47,173.87743799,,0.19319715332222223,True
v0iogomj,downsample_n64_dsk8_bsz128_lr3e-6_kl0.001_updated_scaling,crashed,rachitbansal,2026-09-19T07:32:57,181.662306973,,0.20184700774777778,True
ua71qadj,downsample_n64_dsk4_bsz128_lr1e-5_kl0.001_updated_scaling,crashed,rachitbansal,2026-09-19T07:33:32,180.175825505,,0.20019536167222224,True
30cei56y,downsample_n64_dsk8_bsz128_lr3e-6_kl0.001_updated_scaling,crashed,rachitbansal,2026-09-19T07:44:29,18912.40170397,113.0,21.013779671077778,True
qas9yywv,downsample_n64_dsk2_bsz128_lr3e-6_kl0.001_updated_scaling,crashed,rachitbansal,2026-09-19T07:44:30,18948.782509365,120.0,21.054202788183332,True
6ay92z8d,downsample_n64_dsk4_bsz128_lr1e-5_kl0.001_updated_scaling,crashed,rachitbansal,2026-09-19T07:44:44,3820.318450412,23.0,4.244798278235556,True
nkc4f855,downsample_n64_dsk4_bsz128_lr1e-5_kl0.001_updated_scaling,crashed,rachitbansal,2026-09-19T08:55:32,14614.108900352,88.0,16.237898778168887,True
6otcrqz3,n16_bsz2048_lr1e-4_kl0.01_updated_scaling,crashed,cmohri,2026-09-19T10:42:06,35518.851509029,41.0,39.46539056558778,True
x6x7939w,downsample_n64_dsk16_bsz128_lr3e-6_kl0.001_updated_scaling,crashed,rachitbansal,2026-09-19T11:15:12,2965.594466105,19.0,3.295104962338889,True
239z00mn,downsample_n64_dsk16_bsz128_lr3e-6_kl0.001_updated_scaling,crashed,rachitbansal,2026-09-19T12:53:52,476.755357237,2.0,0.5297281747077778,True
iqu4necy,downsample_n64_dsk4_bsz128_lr3e-6_kl0.001_updated_scaling,crashed,rachitbansal,2026-09-19T12:57:26,175.377531903,,0.19486392433666666,True
28w6jf8o,downsample_n64_dsk2_bsz128_lr1e-5_kl0.001_updated_scaling,crashed,rachitbansal,2026-09-19T13:05:21,470.342699277,202.0,0.5226029991966666,True
uj6coy5s,downsample_n64_dsk1_bsz128_lr1e-5_kl0.001_updated_scaling,crashed,rachitbansal,2026-09-19T13:06:17,450.897631366,101.0,0.5009973681844444,True
1kjjpest,downsample_n64_dsk8_bsz128_lr1e-5_kl0.001_updated_scaling,crashed,rachitbansal,2026-09-19T13:14:20,1331.842047059,107.0,1.479824496732222,True
m1vv3137,downsample_n64_dsk8_bsz128_lr3e-6_kl0.001_updated_scaling,crashed,rachitbansal,2026-09-19T13:18:47,1692.563478714,109.0,1.88062608746,True
soh59mqc,downsample_n64_dsk2_bsz128_lr1e-5_kl0.001_updated_scaling,crashed,rachitbansal,2026-09-19T13:20:08,,,0.0,True
mjvhyqaj,n16_bsz4096_lr1e-4_kl0.001_updated_scaling,crashed,cmohri,2026-09-19T13:27:47,25650.201162126,11.0,28.500223513473333,True
kjryf7xx,n64_bsz128_lr5e-6_kl0.001_updated_scaling,crashed,rachitbansal,2026-09-19T13:37:16,38190.338752377,148.0,42.433709724863334,True
jstebduy,downsample_n64_dsk4_bsz128_lr3e-6_kl0.001_updated_scaling,crashed,rachitbansal,2026-09-19T13:40:39,96008.784789817,773.0,106.67642754424111,True
qcmgxq3i,downsample_n64_dsk2_bsz128_lr1e-5_kl0.001_updated_scaling,crashed,rachitbansal,2026-09-19T13:40:42,104355.750191644,725.0,115.9508335462711,True
d2h9jd68,downsample_n64_dsk1_bsz128_lr3e-6_kl0.001_updated_scaling,crashed,rachitbansal,2026-09-19T13:41:06,14027.142723214,300.0,15.585714136904445,True
smun2nl9,downsample_n64_dsk2_bsz128_lr3e-6_kl0.001_updated_scaling,crashed,rachitbansal,2026-09-19T13:41:12,340.788159994,101.0,0.37865351110444445,True
7cri05ld,downsample_n64_dsk1_bsz128_lr1e-5_kl0.001_updated_scaling,crashed,rachitbansal,2026-09-19T13:41:26,187.463446542,,0.20829271838000002,True
46f0vls2,downsample_n64_dsk16_bsz128_lr3e-6_kl0.001_updated_scaling,crashed,rachitbansal,2026-09-19T13:43:35,,,0.0,True
ruyxhh09,downsample_n64_dsk16_bsz128_lr3e-6_kl0.001_updated_scaling,crashed,rachitbansal,2026-09-19T13:50:32,3451.755235292,22.0,3.8352835947688892,True
l6odc689,downsample_n64_dsk8_bsz128_lr3e-6_kl0.001_updated_scaling,crashed,rachitbansal,2026-09-19T13:55:16,183.798294491,,0.20422032721222222,True
k2qzxlyi,downsample_n64_dsk2_bsz128_lr3e-6_kl0.001_updated_scaling,crashed,rachitbansal,2026-09-19T14:01:08,980.775167652,105.0,1.08975018628,True
si0gzwx4,downsample_n64_dsk1_bsz128_lr1e-5_kl0.001_updated_scaling,crashed,rachitbansal,2026-09-19T14:01:49,,,0.0,True
3ywfo1qj,downsample_n64_dsk1_bsz128_lr1e-5_kl0.001_updated_scaling,crashed,rachitbansal,2026-09-19T14:22:17,10669.149680698,161.0,11.85461075633111,True
3z580hcv,downsample_n64_dsk8_bsz128_lr3e-6_kl0.001_updated_scaling,crashed,rachitbansal,2026-09-19T14:22:56,10597.223958562,161.0,11.774693287291111,True
p4dg5cja,downsample_n64_dsk2_bsz128_lr3e-6_kl0.001_updated_scaling,crashed,rachitbansal,2026-09-19T14:51:53,5160.335064824,131.0,5.733705627582222,True
lngldi9i,downsample_n64_dsk16_bsz128_lr3e-6_kl0.001_updated_scaling,crashed,rachitbansal,2026-09-19T16:31:10,81573.062519785,473.0,90.63673613309444,True
iygoais2,downsample_n64_dsk2_bsz128_lr3e-6_kl0.001_updated_scaling,crashed,rachitbansal,2026-09-19T16:32:43,598.094149242,127.0,0.6645490547133333,True
rc6fyywc,downsample_n64_dsk2_bsz128_lr3e-6_kl0.001_updated_scaling,crashed,rachitbansal,2026-09-19T17:26:31,490.037737209,127.0,0.5444863746766667,True
v1pwxl80,downsample_n64_dsk1_bsz128_lr1e-5_kl0.001_updated_scaling,crashed,rachitbansal,2026-09-19T17:39:55,193.251049218,,0.21472338802,True
h8lozxo5,downsample_n64_dsk8_bsz128_lr3e-6_kl0.001_updated_scaling,crashed,rachitbansal,2026-09-19T18:45:08,,,0.0,True
739c5jmj,downsample_n64_dsk2_bsz128_lr3e-6_kl0.001_updated_scaling,crashed,rachitbansal,2026-09-19T18:57:58,,,0.0,True
lq6zrvir,downsample_n64_dsk1_bsz128_lr1e-5_kl0.001_updated_scaling,crashed,rachitbansal,2026-09-19T19:40:16,1689.088819097,159.0,1.8767653545522223,True
jm3aqvho,downsample_n64_dsk1_bsz128_lr3e-6_kl0.001_updated_scaling,crashed,rachitbansal,2026-09-19T20:12:33,66874.82106581,748.0,74.30535673978889,True
6um2hcna,n16_bsz4096_lr3e-5_kl0.01_updated_scaling,finished,cmohri,2026-09-19T20:15:42,31674.948412141,17.0,35.19438712460111,True
gpcioec0,downsample_n64_dsk2_bsz128_lr3e-6_kl0.001_updated_scaling,crashed,rachitbansal,2026-09-19T20:18:30,630.399457915,128.0,0.7004438421277778,True
60a9j4lp,downsample_n64_dsk8_bsz128_lr1e-5_kl0.001_updated_scaling,crashed,rachitbansal,2026-09-19T20:29:56,79612.82996655,523.0,88.45869996283332,True
hdezd08k,downsample_n64_dsk1_bsz128_lr1e-5_kl0.001_updated_scaling,crashed,rachitbansal,2026-09-19T20:40:50,,,0.0,True
9rkxvim7,downsample_n64_dsk8_bsz128_lr3e-6_kl0.001_updated_scaling,crashed,rachitbansal,2026-09-19T20:49:11,342.665997882,151.0,0.38073999764666666,True
k18okaij,n32_bsz256_lr3e-5_kl0.001_updated_scaling,crashed,cmohri,2026-09-19T20:59:59,19515.8035234,52.0,21.684226137111114,True
z2gmactp,n32_bsz256_lr1e-5_kl0.001_updated_scaling,crashed,cmohri,2026-09-19T21:02:11,19393.984737442,86.0,21.54887193049111,True
8kqtzm2h,n32_bsz256_lr2e-5_kl0.001_updated_scaling,finished,cmohri,2026-09-19T21:02:38,18207.021265758,80.0,20.230023628620003,True
bvc135sn,downsample_n64_dsk2_bsz128_lr3e-6_kl0.001_updated_scaling,crashed,rachitbansal,2026-09-20T01:28:46,477.129402895,127.0,0.5301437809944445,True
dn4sw29u,downsample_n64_dsk1_bsz128_lr1e-5_kl0.001_updated_scaling,crashed,rachitbansal,2026-09-20T01:44:02,,,0.0,True
liyv4lmg,n64_bsz256_lr1e-5_kl0.001_updated_scaling,crashed,cmohri,2026-09-20T02:12:20,427.186976355,,0.47465219595,True
d1f6tiz9,n16_bsz8192_lr1e-4_kl0.001_updated_scaling,crashed,cmohri,2026-09-20T02:34:22,55983.083275469,13.0,62.20342586163222,True
pql2mzxc,n16_bsz8192_lr5e-5_kl0.001_updated_scaling,finished,cmohri,2026-09-20T02:34:29,39712.943312838,9.0,44.12549256982,True
j29kdkdf,n16_bsz128_lr5e-6_kl1e-2_updated_scaling,crashed,cmohri,2026-09-20T03:12:15,63430.474799046,998.0,70.47830533227334,True
919a2eff,downsample_n64_dsk2_bsz128_lr3e-6_kl0.001_updated_scaling,crashed,rachitbansal,2026-09-20T03:39:04,812.335021186,128.0,0.9025944679844444,True
7oiw6sn1,downsample_n64_dsk1_bsz128_lr1e-5_kl0.001_updated_scaling,crashed,rachitbansal,2026-09-20T03:41:22,524.980429155,152.0,0.58331158795,True
rmcroya9,n128_bsz128_lr1e-5_kl0.001_updated_scaling,crashed,rachitbansal,2026-09-20T10:49:14,1279.838686998,2.0,1.4220429855533332,True
7me7jdlj,n16_bsz8192_lr5e-5_kl0.01_updated_scaling,finished,cmohri,2026-09-20T14:17:28,36076.17674622,9.0,40.084640829133335,True
n0czx78f,n16_bsz8192_lr1e-4_kl0.01_updated_scaling,finished,cmohri,2026-09-20T14:30:08,61286.316522813,15.0,68.09590724757,True
ca3ecl4t,downsample_n64_dsk4_bsz128_lr1e-5_kl0.001_updated_scaling,crashed,rachitbansal,2026-09-20T14:50:09,13889.217942828,93.0,15.432464380919999,True
bzsx828c,n16_bsz8192_lr3e-5_kl0.001_updated_scaling,crashed,cmohri,2026-09-20T14:54:40,39397.787011608,8.0,43.77531890178667,True
nc02uxo3,downsample_n64_dsk16_bsz128_lr1e-5_kl0.001_updated_scaling,crashed,rachitbansal,2026-09-20T15:06:45,12806.487513657,78.0,14.22943057073,True
kydecmzl,n128_bsz128_lr3e-5_kl0.001_updated_scaling,crashed,rachitbansal,2026-09-20T15:17:09,1255.112296146,2.0,1.39456921794,True
3cte6hm4,n128_bsz128_lr3e-6_kl0.001_updated_scaling,crashed,rachitbansal,2026-09-20T17:28:00,1648.292256769,3.0,1.8314358408544444,True
lwoiwkf6,n128_bsz128_lr1e-5_kl0.001_updated_scaling,crashed,rachitbansal,2026-09-20T18:05:06,2056.04468278,4.0,2.284494091977778,True
1dhiup0c,n128_bsz128_lr3e-5_kl0.001_updated_scaling,crashed,rachitbansal,2026-09-20T18:19:43,1251.947678319,2.0,1.39105297591,True
4r4h00sj,downsample_n64_dsk4_bsz128_lr1e-5_kl0.001_updated_scaling,crashed,rachitbansal,2026-09-20T18:45:17,4856.504103673,34.0,5.396115670747777,True
7q9hugfx,n128_bsz128_lr1e-5_kl0.001_updated_scaling,finished,rachitbansal,2026-09-20T18:45:39,49267.464247379,100.0,54.741626941532225,True
j2kan1h8,n128_bsz128_lr3e-5_kl0.001_updated_scaling,crashed,rachitbansal,2026-09-20T18:45:44,59763.306522185,100.0,66.40367391353888,True
3thoch7y,n16_bsz8192_lr3e-5_kl0.01_updated_scaling,finished,cmohri,2026-09-20T19:13:58,58352.110383268,14.0,64.83567820363112,True
kbx0osnd,n128_bsz128_lr3e-6_kl0.001_updated_scaling,crashed,rachitbansal,2026-09-20T19:19:34,58325.037097099,131.0,64.80559677455445,True
grig3f8b,downsample_n64_dsk16_bsz128_lr1e-5_kl0.001_updated_scaling,crashed,rachitbansal,2026-09-20T21:43:16,1826.598593728,11.0,2.029553993031111,True
2plvsrkc,downsample_n64_dsk2_bsz128_lr1e-5_kl0.001_updated_scaling,crashed,rachitbansal,2026-09-21T00:49:07,,,0.0,True
nib15r5j,n16_bsz16_lr3e-6_kl0.01_updated_scaling,finished,cmohri,2026-09-21T02:22:14,34556.971638816,1925.0,38.39663515424,True
0wgxs9y7,n16_bsz16_lr6e-6_kl0.01_updated_scaling,crashed,cmohri,2026-09-21T02:27:47,43472.53041964,2392.0,48.30281157737778,True
28vyjv9v,downsample_n64_dsk16_bsz128_lr1e-5_kl0.001_updated_scaling,finished,rachitbansal,2026-09-21T07:28:40,43960.416298396,250.0,48.84490699821777,True
gewcfxay,n16_bsz32_lr4e-6_kl0.01_updated_scaling,crashed,cmohri,2026-09-21T07:38:46,24823.457485734,1059.0,27.581619428593335,True
zeuup15u,downsample_n64_dsk4_bsz128_lr1e-5_kl0.001_updated_scaling,crashed,rachitbansal,2026-09-21T07:52:25,444.519630785,27.0,0.4939107008722222,True
mu28lvb9,downsample_n64_dsk2_bsz128_lr1e-5_kl0.001_updated_scaling,crashed,rachitbansal,2026-09-21T08:24:59,,,0.0,True
v0h9yqga,downsample_n64_dsk4_bsz128_lr1e-5_kl0.001_updated_scaling,crashed,rachitbansal,2026-09-21T10:19:41,1794.832994796,37.0,1.9942588831066668,True
4zjl9j3i,downsample_n64_dsk2_bsz128_lr1e-5_kl0.001_updated_scaling,crashed,rachitbansal,2026-09-21T10:20:03,833.143895313,704.0,0.9257154392366667,True
vh7dipu4,n16_bsz64_lr2e-5_kl0.01_updated_scaling,crashed,cmohri,2026-09-21T11:34:09,22242.203136533,661.0,24.713559040592223,True
2e03u9xp,downsample_n64_dsk4_bsz128_lr1e-5_kl0.001_updated_scaling,running,rachitbansal,2026-09-21T11:35:42,96977.693122182,636.0,107.75299235797999,True
6nqbcnx2,downsample_n64_dsk2_bsz128_lr1e-5_kl0.001_updated_scaling,running,rachitbansal,2026-09-21T11:36:26,97046.352035921,1262.0,107.82928003991222,True
1cu20f46,n16_bsz256_lr3e-5_kl0.01_updated_scaling,crashed,cmohri,2026-09-21T12:05:39,20268.207356901,194.0,22.520230396556666,True
12s1glw5,downsample_n64_dsk8_bsz128_lr3e-6_kl0.001_updated_scaling,crashed,rachitbansal,2026-09-21T13:47:07,2701.332047777,165.0,3.0014800530855554,True
jqlw38iz,downsample_n64_dsk1_bsz128_lr1e-5_kl0.001_updated_scaling,crashed,rachitbansal,2026-09-21T13:53:39,,,0.0,True
c9yh8xpt,n16_bsz16_lr2e-6_kl0.01_updated_scaling,crashed,cmohri,2026-09-21T14:39:44,37794.262574078,2077.0,41.99362508230889,True
fljvz367,downsample_n64_dsk2_bsz128_lr3e-6_kl0.001_updated_scaling,crashed,rachitbansal,2026-09-21T17:01:36,356.025466094,126.0,0.39558385121555556,True
t5qfrr0c,downsample_n64_dsk1_bsz128_lr1e-5_kl0.001_updated_scaling,crashed,rachitbansal,2026-09-21T17:30:15,,,0.0,True
clh7itjg,downsample_n64_dsk8_bsz128_lr3e-6_kl0.001_updated_scaling,crashed,rachitbansal,2026-09-21T18:37:24,363.46036639,151.0,0.40384485154444444,True
yav0emzu,downsample_n64_dsk2_bsz128_lr3e-6_kl0.001_updated_scaling,crashed,rachitbansal,2026-09-21T18:49:04,801.479943233,129.0,0.8905332702588888,True
galnvpzm,downsample_n64_dsk1_bsz128_lr1e-5_kl0.001_updated_scaling,crashed,rachitbansal,2026-09-21T18:49:19,374.183827076,151.0,0.4157598078622222,True
qw54n3b3,downsample_n64_dsk8_bsz128_lr3e-6_kl0.001_updated_scaling,crashed,rachitbansal,2026-09-21T18:55:11,,,0.0,True
eebbijg9,downsample_n64_dsk2_bsz128_lr3e-6_kl0.001_updated_scaling,crashed,rachitbansal,2026-09-21T19:14:24,325.702508767,126.0,0.36189167640777775,True
lw3vpu78,downsample_n64_dsk8_bsz128_lr3e-6_kl0.001_updated_scaling,crashed,rachitbansal,2026-09-21T19:28:59,364.166843899,151.0,0.40462982655444446,True
q8p6b008,downsample_n64_dsk1_bsz128_lr1e-5_kl0.001_updated_scaling,crashed,rachitbansal,2026-09-21T19:29:47,,,0.0,True
zfc1mi4l,downsample_n64_dsk2_bsz128_lr3e-6_kl0.001_updated_scaling,crashed,rachitbansal,2026-09-21T19:41:23,,,0.0,True
d8gk4n7i,downsample_n64_dsk1_bsz128_lr1e-5_kl0.001_updated_scaling,crashed,rachitbansal,2026-09-21T19:51:30,,,0.0,True
m2sk5y86,downsample_n64_dsk8_bsz128_lr3e-6_kl0.001_updated_scaling,crashed,rachitbansal,2026-09-21T20:02:33,229.693318844,,0.2552147987155556,True
v0q1i8c8,downsample_n64_dsk1_bsz128_lr1e-5_kl0.001_updated_scaling,crashed,rachitbansal,2026-09-21T20:11:52,686.045083487,153.0,0.7622723149855556,True
2soa1ho9,downsample_n64_dsk2_bsz128_lr3e-6_kl0.001_updated_scaling,crashed,rachitbansal,2026-09-21T20:13:05,,,0.0,True
l1ne6ph1,downsample_n64_dsk8_bsz128_lr3e-6_kl0.001_updated_scaling,crashed,rachitbansal,2026-09-21T20:28:14,352.225565465,151.0,0.3913617394055555,True
92o7hfxd,downsample_n64_dsk2_bsz128_lr3e-6_kl0.001_updated_scaling,crashed,rachitbansal,2026-09-21T20:28:18,335.89115572,126.0,0.37321239524444444,True
v7un6tts,downsample_n64_dsk1_bsz128_lr1e-5_kl0.001_updated_scaling,crashed,rachitbansal,2026-09-21T20:39:21,,,0.0,True
3anhyd8z,downsample_n64_dsk2_bsz128_lr3e-6_kl0.001_updated_scaling,crashed,rachitbansal,2026-09-21T20:48:02,1003.496623138,130.0,1.114996247931111,True
9pttjd0m,downsample_n64_dsk8_bsz128_lr3e-6_kl0.001_updated_scaling,crashed,rachitbansal,2026-09-21T20:57:27,,,0.0,True
9xeh0peg,downsample_n64_dsk1_bsz128_lr1e-5_kl0.001_updated_scaling,crashed,rachitbansal,2026-09-21T21:03:08,,,0.0,True
i0gt0wsw,downsample_n64_dsk1_bsz128_lr1e-5_kl0.001_updated_scaling,running,rachitbansal,2026-09-21T21:28:08,61433.50071406,548.0,68.25944523784445,True
59w9tllv,downsample_n64_dsk8_bsz128_lr3e-6_kl0.001_updated_scaling,running,rachitbansal,2026-09-21T21:34:49,61065.732601673,523.0,67.8508140018589,True
xr6u16bu,downsample_n64_dsk4_bsz128_lr3e-5_kl0.001_updated_scaling,running,cmohri,2026-09-21T22:24:04,57986.214642679,242.0,64.42912738075444,True
ljhz43ks,downsample_n64_dsk8_bsz128_lr3e-5_kl0.001_updated_scaling,running,cmohri,2026-09-21T22:28:50,57623.413556632,214.0,64.02601506292444,True
8vd461gr,downsample_n64_dsk32_bsz128_lr1e-5_kl0.001_updated_scaling,finished,cmohri,2026-09-21T22:37:00,30107.391448395,150.0,33.452657164883334,True
v70ipdf0,downsample_n64_dsk32_bsz128_lr3e-5_kl0.001_updated_scaling,crashed,cmohri,2026-09-22T01:14:53,45060.998801778,158.0,50.06777644642,True
2yzmbqxu,downsample_n64_dsk2_bsz128_lr3e-6_kl0.001_updated_scaling,crashed,rachitbansal,2026-09-22T07:28:03,,,0.0,True
excueenh,downsample_n64_dsk2_bsz128_lr3e-6_kl0.001_updated_scaling,crashed,rachitbansal,2026-09-22T07:49:21,6184.406241555,162.0,6.871562490616666,True
ocequyy3,downsample_n64_dsk2_bsz128_lr3e-6_kl0.001_updated_scaling,crashed,rachitbansal,2026-09-22T09:40:51,11406.634275071,215.0,12.67403808341222,True
oklj1xim,downsample_n64_dsk2_bsz128_lr3e-6_kl0.001_updated_scaling,crashed,rachitbansal,2026-09-22T13:08:44,1676.284731339,209.0,1.8625385903766667,True
gx99rzmp,n16_bsz8_lr1e-6_kl0.01_updated_scaling,running,cmohri,2026-09-22T13:51:47,2565.939025685,180.0,2.851043361872222,True
nvb0hrf1,downsample_n64_dsk32_bsz128_lr3e-6_kl0.001_updated_scaling,running,cmohri,2026-09-22T13:53:47,2332.458752134,13.0,2.5916208357044446,True
jhz88c9w,downsample_n64_dsk2_bsz128_lr3e-6_kl0.001_updated_scaling,crashed,rachitbansal,2026-09-22T14:02:22,1025.78152154,205.0,1.1397572461555556,True
