kl,target,bsz,best_lr,steps,run
0.001,0.35,8,1.2e-05,121.82203389830508,n16_bsz8_lr1.2e-5
0.001,0.35,16,1.6e-05,99.17962003454231,n16_bsz16_lr1.6e-5
0.001,0.35,32,1.6e-05,43.47619047619046,n16_bsz32_lr1.6e-5
0.001,0.35,64,1.6e-05,37.25261932479627,n16_bsz64_lr1.6e-5
0.001,0.35,128,3.2e-05,19.61705202312138,n16_bsz128_lr3.2e-5
0.001,0.35,256,3.2e-05,14.372683959767068,n16_bsz256_lr3.2e-5
0.001,0.35,512,2e-05,13.980432543769307,n16_bsz512_lr2e-5_kl1e-3_updated_scaling
0.001,0.35,1024,3e-05,5.953947368421051,n16_bsz1024_lr3e-5_kl1e-3_updated_scaling
0.001,0.35,2048,3e-05,2.7355163727959693,n16_bsz2048_lr3e-5_kl1e-3_updated_scaling
0.001,0.35,4096,0.0001,1.319999999999999,n16_bsz4096_lr1e-4_kl0.001_updated_scaling
0.001,0.35,8192,0.0001,0.7846820809248551,n16_bsz8192_lr1e-4_kl0.001_updated_scaling
0.001,0.355,8,8e-06,173.47074468085106,n16_bsz8_lr8e-6
0.001,0.355,16,6e-06,172.84172661870497,n16_bsz16_lr6e-6
0.001,0.355,32,1.6e-05,45.85714285714285,n16_bsz32_lr1.6e-5
0.001,0.355,64,1.6e-05,38.707799767171124,n16_bsz64_lr1.6e-5
0.001,0.355,128,3.2e-05,20.520231213872826,n16_bsz128_lr3.2e-5
0.001,0.355,256,3.2e-05,15.03440974060349,n16_bsz256_lr3.2e-5
0.001,0.355,512,2e-05,14.62409886714727,n16_bsz512_lr2e-5_kl1e-3_updated_scaling
0.001,0.355,1024,3e-05,6.228070175438594,n16_bsz1024_lr3e-5_kl1e-3_updated_scaling
0.001,0.355,2048,3e-05,2.8614609571788403,n16_bsz2048_lr3e-5_kl1e-3_updated_scaling
0.001,0.355,4096,0.0001,1.4533333333333325,n16_bsz4096_lr1e-4_kl0.001_updated_scaling
0.001,0.355,8192,0.0001,0.820809248554913,n16_bsz8192_lr1e-4_kl0.001_updated_scaling
0.001,0.36,8,8e-06,177.99999999999997,n16_bsz8_lr8e-6
0.001,0.36,16,6e-06,187.66666666666654,n16_bsz16_lr6e-6
0.001,0.36,32,1.6e-05,48.23809523809522,n16_bsz32_lr1.6e-5
0.001,0.36,64,1.6e-05,40.162980209545985,n16_bsz64_lr1.6e-5
0.001,0.36,128,3.2e-05,21.42341040462427,n16_bsz128_lr3.2e-5
0.001,0.36,256,3.2e-05,15.696135521439912,n16_bsz256_lr3.2e-5
0.001,0.36,512,2e-05,15.26776519052523,n16_bsz512_lr2e-5_kl1e-3_updated_scaling
0.001,0.36,1024,3e-05,6.5021929824561395,n16_bsz1024_lr3e-5_kl1e-3_updated_scaling
0.001,0.36,2048,3e-05,2.9874055415617127,n16_bsz2048_lr3e-5_kl1e-3_updated_scaling
0.001,0.36,4096,0.0001,1.586666666666666,n16_bsz4096_lr1e-4_kl0.001_updated_scaling
0.001,0.36,8192,0.0001,0.8569364161849709,n16_bsz8192_lr1e-4_kl0.001_updated_scaling
0.001,0.365,8,8e-06,183.55555555555554,n16_bsz8_lr8e-6
0.001,0.365,16,6e-06,201.37711864406776,n16_bsz16_lr6e-6
0.001,0.365,32,1.6e-05,51.07973421926908,n16_bsz32_lr1.6e-5
0.001,0.365,64,1.6e-05,41.61816065192084,n16_bsz64_lr1.6e-5
0.001,0.365,128,3.2e-05,22.32658959537572,n16_bsz128_lr3.2e-5
0.001,0.365,256,3.2e-05,16.357861302276334,n16_bsz256_lr3.2e-5
0.001,0.365,512,2e-05,15.911431513903192,n16_bsz512_lr2e-5_kl1e-3_updated_scaling
0.001,0.365,1024,3e-05,6.776315789473682,n16_bsz1024_lr3e-5_kl1e-3_updated_scaling
0.001,0.365,2048,3e-05,3.1133501259445837,n16_bsz2048_lr3e-5_kl1e-3_updated_scaling
0.001,0.365,4096,0.0001,1.7199999999999998,n16_bsz4096_lr1e-4_kl0.001_updated_scaling
0.001,0.365,8192,0.0001,0.8930635838150287,n16_bsz8192_lr1e-4_kl0.001_updated_scaling
0.001,0.37,8,8e-06,189.1111111111111,n16_bsz8_lr8e-6
0.001,0.37,16,6e-06,206.6737288135593,n16_bsz16_lr6e-6
0.001,0.37,32,1.6e-05,55.232558139534866,n16_bsz32_lr1.6e-5
0.001,0.37,64,1.6e-05,43.0733410942957,n16_bsz64_lr1.6e-5
0.001,0.37,128,3.2e-05,23.229768786127163,n16_bsz128_lr3.2e-5
0.001,0.37,256,3.2e-05,17.019587083112757,n16_bsz256_lr3.2e-5
0.001,0.37,512,2e-05,16.555097837281153,n16_bsz512_lr2e-5_kl1e-3_updated_scaling
0.001,0.37,1024,3e-05,7.050438596491228,n16_bsz1024_lr3e-5_kl1e-3_updated_scaling
0.001,0.37,2048,3e-05,3.2392947103274556,n16_bsz2048_lr3e-5_kl1e-3_updated_scaling
0.001,0.37,4096,0.0001,1.853333333333333,n16_bsz4096_lr1e-4_kl0.001_updated_scaling
0.001,0.37,8192,0.0001,0.9291907514450864,n16_bsz8192_lr1e-4_kl0.001_updated_scaling
0.001,0.375,8,8e-06,194.66666666666663,n16_bsz8_lr8e-6
0.001,0.375,16,6e-06,211.97033898305085,n16_bsz16_lr6e-6
0.001,0.375,32,1.6e-05,59.385382059800655,n16_bsz32_lr1.6e-5
0.001,0.375,64,1.6e-05,44.52852153667055,n16_bsz64_lr1.6e-5
0.001,0.375,128,3.2e-05,24.132947976878608,n16_bsz128_lr3.2e-5
0.001,0.375,256,3.2e-05,17.681312863949177,n16_bsz256_lr3.2e-5
0.001,0.375,512,2e-05,17.198764160659113,n16_bsz512_lr2e-5_kl1e-3_updated_scaling
0.001,0.375,1024,3e-05,7.3245614035087705,n16_bsz1024_lr3e-5_kl1e-3_updated_scaling
0.001,0.375,2048,3e-05,3.365239294710327,n16_bsz2048_lr3e-5_kl1e-3_updated_scaling
0.001,0.375,4096,0.0001,1.9866666666666668,n16_bsz4096_lr1e-4_kl0.001_updated_scaling
0.001,0.375,8192,0.0001,0.9653179190751443,n16_bsz8192_lr1e-4_kl0.001_updated_scaling
0.001,0.38,8,8e-06,200.20242914979755,n16_bsz8_lr8e-6
0.001,0.38,16,6e-06,217.2669491525424,n16_bsz16_lr6e-6
0.001,0.38,32,1.6e-05,63.53820598006645,n16_bsz32_lr1.6e-5
0.001,0.38,64,1.6e-05,45.98370197904541,n16_bsz64_lr1.6e-5
0.001,0.38,128,1e-05,38.939197930142306,n16_bsz128_lr1e-5_kl1e-3_updated_scaling
0.001,0.38,256,3.2e-05,18.343038644785597,n16_bsz256_lr3.2e-5
0.001,0.38,512,2e-05,17.842430484037077,n16_bsz512_lr2e-5_kl1e-3_updated_scaling
0.001,0.38,1024,3e-05,7.598684210526316,n16_bsz1024_lr3e-5_kl1e-3_updated_scaling
0.001,0.38,2048,3e-05,3.491183879093199,n16_bsz2048_lr3e-5_kl1e-3_updated_scaling
0.001,0.38,4096,5e-05,2.3367875647668397,n16_bsz4096_lr5e-5_kl0.001_updated_scaling
0.001,0.38,8192,0.0001,1.004662004662004,n16_bsz8192_lr1e-4_kl0.001_updated_scaling
0.001,0.385,8,8e-06,205.26315789473682,n16_bsz8_lr8e-6
0.001,0.385,16,6e-06,222.56355932203394,n16_bsz16_lr6e-6
0.001,0.385,32,1.6e-05,67.69102990033224,n16_bsz32_lr1.6e-5
0.001,0.385,64,1.6e-05,47.43888242142026,n16_bsz64_lr1.6e-5
0.001,0.385,128,1e-05,40.556274256144896,n16_bsz128_lr1e-5_kl1e-3_updated_scaling
0.001,0.385,256,3.2e-05,19.00476442562202,n16_bsz256_lr3.2e-5
0.001,0.385,512,2e-05,18.486096807415038,n16_bsz512_lr2e-5_kl1e-3_updated_scaling
0.001,0.385,1024,3e-05,7.872807017543859,n16_bsz1024_lr3e-5_kl1e-3_updated_scaling
0.001,0.385,2048,3e-05,3.61712846347607,n16_bsz2048_lr3e-5_kl1e-3_updated_scaling
0.001,0.385,4096,5e-05,2.4663212435233164,n16_bsz4096_lr5e-5_kl0.001_updated_scaling
0.001,0.385,8192,0.0001,1.1212121212121209,n16_bsz8192_lr1e-4_kl0.001_updated_scaling
0.001,0.39,8,8e-06,210.3238866396761,n16_bsz8_lr8e-6
0.001,0.39,16,6e-06,229.192546583851,n16_bsz16_lr6e-6
0.001,0.39,32,1.6e-05,71.84385382059803,n16_bsz32_lr1.6e-5
0.001,0.39,64,1.6e-05,48.89406286379512,n16_bsz64_lr1.6e-5
0.001,0.39,128,1e-05,42.17335058214748,n16_bsz128_lr1e-5_kl1e-3_updated_scaling
0.001,0.39,256,3.2e-05,19.666490206458445,n16_bsz256_lr3.2e-5
0.001,0.39,512,2e-05,19.129763130793002,n16_bsz512_lr2e-5_kl1e-3_updated_scaling
0.001,0.39,1024,3e-05,8.146929824561404,n16_bsz1024_lr3e-5_kl1e-3_updated_scaling
0.001,0.39,2048,3e-05,3.7430730478589425,n16_bsz2048_lr3e-5_kl1e-3_updated_scaling
0.001,0.39,4096,5e-05,2.595854922279793,n16_bsz4096_lr5e-5_kl0.001_updated_scaling
0.001,0.39,8192,0.0001,1.2377622377622375,n16_bsz8192_lr1e-4_kl0.001_updated_scaling
0.001,0.395,8,8e-06,215.3846153846154,n16_bsz8_lr8e-6
0.001,0.395,16,6e-06,236.9565217391305,n16_bsz16_lr6e-6
0.001,0.395,32,1.6e-05,79.00000000000011,n16_bsz32_lr1.6e-5
0.001,0.395,64,1.6e-05,52.542372881355995,n16_bsz64_lr1.6e-5
0.001,0.395,128,1e-05,43.79042690815007,n16_bsz128_lr1e-5_kl1e-3_updated_scaling
0.001,0.395,256,3.2e-05,20.328215987294865,n16_bsz256_lr3.2e-5
0.001,0.395,512,2e-05,19.773429454170962,n16_bsz512_lr2e-5_kl1e-3_updated_scaling
0.001,0.395,1024,3e-05,8.421052631578947,n16_bsz1024_lr3e-5_kl1e-3_updated_scaling
0.001,0.395,2048,3e-05,3.8690176322418135,n16_bsz2048_lr3e-5_kl1e-3_updated_scaling
0.001,0.395,4096,5e-05,2.72538860103627,n16_bsz4096_lr5e-5_kl0.001_updated_scaling
0.001,0.395,8192,0.0001,1.354312354312354,n16_bsz8192_lr1e-4_kl0.001_updated_scaling
0.001,0.4,8,8e-06,220.44534412955466,n16_bsz8_lr8e-6
0.001,0.4,16,6e-06,244.72049689441002,n16_bsz16_lr6e-6
0.001,0.4,32,1.2e-05,90.11363636363637,n16_bsz32_lr1.2e-5
0.001,0.4,64,1.6e-05,63.13559322033903,n16_bsz64_lr1.6e-5
0.001,0.4,128,1e-05,45.40750323415266,n16_bsz128_lr1e-5_kl1e-3_updated_scaling
0.001,0.4,256,3.2e-05,20.98994176813129,n16_bsz256_lr3.2e-5
0.001,0.4,512,2e-05,20.417095777548923,n16_bsz512_lr2e-5_kl1e-3_updated_scaling
0.001,0.4,1024,3e-05,8.695175438596493,n16_bsz1024_lr3e-5_kl1e-3_updated_scaling
0.001,0.4,2048,3e-05,3.994962216624686,n16_bsz2048_lr3e-5_kl1e-3_updated_scaling
0.001,0.4,4096,5e-05,2.8549222797927465,n16_bsz4096_lr5e-5_kl0.001_updated_scaling
0.001,0.4,8192,0.0001,1.470862470862471,n16_bsz8192_lr1e-4_kl0.001_updated_scaling
0.001,0.405,8,8e-06,294.26977687626777,n16_bsz8_lr8e-6
0.001,0.405,16,6e-06,254.6511627906978,n16_bsz16_lr6e-6
0.001,0.405,32,1.2e-05,92.95454545454547,n16_bsz32_lr1.2e-5
0.001,0.405,64,1e-05,72.67110266159698,n16_bsz64_lr1e-5
0.001,0.405,128,1e-05,47.024579560155246,n16_bsz128_lr1e-5_kl1e-3_updated_scaling
0.001,0.405,256,3.2e-05,21.651667548967712,n16_bsz256_lr3.2e-5
0.001,0.405,512,2e-05,21.060762100926887,n16_bsz512_lr2e-5_kl1e-3_updated_scaling
0.001,0.405,1024,3e-05,8.969298245614036,n16_bsz1024_lr3e-5_kl1e-3_updated_scaling
0.001,0.405,2048,3e-05,4.120906801007557,n16_bsz2048_lr3e-5_kl1e-3_updated_scaling
0.001,0.405,4096,5e-05,2.984455958549223,n16_bsz4096_lr5e-5_kl0.001_updated_scaling
0.001,0.405,8192,0.0001,1.5874125874125875,n16_bsz8192_lr1e-4_kl0.001_updated_scaling
0.001,0.41,8,8e-06,296.8052738336714,n16_bsz8_lr8e-6
0.001,0.41,16,6e-06,269.1860465116279,n16_bsz16_lr6e-6
0.001,0.41,32,1.2e-05,95.79545454545453,n16_bsz32_lr1.2e-5
0.001,0.41,64,1e-05,75.09727626459143,n16_bsz64_lr1e-5
0.001,0.41,128,1e-05,48.641655886157814,n16_bsz128_lr1e-5_kl1e-3_updated_scaling
0.001,0.41,256,3.2e-05,22.31339332980412,n16_bsz256_lr3.2e-5
0.001,0.41,512,2e-05,21.704428424304837,n16_bsz512_lr2e-5_kl1e-3_updated_scaling
0.001,0.41,1024,3e-05,9.243421052631577,n16_bsz1024_lr3e-5_kl1e-3_updated_scaling
0.001,0.41,2048,3e-05,4.2468513853904275,n16_bsz2048_lr3e-5_kl1e-3_updated_scaling
0.001,0.41,4096,5e-05,3.2156862745098023,n16_bsz4096_lr5e-5_kl0.001_updated_scaling
0.001,0.41,8192,0.0001,1.703962703962703,n16_bsz8192_lr1e-4_kl0.001_updated_scaling
0.001,0.415,8,8e-06,299.34077079107504,n16_bsz8_lr8e-6
0.001,0.415,16,6e-06,312.01550387596893,n16_bsz16_lr6e-6
0.001,0.415,32,1.2e-05,98.63636363636363,n16_bsz32_lr1.2e-5
0.001,0.415,64,1e-05,79.96108949416342,n16_bsz64_lr1e-5
0.001,0.415,128,1e-05,51.036269430051775,n16_bsz128_lr1e-5_kl1e-3_updated_scaling
0.001,0.415,256,3.2e-05,22.97511911064055,n16_bsz256_lr3.2e-5
0.001,0.415,512,2e-05,22.3480947476828,n16_bsz512_lr2e-5_kl1e-3_updated_scaling
0.001,0.415,1024,3e-05,9.517543859649122,n16_bsz1024_lr3e-5_kl1e-3_updated_scaling
0.001,0.415,2048,3e-05,4.372795969773299,n16_bsz2048_lr3e-5_kl1e-3_updated_scaling
0.001,0.415,4096,5e-05,3.460784313725489,n16_bsz4096_lr5e-5_kl0.001_updated_scaling
0.001,0.415,8192,0.0001,1.8205128205128196,n16_bsz8192_lr1e-4_kl0.001_updated_scaling
0.001,0.42,8,4e-06,524.6010638297872,n16_bsz8_lr4e-6
0.001,0.42,16,6e-06,321.7054263565891,n16_bsz16_lr6e-6
0.001,0.42,32,1.2e-05,148.92086330935254,n16_bsz32_lr1.2e-5
0.001,0.42,64,1e-05,84.8249027237354,n16_bsz64_lr1e-5
0.001,0.42,128,1e-05,57.51295336787562,n16_bsz128_lr1e-5_kl1e-3_updated_scaling
0.001,0.42,256,3.2e-05,23.63684489147697,n16_bsz256_lr3.2e-5
0.001,0.42,512,2e-05,22.991761071060765,n16_bsz512_lr2e-5_kl1e-3_updated_scaling
0.001,0.42,1024,3e-05,9.791666666666666,n16_bsz1024_lr3e-5_kl1e-3_updated_scaling
0.001,0.42,2048,3e-05,4.4987405541561705,n16_bsz2048_lr3e-5_kl1e-3_updated_scaling
0.001,0.42,4096,5e-05,3.7058823529411757,n16_bsz4096_lr5e-5_kl0.001_updated_scaling
0.001,0.42,8192,0.0001,1.9370629370629362,n16_bsz8192_lr1e-4_kl0.001_updated_scaling
0.001,0.425,8,4e-06,617.1610169491526,n16_bsz8_lr4e-6
0.001,0.425,16,4e-06,373.3333333333333,n16_bsz16_lr4e-6
0.001,0.425,32,6e-06,163.98963730569946,n16_bsz32_lr6e-6
0.001,0.425,64,1e-05,89.6887159533074,n16_bsz64_lr1e-5
0.001,0.425,128,1e-05,63.98963730569946,n16_bsz128_lr1e-5_kl1e-3_updated_scaling
0.001,0.425,256,3.2e-05,24.298570672313392,n16_bsz256_lr3.2e-5
0.001,0.425,512,2e-05,23.635427394438725,n16_bsz512_lr2e-5_kl1e-3_updated_scaling
0.001,0.425,1024,3e-05,10.328767123287665,n16_bsz1024_lr3e-5_kl1e-3_updated_scaling
0.001,0.425,2048,3e-05,4.624685138539042,n16_bsz2048_lr3e-5_kl1e-3_updated_scaling
0.001,0.425,4096,5e-05,3.9509803921568625,n16_bsz4096_lr5e-5_kl0.001_updated_scaling
0.001,0.425,8192,5e-05,2.620338983050847,n16_bsz8192_lr5e-5_kl0.001_updated_scaling
0.001,0.43,8,4e-06,622.457627118644,n16_bsz8_lr4e-6
0.001,0.43,16,4e-06,417.7461139896373,n16_bsz16_lr4e-6
0.001,0.43,32,6e-06,170.4663212435233,n16_bsz32_lr6e-6
0.001,0.43,64,1e-05,94.55252918287938,n16_bsz64_lr1e-5
0.001,0.43,128,1e-05,70.46632124352331,n16_bsz128_lr1e-5_kl1e-3_updated_scaling
0.001,0.43,256,3.2e-05,24.960296453149812,n16_bsz256_lr3.2e-5
0.001,0.43,512,2e-05,24.279093717816686,n16_bsz512_lr2e-5_kl1e-3_updated_scaling
0.001,0.43,1024,3e-05,11.698630136986298,n16_bsz1024_lr3e-5_kl1e-3_updated_scaling
0.001,0.43,2048,3e-05,4.750629722921913,n16_bsz2048_lr3e-5_kl1e-3_updated_scaling
0.001,0.43,4096,3e-05,4.925,n16_bsz4096_lr3e-5_kl0.001_updated_scaling
0.001,0.43,8192,5e-05,2.7050847457627114,n16_bsz8192_lr5e-5_kl0.001_updated_scaling
0.001,0.435,8,4e-06,715.6832298136646,n16_bsz8_lr4e-6
0.001,0.435,16,4e-06,424.22279792746116,n16_bsz16_lr4e-6
0.001,0.435,32,6e-06,211.51162790697674,n16_bsz32_lr6e-6
0.001,0.435,64,1e-05,99.41634241245137,n16_bsz64_lr1e-5
0.001,0.435,128,1e-05,76.20578778135048,n16_bsz128_lr1e-5_kl1e-3_updated_scaling
0.001,0.435,256,2e-05,31.94444444444445,n16_bsz256_lr2e-5_kl1e-3_v2
0.001,0.435,512,2e-05,24.922760041194646,n16_bsz512_lr2e-5_kl1e-3_updated_scaling
0.001,0.435,1024,3e-05,13.06849315068493,n16_bsz1024_lr3e-5_kl1e-3_updated_scaling
0.001,0.435,2048,3e-05,4.876574307304786,n16_bsz2048_lr3e-5_kl1e-3_updated_scaling
0.001,0.435,4096,3e-05,5.02906976744186,n16_bsz4096_lr3e-5_kl0.001_updated_scaling
0.001,0.435,8192,5e-05,2.789830508474576,n16_bsz8192_lr5e-5_kl0.001_updated_scaling
0.001,0.44,8,4e-06,723.4472049689441,n16_bsz8_lr4e-6
0.001,0.44,16,4e-06,443.2489451476793,n16_bsz16_lr4e-6_kl1e-3_v2
0.001,0.44,32,6e-06,214.41860465116278,n16_bsz32_lr6e-6
0.001,0.44,64,1e-05,114.6666666666667,n16_bsz64_lr1e-5
0.001,0.44,128,1e-05,80.2250803858521,n16_bsz128_lr1e-5_kl1e-3_updated_scaling
0.001,0.44,256,2e-05,34.18458781362008,n16_bsz256_lr2e-5_kl1e-3_v2
0.001,0.44,512,2e-05,26.601164483260558,n16_bsz512_lr2e-5_kl1e-3_updated_scaling
0.001,0.44,1024,3e-05,14.438356164383563,n16_bsz1024_lr3e-5_kl1e-3_updated_scaling
0.001,0.44,2048,3e-05,5.454545454545409,n16_bsz2048_lr3e-5_kl1e-3_updated_scaling
0.001,0.44,4096,3e-05,5.319767441860465,n16_bsz4096_lr3e-5_kl0.001_updated_scaling
0.001,0.44,8192,5e-05,2.87457627118644,n16_bsz8192_lr5e-5_kl0.001_updated_scaling
0.001,0.445,8,4e-06,740.625,n16_bsz8_lr4e-6
0.001,0.445,16,4e-06,448.52320675105483,n16_bsz16_lr4e-6_kl1e-3_v2
0.001,0.445,32,6e-06,217.32558139534885,n16_bsz32_lr6e-6
0.001,0.445,64,1e-05,136.046511627907,n16_bsz64_lr1e-5
0.001,0.445,128,1e-05,84.2443729903537,n16_bsz128_lr1e-5_kl1e-3_updated_scaling
0.001,0.445,256,2e-05,36.42473118279571,n16_bsz256_lr2e-5_kl1e-3_v2
0.001,0.445,512,2e-05,28.420669577874826,n16_bsz512_lr2e-5_kl1e-3_updated_scaling
0.001,0.445,1024,3e-05,15.808219178082194,n16_bsz1024_lr3e-5_kl1e-3_updated_scaling
0.001,0.445,2048,5e-05,7.738095238095239,n16_bsz2048_lr5e-5_kl0.001_updated_scaling
0.001,0.445,4096,3e-05,5.61046511627907,n16_bsz4096_lr3e-5_kl0.001_updated_scaling
0.001,0.445,8192,5e-05,2.959322033898305,n16_bsz8192_lr5e-5_kl0.001_updated_scaling
0.001,0.45,8,4e-06,946.0280373831777,n16_bsz8_lr4e-6
0.001,0.45,16,4e-06,469.0406976744186,n16_bsz16_lr4e-6
0.001,0.45,32,6e-06,220.2325581395349,n16_bsz32_lr6e-6
0.001,0.45,64,1e-05,152.87610619469027,n16_bsz64_lr1e-5
0.001,0.45,128,1e-05,88.26366559485531,n16_bsz128_lr1e-5_kl1e-3_updated_scaling
0.001,0.45,256,2e-05,38.66487455197134,n16_bsz256_lr2e-5_kl1e-3_v2
0.001,0.45,512,2e-05,30.240174672489093,n16_bsz512_lr2e-5_kl1e-3_updated_scaling
0.001,0.45,1024,3e-05,17.178082191780828,n16_bsz1024_lr3e-5_kl1e-3_updated_scaling
0.001,0.45,2048,5e-05,8.234126984126986,n16_bsz2048_lr5e-5_kl0.001_updated_scaling
0.001,0.45,4096,3e-05,5.901162790697676,n16_bsz4096_lr3e-5_kl0.001_updated_scaling
0.001,0.45,8192,5e-05,4.11504424778761,n16_bsz8192_lr5e-5_kl0.001_updated_scaling
0.001,0.455,8,4e-06,1019.2857142857143,n16_bsz8_lr4e-6
0.001,0.455,16,4e-06,472.6744186046512,n16_bsz16_lr4e-6
0.001,0.455,32,6e-06,223.13953488372096,n16_bsz32_lr6e-6
0.001,0.455,64,1e-05,158.4070796460177,n16_bsz64_lr1e-5
0.001,0.455,128,1e-05,92.28295819935693,n16_bsz128_lr1e-5_kl1e-3_updated_scaling
0.001,0.455,256,2e-05,40.905017921146964,n16_bsz256_lr2e-5_kl1e-3_v2
0.001,0.455,512,2e-05,32.05967976710336,n16_bsz512_lr2e-5_kl1e-3_updated_scaling
0.001,0.455,1024,3e-05,18.547945205479458,n16_bsz1024_lr3e-5_kl1e-3_updated_scaling
0.001,0.455,2048,5e-05,8.730158730158733,n16_bsz2048_lr5e-5_kl0.001_updated_scaling
0.001,0.455,4096,5e-05,6.501792114695341,n16_bsz4096_lr5e-5_kl0.001_updated_scaling
0.001,0.455,8192,5e-05,4.336283185840708,n16_bsz8192_lr5e-5_kl0.001_updated_scaling
0.001,0.46,8,4e-06,1222.0443349753696,n16_bsz8_lr4e-6
0.001,0.46,16,4e-06,662.6876876876877,n16_bsz16_lr4e-6
0.001,0.46,32,6e-06,336.6279069767442,n16_bsz32_lr6e-6
0.001,0.46,64,1e-05,163.93805309734518,n16_bsz64_lr1e-5
0.001,0.46,128,1e-05,96.30225080385853,n16_bsz128_lr1e-5_kl1e-3_updated_scaling
0.001,0.46,256,2e-05,43.14516129032259,n16_bsz256_lr2e-5_kl1e-3_v2
0.001,0.46,512,2e-05,33.879184861717626,n16_bsz512_lr2e-5_kl1e-3_updated_scaling
0.001,0.46,1024,3e-05,19.91780821917809,n16_bsz1024_lr3e-5_kl1e-3_updated_scaling
0.001,0.46,2048,5e-05,9.226190476190478,n16_bsz2048_lr5e-5_kl0.001_updated_scaling
0.001,0.46,4096,5e-05,6.681003584229392,n16_bsz4096_lr5e-5_kl0.001_updated_scaling
0.001,0.46,8192,5e-05,4.557522123893807,n16_bsz8192_lr5e-5_kl0.001_updated_scaling
0.001,0.465,8,4e-06,1363.7978142076504,n16_bsz8_lr4e-6
0.001,0.465,16,4e-06,666.4414414414415,n16_bsz16_lr4e-6
0.001,0.465,32,6e-06,344.7033898305085,n16_bsz32_lr6e-6_kl1e-3_v2
0.001,0.465,64,1e-05,169.46902654867262,n16_bsz64_lr1e-5
0.001,0.465,128,1e-05,106.47482014388497,n16_bsz128_lr1e-5_kl1e-3_v2
0.001,0.465,256,2e-05,45.38530465949822,n16_bsz256_lr2e-5_kl1e-3_v2
0.001,0.465,512,2e-05,35.6986899563319,n16_bsz512_lr2e-5_kl1e-3_updated_scaling
0.001,0.465,1024,3e-05,21.287671232876722,n16_bsz1024_lr3e-5_kl1e-3_updated_scaling
0.001,0.465,2048,5e-05,9.722222222222225,n16_bsz2048_lr5e-5_kl0.001_updated_scaling
0.001,0.465,4096,5e-05,6.860215053763442,n16_bsz4096_lr5e-5_kl0.001_updated_scaling
0.001,0.465,8192,5e-05,4.778761061946905,n16_bsz8192_lr5e-5_kl0.001_updated_scaling
0.001,0.47,8,4e-06,1370.6284153005463,n16_bsz8_lr4e-6
0.001,0.47,16,4e-06,670.1951951951952,n16_bsz16_lr4e-6
0.001,0.47,32,6e-06,350.0,n16_bsz32_lr6e-6_kl1e-3_v2
0.001,0.47,64,1e-05,175.0,n16_bsz64_lr1e-5
0.001,0.47,128,1e-05,115.46762589928055,n16_bsz128_lr1e-5_kl1e-3_v2
0.001,0.47,256,2e-05,47.62544802867382,n16_bsz256_lr2e-5_kl1e-3_v2
0.001,0.47,512,2e-05,37.51819505094614,n16_bsz512_lr2e-5_kl1e-3_updated_scaling
0.001,0.47,1024,2e-05,22.37666405638214,n16_bsz1024_lr2e-5_kl1e-3_updated_scaling
0.001,0.47,2048,5e-05,11.134020618556692,n16_bsz2048_lr5e-5_kl0.001_updated_scaling
0.001,0.47,4096,5e-05,7.207547169811318,n16_bsz4096_lr5e-5_kl0.001_updated_scaling
0.001,0.47,8192,5e-05,5.0,n16_bsz8192_lr5e-5_kl0.001_updated_scaling
0.001,0.475,8,4e-06,1412.753036437247,n16_bsz8_lr4e-6
0.001,0.475,16,4e-06,673.9489489489489,n16_bsz16_lr4e-6
0.001,0.475,32,6e-06,396.7514124293785,n16_bsz32_lr6e-6
0.001,0.475,64,6e-06,245.4663212435233,n16_bsz64_lr6e-6_kl1e-3_v2
0.001,0.475,128,1e-05,124.46043165467623,n16_bsz128_lr1e-5_kl1e-3_v2
0.001,0.475,256,2e-05,49.86559139784945,n16_bsz256_lr2e-5_kl1e-3_v2
0.001,0.475,512,2e-05,39.337700145560405,n16_bsz512_lr2e-5_kl1e-3_updated_scaling
0.001,0.475,1024,2e-05,22.866092404072038,n16_bsz1024_lr2e-5_kl1e-3_updated_scaling
0.001,0.475,2048,3e-05,12.364394993045895,n16_bsz2048_lr3e-5_kl1e-3_updated_scaling
0.001,0.475,4096,5e-05,8.028673835125447,n16_bsz4096_lr5e-5_kl0.001_updated_scaling
0.001,0.475,8192,5e-05,5.390624999999999,n16_bsz8192_lr5e-5_kl0.001_updated_scaling
0.001,0.48,8,4e-06,1417.8137651821862,n16_bsz8_lr4e-6
0.001,0.48,16,4e-06,823.6434108527131,n16_bsz16_lr4e-6
0.001,0.48,32,6e-06,423.1781376518218,n16_bsz32_lr6e-6_kl1e-3_v2
0.001,0.48,64,6e-06,286.75847457627117,n16_bsz64_lr6e-6_kl1e-3_v2
0.001,0.48,128,1e-05,130.19911504424778,n16_bsz128_lr1e-5_kl1e-3_v2
0.001,0.48,256,2e-05,57.8333333333333,n16_bsz256_lr2e-5_kl1e-3_v2
0.001,0.48,512,2e-05,41.157205240174676,n16_bsz512_lr2e-5_kl1e-3_updated_scaling
0.001,0.48,1024,2e-05,23.35552075176194,n16_bsz1024_lr2e-5_kl1e-3_updated_scaling
0.001,0.48,2048,3e-05,12.712100139082056,n16_bsz2048_lr3e-5_kl1e-3_updated_scaling
0.001,0.48,4096,5e-05,8.207885304659497,n16_bsz4096_lr5e-5_kl0.001_updated_scaling
0.001,0.48,8192,5e-05,5.781249999999998,n16_bsz8192_lr5e-5_kl0.001_updated_scaling
0.001,0.485,8,4e-06,1422.8744939271255,n16_bsz8_lr4e-6
0.001,0.485,16,4e-06,875.0,n16_bsz16_lr4e-6
0.001,0.485,32,6e-06,475.0,n16_bsz32_lr6e-6
0.001,0.485,64,6e-06,292.0550847457627,n16_bsz64_lr6e-6_kl1e-3_v2
0.001,0.485,128,1e-05,135.73008849557522,n16_bsz128_lr1e-5_kl1e-3_v2
0.001,0.485,256,2e-05,66.16666666666663,n16_bsz256_lr2e-5_kl1e-3_v2
0.001,0.485,512,2e-05,42.97671033478894,n16_bsz512_lr2e-5_kl1e-3_updated_scaling
0.001,0.485,1024,2e-05,23.84494909945184,n16_bsz1024_lr2e-5_kl1e-3_updated_scaling
0.001,0.485,2048,3e-05,13.059805285118218,n16_bsz2048_lr3e-5_kl1e-3_updated_scaling
0.001,0.485,4096,5e-05,8.387096774193548,n16_bsz4096_lr5e-5_kl0.001_updated_scaling
0.001,0.485,8192,5e-05,6.407407407407402,n16_bsz8192_lr5e-5_kl0.001_updated_scaling
0.001,0.49,8,4e-06,1474.6305418719212,n16_bsz8_lr4e-6
0.001,0.49,16,3e-06,1043.2748538011697,n16_bsz16_lr3e-6
0.001,0.49,32,6e-06,498.5849056603773,n16_bsz32_lr6e-6
0.001,0.49,64,6e-06,297.35169491525426,n16_bsz64_lr6e-6_kl1e-3_v2
0.001,0.49,128,1e-05,141.26106194690263,n16_bsz128_lr1e-5_kl1e-3_v2
0.001,0.49,256,2e-05,74.49999999999997,n16_bsz256_lr2e-5_kl1e-3_v2
0.001,0.49,512,2e-05,44.796215429403205,n16_bsz512_lr2e-5_kl1e-3_updated_scaling
0.001,0.49,1024,2e-05,24.334377447141737,n16_bsz1024_lr2e-5_kl1e-3_updated_scaling
0.001,0.49,2048,3e-05,13.407510431154378,n16_bsz2048_lr3e-5_kl1e-3_updated_scaling
0.001,0.49,4096,5e-05,8.566308243727597,n16_bsz4096_lr5e-5_kl0.001_updated_scaling
0.001,0.49,8192,5e-05,7.111801242236023,n16_bsz8192_lr5e-5_kl0.001_updated_scaling
0.001,0.495,8,2e-06,1847.1574344023325,n16_bsz8_lr2e-6
0.001,0.495,16,4e-06,1067.0984455958549,n16_bsz16_lr4e-6
0.001,0.495,32,6e-06,542.5245098039215,n16_bsz32_lr6e-6_kl1e-3_v2
0.001,0.495,64,6e-06,303.0637254901961,n16_bsz64_lr6e-6_kl1e-3_v2
0.001,0.495,128,1e-05,146.79203539823007,n16_bsz128_lr1e-5_kl1e-3_v2
0.001,0.495,256,2e-05,79.7570850202429,n16_bsz256_lr2e-5_kl1e-3_v2
0.001,0.495,512,2e-05,46.615720524017476,n16_bsz512_lr2e-5_kl1e-3_updated_scaling
0.001,0.495,1024,2e-05,24.823805794831635,n16_bsz1024_lr2e-5_kl1e-3_updated_scaling
0.001,0.495,2048,3e-05,13.75521557719054,n16_bsz2048_lr3e-5_kl1e-3_updated_scaling
0.001,0.495,4096,5e-05,8.745519713261649,n16_bsz4096_lr5e-5_kl0.001_updated_scaling
0.001,0.495,8192,5e-05,7.422360248447204,n16_bsz8192_lr5e-5_kl0.001_updated_scaling
0.001,0.5,8,3e-06,2293.6046511627906,n16_bsz8_lr3e-6
0.001,0.5,16,4e-06,1073.5751295336788,n16_bsz16_lr4e-6
0.001,0.5,32,6e-06,548.6519607843137,n16_bsz32_lr6e-6_kl1e-3_v2
0.001,0.5,64,6e-06,309.19117647058823,n16_bsz64_lr6e-6_kl1e-3_v2
0.001,0.5,128,1e-05,191.08333333333331,n16_bsz128_lr1e-5_kl1e-3_v2
0.001,0.5,256,2e-05,84.81781376518217,n16_bsz256_lr2e-5_kl1e-3_v2
0.001,0.5,512,2e-05,48.43522561863175,n16_bsz512_lr2e-5_kl1e-3_updated_scaling
0.001,0.5,1024,2e-05,26.24223602484471,n16_bsz1024_lr2e-5_kl1e-3_updated_scaling
0.001,0.5,2048,3e-05,14.102920723226703,n16_bsz2048_lr3e-5_kl1e-3_updated_scaling
0.001,0.5,4096,5e-05,8.9247311827957,n16_bsz4096_lr5e-5_kl0.001_updated_scaling
0.001,0.5,8192,5e-05,7.732919254658386,n16_bsz8192_lr5e-5_kl0.001_updated_scaling
0.01,0.35,8,8e-06,154.03225806451613,n16_bsz8_lr8e-6_kl1e-2
0.01,0.35,16,6e-06,167.99065420560746,n16_bsz16_lr6e-6_kl0.01_updated_scaling
0.01,0.35,32,1.2e-05,69.43855932203388,n16_bsz32_lr1.2e-5_kl1e-2
0.01,0.35,64,2e-05,42.92635658914726,n16_bsz64_lr2e-5_kl0.01_updated_scaling
0.01,0.35,128,2e-05,19.61705202312138,n16_bsz128_lr2e-5_kl1e-2_updated_scaling
0.01,0.35,256,3e-05,7.967718268525312,n16_bsz256_lr3e-5_kl0.01_updated_scaling
0.01,0.35,512,2e-05,14.296998420221165,n16_bsz512_lr2e-5_kl1e-2_updated_scaling
0.01,0.35,1024,3e-05,5.243843553838724,n16_bsz1024_lr3e-5_kl1e-2_updated_scaling
0.01,0.35,2048,0.0001,3.2035398230088497,n16_bsz2048_lr1e-4_kl0.01_updated_scaling
0.01,0.35,4096,0.0001,1.2920245398773005,n16_bsz4096_lr1e-4_kl0.01_updated_scaling
0.01,0.35,8192,0.0001,0.85781990521327,n16_bsz8192_lr1e-4_kl0.01_updated_scaling
0.01,0.355,8,8e-06,158.51254480286738,n16_bsz8_lr8e-6_kl1e-2
0.01,0.355,16,6e-06,178.33333333333334,n16_bsz16_lr6e-6_kl0.01_updated_scaling
0.01,0.355,32,1.2e-05,72.08686440677965,n16_bsz32_lr1.2e-5_kl1e-2
0.01,0.355,64,2e-05,47.77131782945734,n16_bsz64_lr2e-5_kl0.01_updated_scaling
0.01,0.355,128,2e-05,20.520231213872826,n16_bsz128_lr2e-5_kl1e-2_updated_scaling
0.01,0.355,256,3e-05,8.334556126192222,n16_bsz256_lr3e-5_kl0.01_updated_scaling
0.01,0.355,512,2e-05,14.955239599789358,n16_bsz512_lr2e-5_kl1e-2_updated_scaling
0.01,0.355,1024,3e-05,5.485272815065184,n16_bsz1024_lr3e-5_kl1e-2_updated_scaling
0.01,0.355,2048,0.0001,3.3510324483775804,n16_bsz2048_lr1e-4_kl0.01_updated_scaling
0.01,0.355,4096,0.0001,1.353374233128834,n16_bsz4096_lr1e-4_kl0.01_updated_scaling
0.01,0.355,8192,0.0001,0.8973143759873616,n16_bsz8192_lr1e-4_kl0.01_updated_scaling
0.01,0.36,8,8e-06,162.99283154121864,n16_bsz8_lr8e-6_kl1e-2
0.01,0.36,16,6e-06,186.66666666666666,n16_bsz16_lr6e-6_kl0.01_updated_scaling
0.01,0.36,32,1.2e-05,74.73516949152543,n16_bsz32_lr1.2e-5_kl1e-2
0.01,0.36,64,2e-05,53.49740932642485,n16_bsz64_lr2e-5_kl0.01_updated_scaling
0.01,0.36,128,2e-05,21.42341040462427,n16_bsz128_lr2e-5_kl1e-2_updated_scaling
0.01,0.36,256,3e-05,8.701393983859136,n16_bsz256_lr3e-5_kl0.01_updated_scaling
0.01,0.36,512,2e-05,15.613480779357552,n16_bsz512_lr2e-5_kl1e-2_updated_scaling
0.01,0.36,1024,3e-05,5.726702076291646,n16_bsz1024_lr3e-5_kl1e-2_updated_scaling
0.01,0.36,2048,0.0001,3.498525073746313,n16_bsz2048_lr1e-4_kl0.01_updated_scaling
0.01,0.36,4096,0.0001,1.414723926380368,n16_bsz4096_lr1e-4_kl0.01_updated_scaling
0.01,0.36,8192,0.0001,0.9368088467614534,n16_bsz8192_lr1e-4_kl0.01_updated_scaling
0.01,0.365,8,8e-06,167.4731182795699,n16_bsz8_lr8e-6_kl1e-2
0.01,0.365,16,6e-06,195.0,n16_bsz16_lr6e-6_kl0.01_updated_scaling
0.01,0.365,32,1.2e-05,77.38347457627118,n16_bsz32_lr1.2e-5_kl1e-2
0.01,0.365,64,2e-05,59.974093264248694,n16_bsz64_lr2e-5_kl0.01_updated_scaling
0.01,0.365,128,2e-05,22.32658959537572,n16_bsz128_lr2e-5_kl1e-2_updated_scaling
0.01,0.365,256,3e-05,9.068231841526046,n16_bsz256_lr3e-5_kl0.01_updated_scaling
0.01,0.365,512,2e-05,16.27172195892575,n16_bsz512_lr2e-5_kl1e-2_updated_scaling
0.01,0.365,1024,3e-05,5.9681313375181055,n16_bsz1024_lr3e-5_kl1e-2_updated_scaling
0.01,0.365,2048,0.0001,3.6460176991150437,n16_bsz2048_lr1e-4_kl0.01_updated_scaling
0.01,0.365,4096,0.0001,1.4760736196319018,n16_bsz4096_lr1e-4_kl0.01_updated_scaling
0.01,0.365,8192,0.0001,0.976303317535545,n16_bsz8192_lr1e-4_kl0.01_updated_scaling
0.01,0.37,8,8e-06,171.95340501792114,n16_bsz8_lr8e-6_kl1e-2
0.01,0.37,16,6e-06,202.45098039215685,n16_bsz16_lr6e-6_kl0.01_updated_scaling
0.01,0.37,32,1.2e-05,80.03177966101696,n16_bsz32_lr1.2e-5_kl1e-2
0.01,0.37,64,1e-05,61.891891891891895,n16_bsz64_lr1e-5_kl1e-2_updated_scaling
0.01,0.37,128,2e-05,23.229768786127163,n16_bsz128_lr2e-5_kl1e-2_updated_scaling
0.01,0.37,256,3e-05,9.435069699192958,n16_bsz256_lr3e-5_kl0.01_updated_scaling
0.01,0.37,512,2e-05,16.929963138493942,n16_bsz512_lr2e-5_kl1e-2_updated_scaling
0.01,0.37,1024,3e-05,6.2095605987445675,n16_bsz1024_lr3e-5_kl1e-2_updated_scaling
0.01,0.37,2048,0.0001,3.7935103244837762,n16_bsz2048_lr1e-4_kl0.01_updated_scaling
0.01,0.37,4096,0.0001,1.5374233128834356,n16_bsz4096_lr1e-4_kl0.01_updated_scaling
0.01,0.37,8192,0.0001,1.116279069767442,n16_bsz8192_lr1e-4_kl0.01_updated_scaling
0.01,0.375,8,8e-06,221.09374999999997,n16_bsz8_lr8e-6_kl1e-2
0.01,0.375,16,6e-06,208.578431372549,n16_bsz16_lr6e-6_kl0.01_updated_scaling
0.01,0.375,32,1.2e-05,82.68008474576271,n16_bsz32_lr1.2e-5_kl1e-2
0.01,0.375,64,1e-05,63.58108108108108,n16_bsz64_lr1e-5_kl1e-2_updated_scaling
0.01,0.375,128,2e-05,24.132947976878608,n16_bsz128_lr2e-5_kl1e-2_updated_scaling
0.01,0.375,256,3e-05,9.801907556859868,n16_bsz256_lr3e-5_kl0.01_updated_scaling
0.01,0.375,512,2e-05,17.588204318062136,n16_bsz512_lr2e-5_kl1e-2_updated_scaling
0.01,0.375,1024,3e-05,6.450989859971028,n16_bsz1024_lr3e-5_kl1e-2_updated_scaling
0.01,0.375,2048,0.0001,3.9410029498525074,n16_bsz2048_lr1e-4_kl0.01_updated_scaling
0.01,0.375,4096,0.0001,1.5987730061349694,n16_bsz4096_lr1e-4_kl0.01_updated_scaling
0.01,0.375,8192,0.0001,1.406976744186047,n16_bsz8192_lr1e-4_kl0.01_updated_scaling
0.01,0.38,8,8e-06,265.14869888475835,n16_bsz8_lr8e-6_kl1e-2
0.01,0.38,16,6e-06,214.70588235294116,n16_bsz16_lr6e-6_kl0.01_updated_scaling
0.01,0.38,32,1.2e-05,85.32838983050848,n16_bsz32_lr1.2e-5_kl1e-2
0.01,0.38,64,1e-05,65.27027027027027,n16_bsz64_lr1e-5_kl1e-2_updated_scaling
0.01,0.38,128,2e-05,25.141242937853093,n16_bsz128_lr2e-5_kl1e-2_updated_scaling
0.01,0.38,256,3e-05,11.65467625899282,n16_bsz256_lr3e-5_kl0.01_updated_scaling
0.01,0.38,512,2e-05,18.24644549763033,n16_bsz512_lr2e-5_kl1e-2_updated_scaling
0.01,0.38,1024,3e-05,6.6924191211974895,n16_bsz1024_lr3e-5_kl1e-2_updated_scaling
0.01,0.38,2048,0.0001,4.0884955752212395,n16_bsz2048_lr1e-4_kl0.01_updated_scaling
0.01,0.38,4096,0.0001,1.6601226993865033,n16_bsz4096_lr1e-4_kl0.01_updated_scaling
0.01,0.38,8192,0.0001,1.697674418604652,n16_bsz8192_lr1e-4_kl0.01_updated_scaling
0.01,0.385,8,8e-06,269.79553903345726,n16_bsz8_lr8e-6_kl1e-2
0.01,0.385,16,6e-06,220.83333333333331,n16_bsz16_lr6e-6_kl0.01_updated_scaling
0.01,0.385,32,1.2e-05,87.97669491525424,n16_bsz32_lr1.2e-5_kl1e-2
0.01,0.385,64,1e-05,66.95945945945947,n16_bsz64_lr1e-5_kl1e-2_updated_scaling
0.01,0.385,128,2e-05,28.67231638418078,n16_bsz128_lr2e-5_kl1e-2_updated_scaling
0.01,0.385,256,3e-05,15.251798561151091,n16_bsz256_lr3e-5_kl0.01_updated_scaling
0.01,0.385,512,2e-05,18.904686677198526,n16_bsz512_lr2e-5_kl1e-2_updated_scaling
0.01,0.385,1024,3e-05,6.93384838242395,n16_bsz1024_lr3e-5_kl1e-2_updated_scaling
0.01,0.385,2048,0.0001,4.235988200589971,n16_bsz2048_lr1e-4_kl0.01_updated_scaling
0.01,0.385,4096,0.0001,1.7214723926380369,n16_bsz4096_lr1e-4_kl0.01_updated_scaling
0.01,0.385,8192,5e-05,1.9725209080047792,n16_bsz8192_lr5e-5_kl0.01_updated_scaling
0.01,0.39,8,8e-06,274.4423791821561,n16_bsz8_lr8e-6_kl1e-2
0.01,0.39,16,6e-06,257.7821011673152,n16_bsz16_lr6e-6_kl0.01_updated_scaling
0.01,0.39,32,1.2e-05,90.62500000000001,n16_bsz32_lr1.2e-5_kl1e-2
0.01,0.39,64,1e-05,68.64864864864866,n16_bsz64_lr1e-5_kl1e-2_updated_scaling
0.01,0.39,128,2e-05,32.20338983050847,n16_bsz128_lr2e-5_kl1e-2_updated_scaling
0.01,0.39,256,2e-05,18.81965552178318,n16_bsz256_lr2e-5_kl1e-2_updated_scaling
0.01,0.39,512,2e-05,19.56292785676672,n16_bsz512_lr2e-5_kl1e-2_updated_scaling
0.01,0.39,1024,3e-05,7.1752776436504115,n16_bsz1024_lr3e-5_kl1e-2_updated_scaling
0.01,0.39,2048,0.0001,4.383480825958703,n16_bsz2048_lr1e-4_kl0.01_updated_scaling
0.01,0.39,4096,0.0001,1.7828220858895707,n16_bsz4096_lr1e-4_kl0.01_updated_scaling
0.01,0.39,8192,5e-05,2.054655870445345,n16_bsz8192_lr5e-5_kl0.01_updated_scaling
0.01,0.395,8,8e-06,363.4316770186336,n16_bsz8_lr8e-6_kl1e-2
0.01,0.395,16,6e-06,262.6459143968872,n16_bsz16_lr6e-6_kl0.01_updated_scaling
0.01,0.395,32,1.2e-05,93.27330508474577,n16_bsz32_lr1.2e-5_kl1e-2
0.01,0.395,64,1e-05,70.33783783783784,n16_bsz64_lr1e-5_kl1e-2_updated_scaling
0.01,0.395,128,2e-05,35.73446327683615,n16_bsz128_lr2e-5_kl1e-2_updated_scaling
0.01,0.395,256,2e-05,19.45288753799392,n16_bsz256_lr2e-5_kl1e-2_updated_scaling
0.01,0.395,512,2e-05,20.221169036334913,n16_bsz512_lr2e-5_kl1e-2_updated_scaling
0.01,0.395,1024,3e-05,7.416706904876871,n16_bsz1024_lr3e-5_kl1e-2_updated_scaling
0.01,0.395,2048,0.0001,4.5309734513274345,n16_bsz2048_lr1e-4_kl0.01_updated_scaling
0.01,0.395,4096,0.0001,1.8441717791411043,n16_bsz4096_lr1e-4_kl0.01_updated_scaling
0.01,0.395,8192,5e-05,2.15587044534413,n16_bsz8192_lr5e-5_kl0.01_updated_scaling
0.01,0.4,8,8e-06,367.3136645962733,n16_bsz8_lr8e-6_kl1e-2
0.01,0.4,16,6e-06,267.50972762645915,n16_bsz16_lr6e-6_kl0.01_updated_scaling
0.01,0.4,32,1.2e-05,95.92161016949154,n16_bsz32_lr1.2e-5_kl1e-2
0.01,0.4,64,1e-05,72.02702702702703,n16_bsz64_lr1e-5_kl1e-2_updated_scaling
0.01,0.4,128,2e-05,39.26553672316385,n16_bsz128_lr2e-5_kl1e-2_updated_scaling
0.01,0.4,256,2e-05,20.08611955420466,n16_bsz256_lr2e-5_kl1e-2_updated_scaling
0.01,0.4,512,2e-05,20.879410215903107,n16_bsz512_lr2e-5_kl1e-2_updated_scaling
0.01,0.4,1024,3e-05,7.658136166103333,n16_bsz1024_lr3e-5_kl1e-2_updated_scaling
0.01,0.4,2048,0.0001,4.678466076696166,n16_bsz2048_lr1e-4_kl0.01_updated_scaling
0.01,0.4,4096,0.0001,1.9055214723926381,n16_bsz4096_lr1e-4_kl0.01_updated_scaling
0.01,0.4,8192,5e-05,2.257085020242916,n16_bsz8192_lr5e-5_kl0.01_updated_scaling
0.01,0.405,8,8e-06,371.19565217391306,n16_bsz8_lr8e-6_kl1e-2
0.01,0.405,16,6e-06,272.3735408560311,n16_bsz16_lr6e-6_kl0.01_updated_scaling
0.01,0.405,32,1.2e-05,98.5699152542373,n16_bsz32_lr1.2e-5_kl1e-2
0.01,0.405,64,1e-05,73.71621621621622,n16_bsz64_lr1e-5_kl1e-2_updated_scaling
0.01,0.405,128,2e-05,42.79661016949153,n16_bsz128_lr2e-5_kl1e-2_updated_scaling
0.01,0.405,256,2e-05,20.7193515704154,n16_bsz256_lr2e-5_kl1e-2_updated_scaling
0.01,0.405,512,2e-05,21.537651395471304,n16_bsz512_lr2e-5_kl1e-2_updated_scaling
0.01,0.405,1024,3e-05,7.899565427329793,n16_bsz1024_lr3e-5_kl1e-2_updated_scaling
0.01,0.405,2048,0.0001,4.825958702064898,n16_bsz2048_lr1e-4_kl0.01_updated_scaling
0.01,0.405,4096,0.0001,1.966871165644172,n16_bsz4096_lr1e-4_kl0.01_updated_scaling
0.01,0.405,8192,5e-05,2.3582995951417014,n16_bsz8192_lr5e-5_kl0.01_updated_scaling
0.01,0.41,8,4e-06,464.49999999999994,n16_bsz8_lr4e-6_kl1e-2
0.01,0.41,16,6e-06,343.6234817813765,n16_bsz16_lr6e-6_kl0.01_updated_scaling
0.01,0.41,32,6e-06,211.44067796610167,n16_bsz32_lr6e-6_kl1e-2
0.01,0.41,64,1e-05,75.99999999999999,n16_bsz64_lr1e-5_kl1e-2_updated_scaling
0.01,0.41,128,2e-05,46.32768361581918,n16_bsz128_lr2e-5_kl1e-2_updated_scaling
0.01,0.41,256,2e-05,21.35258358662613,n16_bsz256_lr2e-5_kl1e-2_updated_scaling
0.01,0.41,512,2e-05,22.195892575039487,n16_bsz512_lr2e-5_kl1e-2_updated_scaling
0.01,0.41,1024,3e-05,8.140994688556251,n16_bsz1024_lr3e-5_kl1e-2_updated_scaling
0.01,0.41,2048,0.0001,4.973451327433628,n16_bsz2048_lr1e-4_kl0.01_updated_scaling
0.01,0.41,4096,5e-05,2.9888059701492535,n16_bsz4096_lr5e-5_kl0.01_updated_scaling
0.01,0.41,8192,5e-05,2.4595141700404857,n16_bsz8192_lr5e-5_kl0.01_updated_scaling
0.01,0.415,8,4e-06,472.8333333333333,n16_bsz8_lr4e-6_kl1e-2
0.01,0.415,16,6e-06,348.6842105263158,n16_bsz16_lr6e-6_kl0.01_updated_scaling
0.01,0.415,32,6e-06,214.97175141242937,n16_bsz32_lr6e-6_kl1e-2
0.01,0.415,64,1e-05,80.16666666666664,n16_bsz64_lr1e-5_kl1e-2_updated_scaling
0.01,0.415,128,2e-05,49.858757062146864,n16_bsz128_lr2e-5_kl1e-2_updated_scaling
0.01,0.415,256,2e-05,21.985815602836876,n16_bsz256_lr2e-5_kl1e-2_updated_scaling
0.01,0.415,512,2e-05,22.854133754607687,n16_bsz512_lr2e-5_kl1e-2_updated_scaling
0.01,0.415,1024,3e-05,8.382423949782712,n16_bsz1024_lr3e-5_kl1e-2_updated_scaling
0.01,0.415,2048,5e-05,5.790043290043287,n16_bsz2048_lr5e-5_kl1e-2_updated_scaling
0.01,0.415,4096,5e-05,3.1589147286821704,n16_bsz4096_lr5e-5_kl0.01_updated_scaling
0.01,0.415,8192,5e-05,2.5607287449392713,n16_bsz8192_lr5e-5_kl0.01_updated_scaling
0.01,0.42,8,4e-06,861.336032388664,n16_bsz8_lr4e-6_kl1e-2
0.01,0.42,16,6e-06,411.7268041237113,n16_bsz16_lr6e-6_kl0.01_updated_scaling
0.01,0.42,32,6e-06,218.50282485875704,n16_bsz32_lr6e-6_kl1e-2
0.01,0.42,64,1e-05,84.33333333333331,n16_bsz64_lr1e-5_kl1e-2_updated_scaling
0.01,0.42,128,2e-05,56.976744186046474,n16_bsz128_lr2e-5_kl1e-2_updated_scaling
0.01,0.42,256,2e-05,22.619047619047617,n16_bsz256_lr2e-5_kl1e-2_updated_scaling
0.01,0.42,512,2e-05,23.51237493417588,n16_bsz512_lr2e-5_kl1e-2_updated_scaling
0.01,0.42,1024,3e-05,8.623853211009173,n16_bsz1024_lr3e-5_kl1e-2_updated_scaling
0.01,0.42,2048,5e-05,6.331168831168828,n16_bsz2048_lr5e-5_kl1e-2_updated_scaling
0.01,0.42,4096,5e-05,3.352713178294574,n16_bsz4096_lr5e-5_kl0.01_updated_scaling
0.01,0.42,8192,5e-05,2.661943319838057,n16_bsz8192_lr5e-5_kl0.01_updated_scaling
0.01,0.425,8,4e-06,866.3967611336033,n16_bsz8_lr4e-6_kl1e-2
0.01,0.425,16,6e-06,418.1701030927835,n16_bsz16_lr6e-6_kl0.01_updated_scaling
0.01,0.425,32,6e-06,222.03389830508473,n16_bsz32_lr6e-6_kl1e-2
0.01,0.425,64,1e-05,88.49999999999999,n16_bsz64_lr1e-5_kl1e-2_updated_scaling
0.01,0.425,128,2e-05,64.2441860465116,n16_bsz128_lr2e-5_kl1e-2_updated_scaling
0.01,0.425,256,2e-05,23.252279635258354,n16_bsz256_lr2e-5_kl1e-2_updated_scaling
0.01,0.425,512,2e-05,24.170616113744074,n16_bsz512_lr2e-5_kl1e-2_updated_scaling
0.01,0.425,1024,3e-05,8.865282472235634,n16_bsz1024_lr3e-5_kl1e-2_updated_scaling
0.01,0.425,2048,5e-05,6.87229437229437,n16_bsz2048_lr5e-5_kl1e-2_updated_scaling
0.01,0.425,4096,5e-05,3.546511627906977,n16_bsz4096_lr5e-5_kl0.01_updated_scaling
0.01,0.425,8192,5e-05,2.7631578947368425,n16_bsz8192_lr5e-5_kl0.01_updated_scaling
0.01,0.43,8,4e-06,871.4574898785426,n16_bsz8_lr4e-6_kl1e-2
0.01,0.43,16,6e-06,424.61340206185565,n16_bsz16_lr6e-6_kl0.01_updated_scaling
0.01,0.43,32,6e-06,257.19424460431657,n16_bsz32_lr6e-6_kl1e-2
0.01,0.43,64,1e-05,92.66666666666664,n16_bsz64_lr1e-5_kl1e-2_updated_scaling
0.01,0.43,128,2e-05,71.51162790697673,n16_bsz128_lr2e-5_kl1e-2_updated_scaling
0.01,0.43,256,2e-05,23.885511651469095,n16_bsz256_lr2e-5_kl1e-2_updated_scaling
0.01,0.43,512,2e-05,24.828857293312268,n16_bsz512_lr2e-5_kl1e-2_updated_scaling
0.01,0.43,1024,3e-05,9.106711733462095,n16_bsz1024_lr3e-5_kl1e-2_updated_scaling
0.01,0.43,2048,5e-05,7.4134199134199115,n16_bsz2048_lr5e-5_kl1e-2_updated_scaling
0.01,0.43,4096,5e-05,3.7403100775193803,n16_bsz4096_lr5e-5_kl0.01_updated_scaling
0.01,0.43,8192,5e-05,2.8643724696356276,n16_bsz8192_lr5e-5_kl0.01_updated_scaling
0.01,0.435,8,4e-06,922.1698113207548,n16_bsz8_lr4e-6_kl1e-2
0.01,0.435,16,6e-06,549.4163424124514,n16_bsz16_lr6e-6_kl0.01_updated_scaling
0.01,0.435,32,6e-06,266.1870503597122,n16_bsz32_lr6e-6_kl1e-2
0.01,0.435,64,1e-05,96.83333333333331,n16_bsz64_lr1e-5_kl1e-2_updated_scaling
0.01,0.435,128,2e-05,77.32974910394265,n16_bsz128_lr2e-5_kl1e-2_updated_scaling
0.01,0.435,256,2e-05,24.518743667679836,n16_bsz256_lr2e-5_kl1e-2_updated_scaling
0.01,0.435,512,2e-05,26.539101497504152,n16_bsz512_lr2e-5_kl1e-2_updated_scaling
0.01,0.435,1024,3e-05,9.348140994688556,n16_bsz1024_lr3e-5_kl1e-2_updated_scaling
0.01,0.435,2048,5e-05,7.954545454545452,n16_bsz2048_lr5e-5_kl1e-2_updated_scaling
0.01,0.435,4096,5e-05,3.9341085271317837,n16_bsz4096_lr5e-5_kl0.01_updated_scaling
0.01,0.435,8192,5e-05,2.9655870445344132,n16_bsz8192_lr5e-5_kl0.01_updated_scaling
0.01,0.44,8,4e-06,1091.9270833333333,n16_bsz8_lr4e-6_kl1e-2
0.01,0.44,16,4e-06,602.5423728813558,n16_bsz16_lr4e-6_kl1e-2
0.01,0.44,32,6e-06,311.50485436893206,n16_bsz32_lr6e-6_kl1e-2
0.01,0.44,64,1e-05,143.36917562724014,n16_bsz64_lr1e-5_kl1e-2_updated_scaling
0.01,0.44,128,2e-05,81.81003584229391,n16_bsz128_lr2e-5_kl1e-2_updated_scaling
0.01,0.44,256,2e-05,28.09278350515459,n16_bsz256_lr2e-5_kl1e-2_updated_scaling
0.01,0.44,512,2e-05,28.61896838602329,n16_bsz512_lr2e-5_kl1e-2_updated_scaling
0.01,0.44,1024,3e-05,9.589570255915017,n16_bsz1024_lr3e-5_kl1e-2_updated_scaling
0.01,0.44,2048,5e-05,8.495670995670993,n16_bsz2048_lr5e-5_kl1e-2_updated_scaling
0.01,0.44,4096,5e-05,4.146666666666667,n16_bsz4096_lr5e-5_kl0.01_updated_scaling
0.01,0.44,8192,5e-05,4.006666666666666,n16_bsz8192_lr5e-5_kl0.01_updated_scaling
0.01,0.445,8,4e-06,1121.5909090909095,n16_bsz8_lr4e-6_kl1e-2
0.01,0.445,16,4e-06,613.1355932203389,n16_bsz16_lr4e-6_kl1e-2
0.01,0.445,32,6e-06,313.93203883495147,n16_bsz32_lr6e-6_kl1e-2
0.01,0.445,64,1e-05,147.8494623655914,n16_bsz64_lr1e-5_kl1e-2_updated_scaling
0.01,0.445,128,2e-05,86.29032258064517,n16_bsz128_lr2e-5_kl1e-2_updated_scaling
0.01,0.445,256,2e-05,40.97938144329895,n16_bsz256_lr2e-5_kl1e-2_updated_scaling
0.01,0.445,512,2e-05,30.698835274542425,n16_bsz512_lr2e-5_kl1e-2_updated_scaling
0.01,0.445,1024,3e-05,9.830999517141477,n16_bsz1024_lr3e-5_kl1e-2_updated_scaling
0.01,0.445,2048,5e-05,9.036796536796535,n16_bsz2048_lr5e-5_kl1e-2_updated_scaling
0.01,0.445,4096,5e-05,4.36888888888889,n16_bsz4096_lr5e-5_kl0.01_updated_scaling
0.01,0.445,8192,5e-05,4.339999999999999,n16_bsz8192_lr5e-5_kl0.01_updated_scaling
0.01,0.45,8,2e-06,1573.0140186915887,n16_bsz8_lr2e-6_kl1e-2
0.01,0.45,16,4e-06,623.728813559322,n16_bsz16_lr4e-6_kl1e-2
0.01,0.45,32,6e-06,316.3592233009709,n16_bsz32_lr6e-6_kl1e-2
0.01,0.45,64,1e-05,189.25233644859813,n16_bsz64_lr1e-5_kl1e-2_updated_scaling
0.01,0.45,128,2e-05,90.77060931899643,n16_bsz128_lr2e-5_kl1e-2_updated_scaling
0.01,0.45,256,2e-05,51.83823529411765,n16_bsz256_lr2e-5_kl1e-2_updated_scaling
0.01,0.45,512,2e-05,32.77870216306157,n16_bsz512_lr2e-5_kl1e-2_updated_scaling
0.01,0.45,1024,3e-05,10.5,n16_bsz1024_lr3e-5_kl1e-2_updated_scaling
0.01,0.45,2048,5e-05,9.577922077922077,n16_bsz2048_lr5e-5_kl1e-2_updated_scaling
0.01,0.45,4096,5e-05,4.591111111111112,n16_bsz4096_lr5e-5_kl0.01_updated_scaling
0.01,0.45,8192,5e-05,4.673333333333333,n16_bsz8192_lr5e-5_kl0.01_updated_scaling
0.01,0.455,8,2e-06,1619.647355163728,n16_bsz8_lr2e-6_kl1e-2
0.01,0.455,16,4e-06,679.6610169491526,n16_bsz16_lr4e-6_kl1e-2
0.01,0.455,32,6e-06,318.7864077669903,n16_bsz32_lr6e-6_kl1e-2
0.01,0.455,64,1e-05,195.09345794392524,n16_bsz64_lr1e-5_kl1e-2_updated_scaling
0.01,0.455,128,2e-05,95.25089605734769,n16_bsz128_lr2e-5_kl1e-2_updated_scaling
0.01,0.455,256,2e-05,57.96568627450982,n16_bsz256_lr2e-5_kl1e-2_updated_scaling
0.01,0.455,512,2e-05,34.8585690515807,n16_bsz512_lr2e-5_kl1e-2_updated_scaling
0.01,0.455,1024,3e-05,12.166666666666671,n16_bsz1024_lr3e-5_kl1e-2_updated_scaling
0.01,0.455,2048,5e-05,10.183333333333332,n16_bsz2048_lr5e-5_kl1e-2_updated_scaling
0.01,0.455,4096,5e-05,4.813333333333334,n16_bsz4096_lr5e-5_kl0.01_updated_scaling
0.01,0.455,8192,5e-05,5.003322259136212,n16_bsz8192_lr5e-5_kl0.01_updated_scaling
0.01,0.46,8,2e-06,1622.7959697732997,n16_bsz8_lr2e-6_kl1e-2
0.01,0.46,16,4e-06,690.2542372881356,n16_bsz16_lr4e-6_kl1e-2
0.01,0.46,32,6e-06,321.2135922330097,n16_bsz32_lr6e-6_kl1e-2
0.01,0.46,64,6e-06,240.6250000000001,n16_bsz64_lr6e-6_kl1e-2
0.01,0.46,128,2e-05,99.73118279569896,n16_bsz128_lr2e-5_kl1e-2_updated_scaling
0.01,0.46,256,2e-05,64.09313725490199,n16_bsz256_lr2e-5_kl1e-2_updated_scaling
0.01,0.46,512,2e-05,36.938435940099836,n16_bsz512_lr2e-5_kl1e-2_updated_scaling
0.01,0.46,1024,3e-05,13.833333333333341,n16_bsz1024_lr3e-5_kl1e-2_updated_scaling
0.01,0.46,2048,5e-05,11.016666666666666,n16_bsz2048_lr5e-5_kl1e-2_updated_scaling
0.01,0.46,4096,5e-05,6.546511627906978,n16_bsz4096_lr5e-5_kl0.01_updated_scaling
0.01,0.46,8192,5e-05,5.1694352159468435,n16_bsz8192_lr5e-5_kl0.01_updated_scaling
0.01,0.465,8,2e-06,1798.7609329446063,n16_bsz8_lr2e-6_kl1e-2
0.01,0.465,16,3e-06,789.9484536082475,n16_bsz16_lr3e-6_kl0.01_updated_scaling
0.01,0.465,32,6e-06,323.6407766990291,n16_bsz32_lr6e-6_kl1e-2
0.01,0.465,64,1e-05,267.0415224913495,n16_bsz64_lr1e-5_kl1e-2_updated_scaling
0.01,0.465,128,1e-05,130.5900621118013,n16_bsz128_lr1e-5_kl1e-2_updated_scaling
0.01,0.465,256,2e-05,70.22058823529416,n16_bsz256_lr2e-5_kl1e-2_updated_scaling
0.01,0.465,512,2e-05,39.01830282861898,n16_bsz512_lr2e-5_kl1e-2_updated_scaling
0.01,0.465,1024,3e-05,15.50000000000001,n16_bsz1024_lr3e-5_kl1e-2_updated_scaling
0.01,0.465,2048,5e-05,11.850000000000001,n16_bsz2048_lr5e-5_kl1e-2_updated_scaling
0.01,0.465,4096,5e-05,6.837209302325583,n16_bsz4096_lr5e-5_kl0.01_updated_scaling
0.01,0.465,8192,5e-05,5.335548172757475,n16_bsz8192_lr5e-5_kl0.01_updated_scaling
0.01,0.47,8,2e-06,1931.9915254237287,n16_bsz8_lr2e-6_kl1e-2
0.01,0.47,16,4e-06,931.3953488372092,n16_bsz16_lr4e-6_kl1e-2
0.01,0.47,32,6e-06,466.7701863354037,n16_bsz32_lr6e-6_kl1e-2
0.01,0.47,64,1e-05,271.3667820069204,n16_bsz64_lr1e-5_kl1e-2_updated_scaling
0.01,0.47,128,1e-05,138.35403726708074,n16_bsz128_lr1e-5_kl1e-2_updated_scaling
0.01,0.47,256,2e-05,76.07003891050583,n16_bsz256_lr2e-5_kl1e-2_updated_scaling
0.01,0.47,512,2e-05,41.09816971713809,n16_bsz512_lr2e-5_kl1e-2_updated_scaling
0.01,0.47,1024,3e-05,17.16666666666666,n16_bsz1024_lr3e-5_kl1e-2_updated_scaling
0.01,0.47,2048,5e-05,12.683333333333326,n16_bsz2048_lr5e-5_kl1e-2_updated_scaling
0.01,0.47,4096,5e-05,7.343749999999996,n16_bsz4096_lr5e-5_kl0.01_updated_scaling
0.01,0.47,8192,5e-05,5.501661129568105,n16_bsz8192_lr5e-5_kl0.01_updated_scaling
0.01,0.475,8,2e-06,1942.584745762712,n16_bsz8_lr2e-6_kl1e-2
0.01,0.475,16,4e-06,978.8135593220338,n16_bsz16_lr4e-6_kl1e-2
0.01,0.475,32,6e-06,474.5341614906832,n16_bsz32_lr6e-6_kl1e-2
0.01,0.475,64,6e-06,314.4409937888198,n16_bsz64_lr6e-6_kl1e-2
0.01,0.475,128,1e-05,146.11801242236024,n16_bsz128_lr1e-5_kl1e-2_updated_scaling
0.01,0.475,256,2e-05,80.93385214007782,n16_bsz256_lr2e-5_kl1e-2_updated_scaling
0.01,0.475,512,2e-05,43.178036605657226,n16_bsz512_lr2e-5_kl1e-2_updated_scaling
0.01,0.475,1024,3e-05,18.83333333333333,n16_bsz1024_lr3e-5_kl1e-2_updated_scaling
0.01,0.475,2048,5e-05,13.516666666666662,n16_bsz2048_lr5e-5_kl1e-2_updated_scaling
0.01,0.475,4096,5e-05,8.07407407407407,n16_bsz4096_lr5e-5_kl0.01_updated_scaling
0.01,0.475,8192,5e-05,5.667774086378737,n16_bsz8192_lr5e-5_kl0.01_updated_scaling
0.01,0.48,8,4e-06,2123.516949152542,n16_bsz8_lr4e-6_kl1e-2
0.01,0.48,16,4e-06,989.4067796610169,n16_bsz16_lr4e-6_kl1e-2
0.01,0.48,32,4e-06,584.1860465116279,n16_bsz32_lr4e-6_kl0.01_updated_scaling
0.01,0.48,64,6e-06,322.20496894409933,n16_bsz64_lr6e-6_kl1e-2
0.01,0.48,128,1e-05,152.431906614786,n16_bsz128_lr1e-5_kl1e-2_updated_scaling
0.01,0.48,256,2e-05,85.7976653696498,n16_bsz256_lr2e-5_kl1e-2_updated_scaling
0.01,0.48,512,2e-05,45.25790349417636,n16_bsz512_lr2e-5_kl1e-2_updated_scaling
0.01,0.48,1024,3e-05,20.377833753148614,n16_bsz1024_lr3e-5_kl1e-2_updated_scaling
0.01,0.48,2048,5e-05,14.349999999999998,n16_bsz2048_lr5e-5_kl1e-2_updated_scaling
0.01,0.48,4096,5e-05,8.537037037037036,n16_bsz4096_lr5e-5_kl0.01_updated_scaling
0.01,0.48,8192,5e-05,5.833887043189368,n16_bsz8192_lr5e-5_kl0.01_updated_scaling
0.01,0.485,8,2e-06,2240.2849740932643,n16_bsz8_lr2e-6_kl1e-2
0.01,0.485,16,4e-06,1000.0,n16_bsz16_lr4e-6_kl1e-2
0.01,0.485,32,4e-06,590.0,n16_bsz32_lr4e-6_kl0.01_updated_scaling
0.01,0.485,64,6e-06,362.7906976744186,n16_bsz64_lr6e-6_kl1e-2
0.01,0.485,128,1e-05,157.295719844358,n16_bsz128_lr1e-5_kl1e-2_updated_scaling
0.01,0.485,256,2e-05,90.6614785992218,n16_bsz256_lr2e-5_kl1e-2_updated_scaling
0.01,0.485,512,2e-05,47.3377703826955,n16_bsz512_lr2e-5_kl1e-2_updated_scaling
0.01,0.485,1024,3e-05,21.63727959697733,n16_bsz1024_lr3e-5_kl1e-2_updated_scaling
0.01,0.485,2048,5e-05,15.319767441860462,n16_bsz2048_lr5e-5_kl1e-2_updated_scaling
0.01,0.485,4096,5e-05,9.0,n16_bsz4096_lr5e-5_kl0.01_updated_scaling
0.01,0.485,8192,5e-05,6.0,n16_bsz8192_lr5e-5_kl0.01_updated_scaling
0.01,0.49,8,2e-06,2246.7616580310882,n16_bsz8_lr2e-6_kl1e-2
0.01,0.49,16,3e-06,1121.1180124223602,n16_bsz16_lr3e-6_kl0.01_updated_scaling
0.01,0.49,32,4e-06,595.8139534883721,n16_bsz32_lr4e-6_kl0.01_updated_scaling
0.01,0.49,64,1e-05,397.35169491525426,n16_bsz64_lr1e-5_kl1e-2_updated_scaling
0.01,0.49,128,1e-05,162.15953307392996,n16_bsz128_lr1e-5_kl1e-2_updated_scaling
0.01,0.49,256,2e-05,95.52529182879378,n16_bsz256_lr2e-5_kl1e-2_updated_scaling
0.01,0.49,512,2e-05,49.41763727121464,n16_bsz512_lr2e-5_kl1e-2_updated_scaling
0.01,0.49,1024,3e-05,22.896725440806048,n16_bsz1024_lr3e-5_kl1e-2_updated_scaling
0.01,0.49,2048,5e-05,16.773255813953487,n16_bsz2048_lr5e-5_kl1e-2_updated_scaling
0.01,0.49,4096,5e-05,10.283720930232558,n16_bsz4096_lr5e-5_kl0.01_updated_scaling
0.01,0.49,8192,5e-05,6.245098039215687,n16_bsz8192_lr5e-5_kl0.01_updated_scaling
0.01,0.495,8,2e-06,2824.4897959183672,n16_bsz8_lr2e-6_kl1e-2
0.01,0.495,16,3e-06,1187.8404669260701,n16_bsz16_lr3e-6_kl0.01_updated_scaling
0.01,0.495,32,6e-06,599.4897959183673,n16_bsz32_lr6e-6_kl1e-2
0.01,0.495,64,1e-05,407.2674418604651,n16_bsz64_lr1e-5_kl1e-2_updated_scaling
0.01,0.495,128,1e-05,167.02334630350197,n16_bsz128_lr1e-5_kl1e-2_updated_scaling
0.01,0.495,256,2e-05,100.42372881355934,n16_bsz256_lr2e-5_kl1e-2_updated_scaling
0.01,0.495,512,2e-05,52.542372881355924,n16_bsz512_lr2e-5_kl1e-2_updated_scaling
0.01,0.495,1024,3e-05,24.156171284634762,n16_bsz1024_lr3e-5_kl1e-2_updated_scaling
0.01,0.495,2048,5e-05,18.226744186046513,n16_bsz2048_lr5e-5_kl1e-2_updated_scaling
0.01,0.495,4096,5e-05,10.516279069767442,n16_bsz4096_lr5e-5_kl0.01_updated_scaling
0.01,0.495,8192,5e-05,6.4901960784313735,n16_bsz8192_lr5e-5_kl0.01_updated_scaling
0.01,0.5,8,2e-06,3244.9814126394053,n16_bsz8_lr2e-6_kl1e-2
0.01,0.5,16,3e-06,1192.704280155642,n16_bsz16_lr3e-6_kl0.01_updated_scaling
0.01,0.5,32,6e-06,715.6007751937984,n16_bsz32_lr6e-6_kl1e-2
0.01,0.5,64,1e-05,421.8023255813954,n16_bsz64_lr1e-5_kl1e-2_updated_scaling
0.01,0.5,128,1e-05,171.88715953307394,n16_bsz128_lr1e-5_kl1e-2_updated_scaling
0.01,0.5,256,2e-05,105.72033898305087,n16_bsz256_lr2e-5_kl1e-2_updated_scaling
0.01,0.5,512,2e-05,56.073446327683605,n16_bsz512_lr2e-5_kl1e-2_updated_scaling
0.01,0.5,1024,3e-05,25.41561712846348,n16_bsz1024_lr3e-5_kl1e-2_updated_scaling
0.01,0.5,2048,5e-05,19.680232558139537,n16_bsz2048_lr5e-5_kl1e-2_updated_scaling
0.01,0.5,4096,5e-05,10.748837209302327,n16_bsz4096_lr5e-5_kl0.01_updated_scaling
0.01,0.5,8192,5e-05,6.735294117647061,n16_bsz8192_lr5e-5_kl0.01_updated_scaling
