kl,target,alpha,alpha_se,n_bsz,bsz_min,bsz_max,lr_at_bsz128,lr_ratio_per_doubling
0.001,0.35,0.27023885706633377,0.05015319308419765,11,8,8192,2.3404355920928687e-05,1.2060074815024286
0.001,0.355,0.3482839707092528,0.05433164862514819,11,8,8192,1.9546546963572608e-05,1.2730454886111913
0.001,0.36,0.3482839707092528,0.05433164862514819,11,8,8192,1.9546546963572608e-05,1.2730454886111913
0.001,0.365,0.3482839707092528,0.05433164862514819,11,8,8192,1.9546546963572608e-05,1.2730454886111913
0.001,0.37,0.3482839707092528,0.05433164862514819,11,8,8192,1.9546546963572608e-05,1.2730454886111913
0.001,0.375,0.3482839707092528,0.05433164862514819,11,8,8192,1.9546546963572608e-05,1.2730454886111913
0.001,0.38,0.32717553348300404,0.04947581384991409,11,8,8192,1.6754645044503802e-05,1.2545548375984248
0.001,0.385,0.32717553348300404,0.04947581384991409,11,8,8192,1.6754645044503802e-05,1.2545548375984248
0.001,0.39,0.32717553348300404,0.04947581384991409,11,8,8192,1.6754645044503802e-05,1.2545548375984248
0.001,0.395,0.32717553348300404,0.04947581384991409,11,8,8192,1.6754645044503802e-05,1.2545548375984248
0.001,0.4,0.3384947380087904,0.04581375301562414,11,8,8192,1.619458205960112e-05,1.2644366326336947
0.001,0.405,0.35082331810174805,0.045435908074076235,11,8,8192,1.538516329065246e-05,1.275288201956101
0.001,0.41,0.35082331810174805,0.045435908074076235,11,8,8192,1.538516329065246e-05,1.275288201956101
0.001,0.415,0.35082331810174805,0.045435908074076235,11,8,8192,1.538516329065246e-05,1.275288201956101
0.001,0.42,0.39627786355629313,0.04271049907004669,11,8,8192,1.3997567328521587e-05,1.3161079834660487
0.001,0.425,0.39936740903706225,0.03917829000786917,11,8,8192,1.1868108184734534e-05,1.3189294615636118
0.001,0.43,0.3725686601582909,0.04286890625919264,11,8,8192,1.1541988988052567e-05,1.2946558621911604
0.001,0.435,0.37256866015829243,0.027477701743734477,11,8,8192,1.1059214806132495e-05,1.2946558621911617
0.001,0.44,0.37256866015829243,0.027477701743734477,11,8,8192,1.1059214806132495e-05,1.2946558621911617
0.001,0.445,0.39266772181736964,0.03366887508166108,11,8,8192,1.1424624671172912e-05,1.3128187252312196
0.001,0.45,0.39266772181736964,0.03366887508166108,11,8,8192,1.1424624671172912e-05,1.3128187252312196
0.001,0.455,0.41946647069614107,0.02651644482608598,11,8,8192,1.1747427736053002e-05,1.3374328614781923
0.001,0.46,0.41946647069614107,0.02651644482608598,11,8,8192,1.1747427736053002e-05,1.3374328614781923
0.001,0.465,0.41946647069614107,0.02651644482608598,11,8,8192,1.1747427736053002e-05,1.3374328614781923
0.001,0.47,0.4088307888648469,0.029890257308324262,11,8,8192,1.1406072956554584e-05,1.327609436301134
0.001,0.475,0.4021311016451541,0.0268405046299003,11,8,8192,1.0442796517155986e-05,1.321458484749855
0.001,0.48,0.4021311016451541,0.0268405046299003,11,8,8192,1.0442796517155986e-05,1.321458484749855
0.001,0.485,0.4021311016451541,0.0268405046299003,11,8,8192,1.0442796517155986e-05,1.321458484749855
0.001,0.49,0.41722337434620305,0.031663294272755646,11,8,8192,1.0067358215573419e-05,1.3353550420455054
0.001,0.495,0.44758564709969917,0.030925951598915927,11,8,8192,9.500955211554511e-06,1.3637560975868728
0.001,0.5,0.420996442521465,0.025517787528028753,11,8,8192,1.0041063537634958e-05,1.3388519555579539
0.01,0.35,0.4072860161244621,0.047213852000999965,11,8,8192,1.9823968529518728e-05,1.3261886528234423
0.01,0.355,0.4072860161244621,0.047213852000999965,11,8,8192,1.9823968529518728e-05,1.3261886528234423
0.01,0.36,0.4072860161244621,0.047213852000999965,11,8,8192,1.9823968529518728e-05,1.3261886528234423
0.01,0.365,0.4072860161244621,0.047213852000999965,11,8,8192,1.9823968529518728e-05,1.3261886528234423
0.01,0.37,0.42546783430627977,0.04756179592910851,11,8,8192,1.8380230935175907e-05,1.3430079401446597
0.01,0.375,0.42546783430627977,0.04756179592910851,11,8,8192,1.8380230935175907e-05,1.3430079401446597
0.01,0.38,0.42546783430627977,0.04756179592910851,11,8,8192,1.8380230935175907e-05,1.3430079401446597
0.01,0.385,0.3800132888517359,0.05631252061162494,11,8,8192,1.7810158402905136e-05,1.3013538423262927
0.01,0.39,0.3800132888517352,0.055185266268922645,11,8,8192,1.716561966806001e-05,1.301353842326292
0.01,0.395,0.3800132888517352,0.055185266268922645,11,8,8192,1.716561966806001e-05,1.301353842326292
0.01,0.4,0.3800132888517352,0.055185266268922645,11,8,8192,1.716561966806001e-05,1.301353842326292
0.01,0.405,0.3800132888517352,0.055185266268922645,11,8,8192,1.716561966806001e-05,1.301353842326292
0.01,0.41,0.4163769252153709,0.049669202251107214,11,8,8192,1.3855233547992967e-05,1.3345718005681195
0.01,0.415,0.38910419794264456,0.030111801002420512,11,8,8192,1.3257370590112688e-05,1.3095800034422833
0.01,0.42,0.38910419794264456,0.030111801002420512,11,8,8192,1.3257370590112688e-05,1.3095800034422833
0.01,0.425,0.38910419794264456,0.030111801002420512,11,8,8192,1.3257370590112688e-05,1.3095800034422833
0.01,0.43,0.38910419794264456,0.030111801002420512,11,8,8192,1.3257370590112688e-05,1.3095800034422833
0.01,0.435,0.38910419794264456,0.030111801002420512,11,8,8192,1.3257370590112688e-05,1.3095800034422833
0.01,0.44,0.4103755616052314,0.0338057559143325,11,8,8192,1.2590581300564384e-05,1.3290317419044189
0.01,0.445,0.4103755616052314,0.0338057559143325,11,8,8192,1.2590581300564384e-05,1.3290317419044189
0.01,0.45,0.45583010705977717,0.043096796226092,11,8,8192,1.145503015668036e-05,1.3715717616749397
0.01,0.455,0.45583010705977717,0.043096796226092,11,8,8192,1.145503015668036e-05,1.3715717616749397
0.01,0.46,0.4692294814991626,0.044150286534710016,11,8,8192,1.0834142788774182e-05,1.384369902581966
0.01,0.465,0.48001328885173516,0.03597806892298869,11,8,8192,1.0303670062518122e-05,1.3947565135749593
0.01,0.47,0.4649210161506859,0.0337956278912646,11,8,8192,1.0687921055231802e-05,1.3802417866341101
0.01,0.475,0.47832039059007175,0.032735939895429694,11,8,8192,1.0108612656946848e-05,1.3931208275743656
0.01,0.48,0.44881936788246624,0.03488045094347342,11,8,8192,1.059083776103228e-05,1.364922812512871
0.01,0.485,0.4942739133370128,0.033412515906895555,11,8,8192,9.63564453784953e-06,1.4086116437113883
0.01,0.49,0.49596681159867523,0.03698322986991165,11,8,8192,9.821575474996293e-06,1.410265517733143
0.01,0.495,0.48001328885173516,0.03597806892298869,11,8,8192,1.0303670062518122e-05,1.3947565135749593
0.01,0.5,0.48001328885173516,0.03597806892298869,11,8,8192,1.0303670062518122e-05,1.3947565135749593
