id,name,state,created,n,bsz,lr,cfg_lr,kl,n_val_points,max_val,last_val_step,steps_to_50,steps_to_55,steps_to_60,steps_to_65,steps_to_70
yndm1nza,n16_bsz4,crashed,2026-05-22T17:54:35Z,16,4,,1e-06,0.001,2,0.2575107296137339,25.0,,,,,
tyjj67or,n16_bsz4_lr1e-6,crashed,2026-06-03T20:02:54Z,16,4,1e-06,1e-06,0.001,51,0.30686695278969955,1250.0,,,,,
qwrrehq3,n16_bsz8_lr1e-6,crashed,2026-06-03T20:03:11Z,16,8,1e-06,1e-06,0.001,43,0.33476394849785407,1050.0,,,,,
iylu5qj5,n16_bsz4_lr1e-6,crashed,2026-06-04T19:38:56Z,16,4,1e-06,1e-06,0.001,111,0.46030042918454933,4025.0,,,,,
95vonvfv,n16_bsz8_lr1e-6,crashed,2026-06-04T19:48:05Z,16,8,1e-06,1e-06,0.001,121,0.5010729613733905,4050.0,3850.0,,,,
yb5ba4ai,n16_bsz4_lr1e-6,crashed,2026-06-04T20:00:09Z,16,4,1e-06,1e-06,0.001,20,0.3562231759656652,1825.0,,,,,
6amdhe1j,n16_bsz8_lr1e-6,crashed,2026-06-04T20:02:46Z,16,8,1e-06,1e-06,0.001,17,0.36909871244635195,1475.0,,,,,
ospfo8sw,n16_bsz8_lr2e-6,crashed,2026-06-04T22:02:52Z,16,8,2e-06,2e-06,0.001,120,0.528969957081545,2975.0,2375.0,,,,
9pzh6n8q,n16_bsz4_lr1e-6,crashed,2026-06-06T05:12:51Z,16,4,1e-06,1e-06,0.001,64,0.48390557939914164,5600.0,,,,,
qwpuadlg,n16_bsz8_lr2e-6,crashed,2026-06-06T05:18:46Z,16,8,2e-06,2e-06,0.001,69,0.5547210300429185,4675.0,2975.0,3925.0,,,
veiv29ss,n16_bsz16_lr4e-6,crashed,2026-06-06T05:46:26Z,16,16,4e-06,4e-06,0.001,53,0.509656652360515,1300.0,1075.0,,,,
rpnf4suf,n16_bsz32_lr8e-6,crashed,2026-06-06T05:47:43Z,16,32,8e-06,8e-06,0.001,39,0.4946351931330472,950.0,,,,,
ckjqgfam,n16_bsz32_lr8e-6,crashed,2026-06-06T18:24:24Z,16,32,8e-06,8e-06,0.001,147,0.5107296137339056,4600.0,1125.0,,,,
f9rb82kn,n16_bsz16_lr4e-6,crashed,2026-06-06T18:26:25Z,16,16,4e-06,4e-06,0.001,147,0.5182403433476395,4950.0,1300.0,,,,
j5f5aaay,n16_bsz8_lr2e-6,crashed,2026-06-06T18:26:25Z,16,8,2e-06,2e-06,0.001,124,0.5826180257510729,7750.0,4675.0,4750.0,,,
m4zw997g,n16_bsz4_lr1e-6,crashed,2026-06-06T18:26:25Z,16,4,1e-06,1e-06,0.001,111,0.5375536480686696,8350.0,5675.0,,,,
syew6eee,n1_bsz128_lr1e-6,crashed,2026-06-07T07:48:26Z,1,128,1e-06,1e-06,0.001,4,0.25858369098712447,75.0,,,,,
4wl9uzis,n1_bsz128_lr1e-6,crashed,2026-06-07T08:36:01Z,1,128,1e-06,1e-06,0.001,17,0.2800429184549356,400.0,,,,,
jw3t0eya,n1_bsz128_lr1e-5,crashed,2026-06-07T08:51:09Z,1,128,1e-05,1e-05,0.001,84,0.361587982832618,2075.0,,,,,
nms2utcy,n1_bsz128_lr3e-5,crashed,2026-06-07T11:02:15Z,1,128,3e-05,3e-05,0.001,63,0.24892703862660945,1550.0,,,,,
i66rqub1,n1_bsz128_lr1e-4,crashed,2026-06-07T11:02:16Z,1,128,0.0001,0.0001,0.001,62,0.24141630901287553,1525.0,,,,,
v99q692t,n16_bsz64_lr1.6e-5,crashed,2026-06-07T11:08:33Z,16,64,1.6e-05,1.6e-05,0.001,48,0.4259656652360515,1175.0,,,,,
kj48c59y,n16_bsz128_lr3.2e-5,crashed,2026-06-07T12:22:04Z,16,128,3.2e-05,3.2e-05,0.001,41,0.3969957081545064,1000.0,,,,,
pigk60ee,n16_bsz256_lr6.4e-5,crashed,2026-06-07T13:00:30Z,16,256,6.4e-05,6.4e-05,0.001,27,0.38197424892703863,650.0,,,,,
m1cbttyv,n1_bsz128_lr3e-6,crashed,2026-06-07T22:03:16Z,1,128,3e-06,3e-06,0.001,9,0.2886266094420601,200.0,,,,,
9ccp878z,n1_bsz128_lr2e-5,crashed,2026-06-07T22:24:14Z,1,128,2e-05,2e-05,0.001,4,0.2832618025751073,75.0,,,,,
02ycgiij,n8_bsz128_lr1e-6,crashed,2026-06-07T23:06:52Z,8,128,1e-06,1e-06,0.001,0,,,,,,,
67ci067m,n32_bsz128_lr1e-6,crashed,2026-06-07T23:20:43Z,32,128,1e-06,1e-06,0.001,23,0.3905579399141631,550.0,,,,,
myj8d5j9,n8_bsz128_lr1e-6,crashed,2026-06-07T23:49:51Z,8,128,1e-06,1e-06,0.001,38,0.4281115879828326,925.0,,,,,
0g2444lz,n32_bsz128_lr1e-5,crashed,2026-06-07T23:59:04Z,32,128,1e-05,1e-05,0.001,50,0.6223175965665236,1225.0,200.0,250.0,450.0,,
dogel2cp,n32_bsz128_lr3e-5,crashed,2026-06-07T23:59:43Z,32,128,3e-05,3e-05,0.001,27,0.453862660944206,650.0,,,,,
lrbmgwec,n8_bsz128_lr1e-5,crashed,2026-06-08T00:04:31Z,8,128,1e-05,1e-05,0.001,33,0.47317596566523606,800.0,,,,,
m9m8bfiv,n8_bsz128_lr3e-5,crashed,2026-06-08T00:10:27Z,8,128,3e-05,3e-05,0.001,23,0.34227467811158796,550.0,,,,,
lvi28t41,n8_bsz128_lr1e-4,crashed,2026-06-08T00:10:30Z,8,128,0.0001,0.0001,0.001,13,0.22746781115879827,300.0,,,,,
3l9jlvxc,n32_bsz128_lr1e-4,crashed,2026-06-08T07:17:33Z,32,128,0.0001,0.0001,0.001,5,0.24141630901287553,100.0,,,,,
jegbxrof,n16_bsz128_lr1e-5,crashed,2026-06-08T16:16:21Z,16,128,1e-05,1e-05,0.001,53,0.628755364806867,1300.0,225.0,350.0,725.0,,
i6tgf7gf,n64_bsz128_lr1e-5,crashed,2026-06-08T16:18:54Z,64,128,1e-05,1e-05,0.001,31,0.6051502145922747,750.0,150.0,250.0,675.0,,
8d93sp1c,n2_bsz128_lr1e-5,crashed,2026-06-08T16:44:30Z,2,128,1e-05,1e-05,0.001,84,0.43240343347639487,2075.0,,,,,
houyowq7,n4_bsz128_lr1e-5,crashed,2026-06-08T17:46:16Z,4,128,1e-05,1e-05,0.001,33,0.463519313304721,800.0,,,,,
delyjjz8,n8_bsz128_lr1e-5_seed123,crashed,2026-06-08T19:47:41Z,8,128,1e-05,1e-05,0.001,49,0.5225321888412017,1200.0,300.0,,,,
qmkj2t25,n16_bsz256_lr1.6e-5,crashed,2026-06-08T21:06:14Z,16,256,1.6e-05,1.6e-05,0.001,21,0.5761802575107297,500.0,125.0,150.0,,,
n1huv1bc,n16_bsz256_lr3.2e-5,crashed,2026-06-08T21:06:58Z,16,256,3.2e-05,3.2e-05,0.001,13,0.463519313304721,300.0,,,,,
76peh4j0,n16_bsz2_lr1e-6,crashed,2026-06-08T21:15:22Z,16,2,1e-06,1e-06,0.001,111,0.38197424892703863,2750.0,,,,,
4r2weqkh,n16_bsz2_lr5e-7,crashed,2026-06-08T21:22:15Z,16,2,5e-07,5e-07,0.001,111,0.2939914163090129,2750.0,,,,,
mrd43p6o,n16_bsz2_lr2e-6,crashed,2026-06-09T06:02:05Z,16,2,2e-06,2e-06,0.001,111,0.434549356223176,2750.0,,,,,
edqcafq7,n32_bsz128_lr3e-6,crashed,2026-06-09T17:26:46Z,32,128,3e-06,3e-06,0.001,79,0.6716738197424893,1950.0,450.0,675.0,1000.0,1625.0,
ag5qdrub,n8_bsz128_lr3e-6,crashed,2026-06-09T19:15:50Z,8,128,3e-06,3e-06,0.001,1,0.22746781115879827,0.0,,,,,
2e29ajqd,n16_bsz2_lr1e-6,crashed,2026-06-09T21:10:18Z,16,2,1e-06,1e-06,0.001,111,0.45064377682403434,5450.0,,,,,
17dxk27d,n16_bsz2_lr5e-7,crashed,2026-06-09T21:15:00Z,16,2,5e-07,5e-07,0.001,111,0.3626609442060086,5450.0,,,,,
18qr8fr2,n16_bsz2_lr2e-6,crashed,2026-06-09T23:29:32Z,16,2,2e-06,2e-06,0.001,111,0.4678111587982833,5450.0,,,,,
38qju69q,n16_bsz2_lr1e-5,crashed,2026-06-10T02:45:42Z,16,2,1e-05,1e-05,0.001,111,0.2982832618025751,2750.0,,,,,
85pb2fy4,n16_bsz4_lr3e-6,crashed,2026-06-10T10:34:15Z,16,4,3e-06,3e-06,0.001,111,0.4592274678111588,2750.0,,,,,
drk98up8,n16_bsz4_lr1e-5,crashed,2026-06-10T11:07:08Z,16,4,1e-05,1e-05,0.001,112,0.3594420600858369,2775.0,,,,,
fpp7audc,n8_bsz128_lr3e-6,crashed,2026-06-10T13:55:38Z,8,128,3e-06,3e-06,0.001,84,0.6201716738197425,2075.0,475.0,900.0,1425.0,,
82xqjz6z,n16_bsz2_lr3e-6,crashed,2026-06-11T23:39:58Z,16,2,3e-06,3e-06,0.001,119,0.434549356223176,2950.0,,,,,
e8afakqt,n16_bsz2_lr1e-6,crashed,2026-06-12T02:01:00Z,16,2,1e-06,1e-06,0.001,120,0.49141630901287553,8375.0,,,,,
zk41hlkd,n16_bsz8_lr3e-6,crashed,2026-06-12T04:43:09Z,16,8,3e-06,3e-06,0.001,132,0.5225321888412017,3275.0,2300.0,,,,
34uu27tm,n2_bsz128_lr3e-6,crashed,2026-06-12T05:25:44Z,2,128,3e-06,3e-06,0.001,84,0.5139484978540773,2075.0,1525.0,,,,
dppoqguc,n4_bsz128_lr3e-6,crashed,2026-06-12T05:46:57Z,4,128,3e-06,3e-06,0.001,84,0.5611587982832618,2075.0,775.0,1525.0,,,
02v9iqzv,n16_bsz2_lr3e-6,crashed,2026-06-12T15:40:08Z,16,2,3e-06,3e-06,0.001,120,0.43776824034334766,5875.0,,,,,
gv2o9kqj,n16_bsz16_lr6e-6,crashed,2026-06-12T19:17:02Z,16,16,6e-06,6e-06,0.001,126,0.4967811158798283,3125.0,,,,,
hta5tmzf,n16_bsz16_lr3e-6,crashed,2026-06-12T19:17:27Z,16,16,3e-06,3e-06,0.001,165,0.5708154506437768,4100.0,1200.0,2275.0,,,
5r5ntwc4,n16_bsz128_lr3e-6,crashed,2026-06-12T19:36:45Z,16,128,3e-06,3e-06,0.001,84,0.6587982832618026,2075.0,425.0,650.0,1200.0,2025.0,
debz5sta,n16_bsz32_lr6e-6,crashed,2026-06-12T19:38:06Z,16,32,6e-06,6e-06,0.001,120,0.5128755364806867,2975.0,600.0,,,,
z9nou13i,n16_bsz64_lr6e-6,crashed,2026-06-13T04:30:24Z,16,64,6e-06,6e-06,0.001,62,0.5611587982832618,1525.0,450.0,775.0,,,
5ni18phx,n64_bsz128_lr3e-6,crashed,2026-06-13T19:21:09Z,64,128,3e-06,3e-06,0.001,24,0.528969957081545,575.0,500.0,,,,
x0y2oqxg,n16_bsz64_lr1e-5,crashed,2026-06-14T13:09:21Z,16,64,1e-05,1e-05,0.001,45,0.4699570815450644,1100.0,,,,,
uwrmfwi0,n1_bsz128_lr3e-6,crashed,2026-06-15T02:09:39Z,1,128,3e-06,3e-06,0.001,41,0.3948497854077253,1200.0,,,,,
2ydkz37m,n1_bsz128_lr3e-6_seed1,crashed,2026-06-24T15:58:14Z,1,128,3e-06,3e-06,0.001,84,0.4313304721030043,2075.0,,,,,
462a0ny1,n1_bsz128_lr3e-6_seed2,crashed,2026-06-24T15:58:14Z,1,128,3e-06,3e-06,0.001,84,0.44313304721030045,2075.0,,,,,
u70vsrac,n16_bsz8_lr4e-6,crashed,2026-07-01T13:03:12Z,16,8,4e-06,4e-06,0.001,130,0.5032188841201717,3225.0,2300.0,,,,
007jssex,n16_bsz8_lr8e-6,crashed,2026-07-01T13:04:05Z,16,8,8e-06,8e-06,0.001,127,0.41630901287553645,3150.0,,,,,
uzvp1hlp,n16_bsz16_lr1.6e-5,crashed,2026-07-02T10:10:06Z,16,16,1.6e-05,1.6e-05,0.001,110,0.351931330472103,2725.0,,,,,
dtr2q3ku,n16_bsz32_lr3.2e-5,crashed,2026-07-02T11:31:59Z,16,32,3.2e-05,3.2e-05,0.001,71,0.2811158798283262,1750.0,,,,,
zhks26oj,n16_bsz64_lr6.4e-5,crashed,2026-07-03T11:12:52Z,16,64,6.4e-05,6.4e-05,0.001,37,0.24141630901287553,900.0,,,,,
vt0xrlg6,n2_bsz128_lr1e-6,crashed,2026-08-05T19:07:12Z,2,128,1e-06,1e-06,0.001,84,0.44849785407725323,2075.0,,,,,
qq2j13qw,n16_bsz4_lr5e-7,crashed,2026-08-05T21:29:40Z,16,4,5e-07,5e-07,0.001,151,0.351931330472103,3750.0,,,,,
war0rd3e,n16_bsz8_lr1.6e-5,crashed,2026-08-05T21:29:40Z,16,8,1.6e-05,1.6e-05,0.001,105,0.315450643776824,2600.0,,,,,
a1ug783k,n16_bsz32_lr3e-6,crashed,2026-08-05T21:37:06Z,16,32,3e-06,3e-06,0.001,137,0.6030042918454935,3400.0,775.0,1425.0,2550.0,,
26v37rrd,n16_bsz32_lr4e-6,crashed,2026-08-05T21:47:41Z,16,32,4e-06,4e-06,0.001,140,0.5976394849785408,3475.0,700.0,1225.0,,,
vl0yrj4b,n4_bsz128_lr1e-6,crashed,2026-08-06T05:08:04Z,4,128,1e-06,1e-06,0.001,82,0.49356223175965663,2025.0,,,,,
ayrlvpqg,n16_bsz32_lr1.2e-5,crashed,2026-08-06T11:09:10Z,16,32,1.2e-05,1.2e-05,0.001,118,0.44527896995708155,2925.0,,,,,
36eloqng,n16_bsz128_lr1e-6,crashed,2026-08-06T13:09:48Z,16,128,1e-06,1e-06,0.001,31,0.4334763948497854,750.0,,,,,
uzpnmlip,n16_bsz32_lr1.6e-5,crashed,2026-08-06T14:19:34Z,16,32,1.6e-05,1.6e-05,0.001,24,0.4012875536480687,575.0,,,,,
seiwkccv,n64_bsz128_lr3e-5,crashed,2026-08-06T16:11:26Z,64,128,3e-05,3e-05,0.001,6,0.4560085836909871,125.0,,,,,
p71v78z8,n16_bsz64_lr3e-6,crashed,2026-08-06T20:03:28Z,16,64,3e-06,3e-06,0.001,79,0.5740343347639485,1950.0,600.0,975.0,,,
ao3zp0ic,n16_bsz64_lr4e-6,crashed,2026-08-06T22:41:36Z,16,64,4e-06,4e-06,0.001,92,0.6126609442060086,2275.0,475.0,875.0,1450.0,,
2e1wta20,n16_bsz256_lr1e-5,crashed,2026-08-06T22:45:13Z,16,256,1e-05,1e-05,0.001,32,0.6587982832618026,775.0,125.0,175.0,375.0,625.0,
4pgkhpzd,n16_bsz256_lr1.2e-5,crashed,2026-08-07T12:14:32Z,16,256,1.2e-05,1.2e-05,0.001,21,0.5793991416309013,500.0,125.0,200.0,,,
ky56flgr,n16_bsz4_lr3e-7,crashed,2026-08-07T21:03:30Z,16,4,3e-07,3e-07,0.001,141,0.2886266094420601,3500.0,,,,,
1m0pe3on,n16_bsz4_lr5e-7,crashed,2026-08-07T23:42:21Z,16,4,5e-07,5e-07,0.001,142,0.4570815450643777,7225.0,,,,,
vhzc07wv,n16_bsz8_lr1.2e-5,crashed,2026-08-07T23:45:51Z,16,8,1.2e-05,1.2e-05,0.001,169,0.3530042918454936,4200.0,,,,,
d46a7r3j,n16_bsz256_lr3e-6,crashed,2026-08-17T20:03:35Z,16,256,3e-06,3e-06,0.001,27,0.5654506437768241,650.0,350.0,550.0,,,
vz7r36n8,n16_bsz16_lr1e-6,crashed,2026-08-17T20:10:06Z,16,16,1e-06,1e-06,0.001,156,0.5246781115879828,3875.0,2850.0,,,,
pw119z54,n16_bsz32_lr1e-6,crashed,2026-08-17T20:10:44Z,16,32,1e-06,1e-06,0.001,116,0.5278969957081545,2875.0,2125.0,,,,
1ioap1kz,n16_bsz512_lr1e-5_kl1e-3,crashed,2026-08-28T21:12:13Z,16,512,1e-05,1e-05,0.001,16,0.6319742489270386,375.0,100.0,175.0,250.0,,
39ek9wob,n16_bsz512_lr3e-4_kl1e-3,crashed,2026-08-28T21:12:13Z,16,512,0.0003,0.0003,0.001,6,0.24141630901287553,125.0,,,,,
ogeuq407,n16_bsz512_lr1e-4_kl1e-3,crashed,2026-08-28T21:12:13Z,16,512,0.0001,0.0001,0.001,7,0.24141630901287553,150.0,,,,,
64jh1zn6,n16_bsz512_lr3e-6_kl1e-3,crashed,2026-08-30T18:34:28Z,16,512,3e-06,3e-06,0.001,16,0.528969957081545,375.0,275.0,,,,
wlc5s5wa,n16_bsz512_lr5e-5_kl1e-3,crashed,2026-08-30T18:45:43Z,16,512,5e-05,5e-05,0.001,8,0.434549356223176,175.0,,,,,
zbkclgpi,n16_bsz512_lr5e-5_kl1e-2,crashed,2026-09-01T19:50:56Z,16,512,5e-05,5e-05,0.01,18,0.5815450643776824,425.0,75.0,325.0,,,
zqc27v92,n16_bsz64_lr4e-6_kl1e-3_v2,crashed,2026-09-01T19:51:27Z,16,64,4e-06,4e-06,0.001,93,0.6362660944206009,2300.0,475.0,775.0,1575.0,,
wqa03xhe,n16_bsz128_lr1e-5_kl1e-3_v2,crashed,2026-09-01T19:55:20Z,16,128,1e-05,1e-05,0.001,39,0.5321888412017167,950.0,200.0,,,,
z90ctm4w,n16_bsz8_lr4e-6_kl1e-2,crashed,2026-09-02T16:02:35Z,16,8,4e-06,4e-06,0.01,148,0.4989270386266094,3675.0,,,,,
t88kassw,n16_bsz8_lr8e-6_kl1e-2,crashed,2026-09-03T20:47:56Z,16,8,8e-06,8e-06,0.01,148,0.41630901287553645,3675.0,,,,,
vvbj6dyh,n16_bsz32_lr1.2e-5_kl1e-2,crashed,2026-09-03T22:23:11Z,16,32,1.2e-05,1.2e-05,0.01,145,0.5321888412017167,3600.0,2350.0,,,,
epyb3zdi,n16_bsz512_lr8e-5_kl1e-3,crashed,2026-09-03T23:37:53Z,16,512,8e-05,8e-05,0.001,7,0.3218884120171674,150.0,,,,,
kaoijltl,n16_bsz8_lr2e-6_kl1e-3_v2,crashed,2026-09-04T20:45:43Z,16,8,2e-06,2e-06,0.001,153,0.5278969957081545,3800.0,2475.0,,,,
mlcyu96o,n16_bsz16_lr4e-6_kl1e-3_v2,crashed,2026-09-04T23:55:34Z,16,16,4e-06,4e-06,0.001,164,0.4946351931330472,4075.0,,,,,
pixg1eys,n16_bsz32_lr6e-6_kl1e-3_v2,crashed,2026-09-05T04:03:05Z,16,32,6e-06,6e-06,0.001,104,0.5429184549356223,2575.0,550.0,,,,
h5bcfc3f,n16_bsz64_lr6e-6_kl1e-3_v2,crashed,2026-09-05T07:11:39Z,16,64,6e-06,6e-06,0.001,85,0.5665236051502146,2100.0,325.0,600.0,,,
9zgsmhj9,n16_bsz256_lr2e-5_kl1e-3_v2,crashed,2026-09-05T13:02:37Z,16,256,2e-05,2e-05,0.001,19,0.5332618025751072,450.0,100.0,,,,
hq7gsvhc,n16_bsz512_lr1e-5_kl1e-3_v2,crashed,2026-09-06T00:55:36Z,16,512,1e-05,1e-05,0.001,16,0.619098712446352,375.0,100.0,125.0,275.0,,
dvhs7mu3,n16_bsz8_lr2e-6_kl1e-2,crashed,2026-09-06T21:03:26Z,16,8,2e-06,2e-06,0.01,148,0.5118025751072961,3675.0,3250.0,,,,
spc06zkf,n16_bsz16_lr4e-6_kl1e-2,crashed,2026-09-06T21:03:26Z,16,16,4e-06,4e-06,0.01,183,0.5879828326180258,4550.0,1350.0,3350.0,,,
p2b8pajj,n16_bsz32_lr6e-6_kl1e-2,crashed,2026-09-06T21:03:29Z,16,32,6e-06,6e-06,0.01,147,0.5783261802575107,3650.0,725.0,1575.0,,,
spvvj03k,n16_bsz256_lr1e-5_kl1e-2,crashed,2026-09-10T00:47:51Z,16,256,1e-05,1e-05,0.01,34,0.6427038626609443,825.0,150.0,250.0,475.0,,
faokkunu,n16_bsz64_lr6e-6_kl1e-2,crashed,2026-09-10T01:11:35Z,16,64,6e-06,6e-06,0.01,92,0.5815450643776824,2275.0,475.0,775.0,,,
r7k75ag1,n16_bsz1024_lr5e-4_kl1e-3_updated_scaling,crashed,2026-09-11T16:10:37Z,16,1024,0.0005,0.0005,0.001,1,0.24141630901287553,0.0,,,,,
iaix95kx,n16_bsz1024_lr1e-4_kl1e-3_updated_scaling,crashed,2026-09-11T16:11:04Z,16,1024,0.0001,0.0001,0.001,1,0.24141630901287553,0.0,,,,,
o07erf5g,n16_bsz1024_lr5e-5_kl1e-3_updated_scaling,crashed,2026-09-11T17:25:08Z,16,1024,5e-05,5e-05,0.001,1,0.24141630901287553,0.0,,,,,
e1q9crg2,n16_bsz128_lr1e-5_kl1e-3_updated_scaling,running,2026-09-11T18:39:59Z,16,128,1e-05,1e-05,0.001,3,0.41416309012875535,50.0,,,,,
