n,bsz,lr,steps,n_runs,longest,max_val,fixed
16,2,5e-07,,2,5450.0,0.3626609442060086,False
16,2,1e-06,,3,8375.0,0.4914163090128755,False
16,2,2e-06,,2,5450.0,0.4678111587982833,False
16,2,3e-06,,2,5875.0,0.4377682403433476,False
16,2,1e-05,,1,2750.0,0.2982832618025751,False
16,4,3e-07,,1,3500.0,0.2886266094420601,False
16,4,5e-07,,2,7225.0,0.4570815450643777,False
16,4,1e-06,5674.107142857143,5,8350.0,0.5375536480686696,False
16,4,3e-06,,1,2750.0,0.4592274678111588,False
16,4,1e-05,,1,2775.0,0.3594420600858369,False
16,8,1e-06,3847.222222222222,3,4050.0,0.5010729613733905,False
16,8,2e-06,2375.0,4,7750.0,0.5826180257510729,False
16,8,3e-06,2293.75,1,3275.0,0.5225321888412017,False
16,8,4e-06,2295.3125,1,3225.0,0.5032188841201717,False
16,8,8e-06,,1,3150.0,0.4163090128755364,False
16,8,1.2e-05,,1,4200.0,0.3530042918454936,False
16,8,1.6e-05,,1,2600.0,0.315450643776824,False
16,16,1e-06,2848.684210526316,1,3875.0,0.5246781115879828,False
16,16,3e-06,1191.6666666666667,1,4100.0,0.5708154506437768,False
16,16,4e-06,1073.611111111111,3,4950.0,0.5182403433476395,False
16,16,6e-06,,1,3125.0,0.4967811158798283,False
16,16,1.6e-05,,1,2725.0,0.351931330472103,False
16,32,1e-06,2122.0,1,2875.0,0.5278969957081545,False
16,32,3e-06,772.2222222222222,1,3400.0,0.6030042918454935,False
16,32,4e-06,689.2857142857142,1,3475.0,0.5976394849785408,False
16,32,6e-06,548.6842105263158,2,2975.0,0.5429184549356223,False
16,32,8e-06,1121.2121212121212,2,4600.0,0.5107296137339056,False
16,32,1.2e-05,,1,2925.0,0.4452789699570815,False
16,32,1.6e-05,,1,575.0,0.4012875536480687,False
16,32,3.2e-05,,1,1750.0,0.2811158798283262,False
16,64,3e-06,597.9166666666667,1,1950.0,0.5740343347639485,False
16,64,4e-06,457.8125,2,2300.0,0.6362660944206009,False
16,64,6e-06,309.2105263157894,2,2100.0,0.5665236051502146,False
16,64,1e-05,,1,1100.0,0.4699570815450644,False
16,64,1.6e-05,,1,1175.0,0.4259656652360515,False
16,64,6.4e-05,,1,900.0,0.2414163090128755,False
16,128,1e-06,,1,750.0,0.4334763948497854,False
16,128,3e-06,421.6666666666666,1,2075.0,0.6587982832618026,False
16,128,1e-05,191.07142857142856,3,1300.0,0.628755364806867,False
16,128,3.2e-05,,1,1000.0,0.3969957081545064,False
16,256,3e-06,341.6666666666667,1,650.0,0.5654506437768241,False
16,256,1e-05,114.0625,1,775.0,0.6587982832618026,False
16,256,1.2e-05,105.0,1,500.0,0.5793991416309013,False
16,256,1.6e-05,105.1470588235294,1,500.0,0.5761802575107297,False
16,256,2e-05,84.78260869565217,1,450.0,0.5332618025751072,False
16,256,3.2e-05,,1,300.0,0.463519313304721,False
16,256,6.4e-05,,1,650.0,0.3819742489270386,False
16,512,3e-06,258.3333333333333,1,375.0,0.528969957081545,False
16,512,1e-05,77.49999999999999,3,375.0,0.6319742489270386,True
16,512,2e-05,48.43750000000001,1,50.0,0.5042918454935622,True
16,512,5e-05,,1,175.0,0.434549356223176,False
16,512,8e-05,,1,150.0,0.3218884120171674,False
16,512,0.0001,,1,150.0,0.2414163090128755,False
16,512,0.0003,,1,125.0,0.2414163090128755,False
16,1024,1e-05,52.0,1,170.0,0.6266094420600858,True
16,1024,2e-05,26.250000000000004,1,75.0,0.5611587982832618,True
16,1024,3e-05,31.666666666666668,1,90.0,0.5160944206008584,True
16,1024,5e-05,,2,125.0,0.4892703862660944,True
16,1024,0.0001,,1,0.0,0.2414163090128755,True
16,1024,0.0005,,1,0.0,0.2414163090128755,True
16,2048,1e-05,34.70588235294119,1,40.0,0.5246781115879828,True
16,2048,2e-05,22.4,1,40.0,0.5590128755364807,True
16,2048,3e-05,14.104477611940297,1,15.0,0.5128755364806867,True
16,2048,5e-05,17.500000000000004,1,20.0,0.5225321888412017,True
16,4096,3e-05,11.666666666666666,1,45.0,0.5890557939914163,True
16,4096,5e-05,8.923076923076922,1,49.0,0.6137339055793991,True
16,4096,0.0001,,1,11.0,0.3755364806866952,True
16,8192,3e-05,,1,8.0,0.4688841201716738,True
16,8192,5e-05,7.733333333333334,1,9.0,0.5225321888412017,True
16,8192,0.0001,,1,13.0,0.4710300429184549,True
