kl,bsz,lr,steps,run,id,n_candidates,fixed
0.001,2,5e-07,,n16_bsz2_lr5e-7,4r2weqkh,2,False
0.001,2,1e-06,,n16_bsz2_lr1e-6,76peh4j0,3,False
0.001,2,2e-06,,n16_bsz2_lr2e-6,mrd43p6o,2,False
0.001,2,3e-06,,n16_bsz2_lr3e-6,82xqjz6z,2,False
0.001,2,1e-05,,n16_bsz2_lr1e-5,38qju69q,1,False
0.001,4,3e-07,,n16_bsz4_lr3e-7,ky56flgr,1,False
0.001,4,5e-07,,n16_bsz4_lr5e-7,qq2j13qw,2,False
0.001,4,1e-06,5674.107142857143,n16_bsz4_lr1e-6,m4zw997g,5,False
0.001,4,3e-06,,n16_bsz4_lr3e-6,85pb2fy4,1,False
0.001,4,1e-05,,n16_bsz4_lr1e-5,drk98up8,1,False
0.001,8,1e-06,3847.222222222222,n16_bsz8_lr1e-6,95vonvfv,3,False
0.001,8,2e-06,2462.5,n16_bsz8_lr2e-6_kl1e-3_v2,kaoijltl,4,False
0.001,8,3e-06,2293.75,n16_bsz8_lr3e-6,zk41hlkd,1,False
0.001,8,4e-06,2295.3125,n16_bsz8_lr4e-6,u70vsrac,1,False
0.001,8,8e-06,,n16_bsz8_lr8e-6,007jssex,1,False
0.001,8,1.2e-05,,n16_bsz8_lr1.2e-5,vhzc07wv,1,False
0.001,8,1.6e-05,,n16_bsz8_lr1.6e-5,war0rd3e,1,False
0.001,16,1e-06,2848.684210526316,n16_bsz16_lr1e-6,vz7r36n8,1,False
0.001,16,3e-06,1191.6666666666667,n16_bsz16_lr3e-6,hta5tmzf,1,False
0.001,16,4e-06,1300.0,n16_bsz16_lr4e-6,f9rb82kn,3,False
0.001,16,6e-06,,n16_bsz16_lr6e-6,gv2o9kqj,1,False
0.001,16,1.6e-05,,n16_bsz16_lr1.6e-5,uzvp1hlp,1,False
0.001,32,1e-06,2122.0,n16_bsz32_lr1e-6,pw119z54,1,False
0.001,32,3e-06,772.2222222222222,n16_bsz32_lr3e-6,a1ug783k,1,False
0.001,32,4e-06,689.2857142857142,n16_bsz32_lr4e-6,26v37rrd,1,False
0.001,32,6e-06,548.6842105263158,n16_bsz32_lr6e-6_kl1e-3_v2,pixg1eys,2,False
0.001,32,8e-06,1121.2121212121212,n16_bsz32_lr8e-6,ckjqgfam,2,False
0.001,32,1.2e-05,,n16_bsz32_lr1.2e-5,ayrlvpqg,1,False
0.001,32,1.6e-05,,n16_bsz32_lr1.6e-5,uzpnmlip,1,False
0.001,32,3.2e-05,,n16_bsz32_lr3.2e-5,dtr2q3ku,1,False
0.001,64,3e-06,597.9166666666667,n16_bsz64_lr3e-6,p71v78z8,1,False
0.001,64,4e-06,462.5,n16_bsz64_lr4e-6,ao3zp0ic,2,False
0.001,64,6e-06,439.3939393939394,n16_bsz64_lr6e-6,z9nou13i,2,False
0.001,64,1e-05,,n16_bsz64_lr1e-5,x0y2oqxg,1,False
0.001,64,1.6e-05,,n16_bsz64_lr1.6e-5,v99q692t,1,False
0.001,64,6.4e-05,,n16_bsz64_lr6.4e-5,zhks26oj,1,False
0.001,128,1e-06,,n16_bsz128_lr1e-6,36eloqng,1,False
0.001,128,3e-06,421.6666666666666,n16_bsz128_lr3e-6,5r5ntwc4,1,False
0.001,128,1e-05,204.16666666666663,n16_bsz128_lr1e-5,jegbxrof,3,False
0.001,128,3.2e-05,,n16_bsz128_lr3.2e-5,kj48c59y,1,False
0.001,256,3e-06,341.6666666666667,n16_bsz256_lr3e-6,d46a7r3j,1,False
0.001,256,1e-05,114.0625,n16_bsz256_lr1e-5,2e1wta20,1,False
0.001,256,1.2e-05,105.0,n16_bsz256_lr1.2e-5,4pgkhpzd,1,False
0.001,256,1.6e-05,105.1470588235294,n16_bsz256_lr1.6e-5,qmkj2t25,1,False
0.001,256,2e-05,84.78260869565217,n16_bsz256_lr2e-5_kl1e-3_v2,9zgsmhj9,1,False
0.001,256,3.2e-05,,n16_bsz256_lr3.2e-5,n1huv1bc,1,False
0.001,256,6.4e-05,,n16_bsz256_lr6.4e-5,pigk60ee,1,False
0.001,512,3e-06,258.3333333333333,n16_bsz512_lr3e-6_kl1e-3,64jh1zn6,1,False
0.001,512,1e-05,87.5,n16_bsz512_lr1e-5_kl1e-3,1ioap1kz,3,False
0.001,512,2e-05,48.43750000000001,n16_bsz512_lr2e-5_kl1e-3_updated_scaling,molfti6k,1,True
0.001,1024,1e-05,52.0,n16_bsz1024_lr1e-5_kl1e-3_updated_scaling,2xx2erxi,1,True
0.001,1024,2e-05,26.250000000000004,n16_bsz1024_lr2e-5_kl1e-3_updated_scaling,zxbilum9,1,True
0.001,1024,3e-05,31.666666666666668,n16_bsz1024_lr3e-5_kl1e-3_updated_scaling,q44d4fds,1,True
0.001,2048,1e-05,34.70588235294119,n16_bsz2048_lr1e-5_kl1e-3_updated_scaling,5jq2o3g9,1,True
0.001,2048,2e-05,22.4,n16_bsz2048_lr2e-5_kl1e-3_updated_scaling,3o3ymcvs,1,True
0.001,2048,3e-05,14.104477611940297,n16_bsz2048_lr3e-5_kl1e-3_updated_scaling,8ltojkc7,1,True
0.001,2048,5e-05,17.500000000000004,n16_bsz2048_lr5e-5_kl0.001_updated_scaling,s599ju89,1,True
0.001,4096,3e-05,11.666666666666666,n16_bsz4096_lr3e-5_kl0.001_updated_scaling,63f5u9oc,1,True
0.001,4096,5e-05,8.923076923076922,n16_bsz4096_lr5e-5_kl0.001_updated_scaling,21w7ju28,1,True
0.001,8192,5e-05,7.733333333333334,n16_bsz8192_lr5e-5_kl0.001_updated_scaling,pql2mzxc,1,True
0.01,8,1e-06,,n16_bsz8_lr1e-6_kl0.01_updated_scaling,gx99rzmp,1,True
0.01,8,2e-06,3245.0,n16_bsz8_lr2e-6_kl1e-2,dvhs7mu3,1,False
0.01,8,4e-06,,n16_bsz8_lr4e-6_kl1e-2,z90ctm4w,1,False
0.01,8,8e-06,,n16_bsz8_lr8e-6_kl1e-2,t88kassw,1,False
0.01,16,2e-06,1978.8461538461536,n16_bsz16_lr2e-6_kl0.01_updated_scaling,c9yh8xpt,1,True
0.01,16,3e-06,1192.7083333333333,n16_bsz16_lr3e-6_kl0.01_updated_scaling,nib15r5j,1,True
0.01,16,4e-06,1349.1935483870968,n16_bsz16_lr4e-6_kl1e-2,spc06zkf,1,False
0.01,16,6e-06,1796.875,n16_bsz16_lr6e-6_kl0.01_updated_scaling,0wgxs9y7,1,True
0.01,32,4e-06,841.6666666666667,n16_bsz32_lr4e-6_kl0.01_updated_scaling,gewcfxay,1,True
0.01,32,6e-06,715.625,n16_bsz32_lr6e-6_kl1e-2,p2b8pajj,1,False
0.01,32,1.2e-05,2346.428571428572,n16_bsz32_lr1.2e-5_kl1e-2,vvbj6dyh,1,False
0.01,64,6e-06,475.0,n16_bsz64_lr6e-6_kl1e-2,faokkunu,1,False
0.01,64,1e-05,421.87500000000006,n16_bsz64_lr1e-5_kl1e-2_updated_scaling,5n4oaopg,1,True
0.01,64,2e-05,,n16_bsz64_lr2e-5_kl0.01_updated_scaling,vh7dipu4,1,True
0.01,128,5e-06,269.5652173913043,n16_bsz128_lr5e-6_kl1e-2_updated_scaling,j29kdkdf,1,True
0.01,128,1e-05,171.875,n16_bsz128_lr1e-5_kl1e-2_updated_scaling,2rk2n06n,1,True
0.01,128,2e-05,350.0,n16_bsz128_lr2e-5_kl1e-2_updated_scaling,dhoy995w,1,True
0.01,256,5e-06,209.0909090909091,n16_bsz256_lr5e-6_kl1e-2_updated_scaling,2zd05hgn,1,True
0.01,256,1e-05,129.7297297297297,n16_bsz256_lr1e-5_kl1e-2,spvvj03k,1,False
0.01,256,2e-05,105.6818181818182,n16_bsz256_lr2e-5_kl1e-2_updated_scaling,fui4pm0m,1,True
0.01,512,5e-06,132.81250000000003,n16_bsz512_lr5e-6_kl1e-2_updated_scaling,6k5prjwm,1,True
0.01,512,1e-05,70.73170731707317,n16_bsz512_lr1e-5_kl1e-2_updated_scaling,fcf7z75x,1,True
0.01,512,2e-05,56.060606060606055,n16_bsz512_lr2e-5_kl1e-2_updated_scaling,uvo8wg2s,1,True
0.01,512,5e-05,66.875,n16_bsz512_lr5e-5_kl1e-2,zbkclgpi,1,False
0.01,1024,2e-05,33.57142857142856,n16_bsz1024_lr2e-5_kl1e-2_updated_scaling,s7pl70zw,1,True
0.01,1024,3e-05,25.405405405405407,n16_bsz1024_lr3e-5_kl1e-2_updated_scaling,m11xpgkx,1,True
0.01,1024,5e-05,48.95833333333336,n16_bsz1024_lr5e-5_kl1e-2_updated_scaling,ecxgpeul,1,True
0.01,2048,2e-05,26.41304347826087,n16_bsz2048_lr2e-5_kl1e-2_updated_scaling,tdgacsg0,1,True
0.01,2048,3e-05,21.33333333333333,n16_bsz2048_lr3e-5_kl1e-2_updated_scaling,6od6xwj8,1,True
0.01,2048,5e-05,19.687500000000007,n16_bsz2048_lr5e-5_kl1e-2_updated_scaling,txljdxmv,1,True
0.01,4096,3e-05,12.42857142857143,n16_bsz4096_lr3e-5_kl0.01_updated_scaling,6um2hcna,1,True
0.01,4096,5e-05,10.749999999999998,n16_bsz4096_lr5e-5_kl0.01_updated_scaling,qsefs92p,1,True
0.01,4096,0.0001,28.32,n16_bsz4096_lr1e-4_kl0.01_updated_scaling,fgwblkvc,1,True
0.01,8192,3e-05,10.714285714285715,n16_bsz8192_lr3e-5_kl0.01_updated_scaling,3thoch7y,1,True
0.01,8192,5e-05,6.736842105263157,n16_bsz8192_lr5e-5_kl0.01_updated_scaling,7me7jdlj,1,True
0.01,8192,0.0001,12.72222222222222,n16_bsz8192_lr1e-4_kl0.01_updated_scaling,n0czx78f,1,True
