id,name,state,created,n,bsz,lr,cfg_lr,kl,n_val_points,max_val,last_val_step,steps_to_50,steps_to_50_interp,steps_to_55,steps_to_55_interp,steps_to_60,steps_to_60_interp,steps_to_65,steps_to_65_interp,steps_to_70,steps_to_70_interp
yndm1nza,n16_bsz4,crashed,2026-05-22T17:54:35Z,16,4,,1e-06,0.001,2,0.2575107296137339,25.0,,,,,,,,,,
tyjj67or,n16_bsz4_lr1e-6,crashed,2026-06-03T20:02:54Z,16,4,1e-06,1e-06,0.001,51,0.3068669527896995,1250.0,,,,,,,,,,
qwrrehq3,n16_bsz8_lr1e-6,crashed,2026-06-03T20:03:11Z,16,8,1e-06,1e-06,0.001,43,0.334763948497854,1050.0,,,,,,,,,,
iylu5qj5,n16_bsz4_lr1e-6,crashed,2026-06-04T19:38:56Z,16,4,1e-06,1e-06,0.001,111,0.4603004291845493,4025.0,,,,,,,,,,
95vonvfv,n16_bsz8_lr1e-6,crashed,2026-06-04T19:48:05Z,16,8,1e-06,1e-06,0.001,121,0.5010729613733905,4050.0,3850.0,3847.222222222222,,,,,,,,
yb5ba4ai,n16_bsz4_lr1e-6,crashed,2026-06-04T20:00:09Z,16,4,1e-06,1e-06,0.001,20,0.3562231759656652,1825.0,,,,,,,,,,
6amdhe1j,n16_bsz8_lr1e-6,crashed,2026-06-04T20:02:46Z,16,8,1e-06,1e-06,0.001,17,0.3690987124463519,1475.0,,,,,,,,,,
ospfo8sw,n16_bsz8_lr2e-6,crashed,2026-06-04T22:02:52Z,16,8,2e-06,2e-06,0.001,120,0.528969957081545,2975.0,2375.0,2375.0,,,,,,,,
9pzh6n8q,n16_bsz4_lr1e-6,crashed,2026-06-06T05:12:51Z,16,4,1e-06,1e-06,0.001,64,0.4839055793991416,5600.0,,,,,,,,,,
qwpuadlg,n16_bsz8_lr2e-6,crashed,2026-06-06T05:18:46Z,16,8,2e-06,2e-06,0.001,69,0.5547210300429185,4675.0,2975.0,2975.0,3925.0,3920.4166666666665,,,,,,
veiv29ss,n16_bsz16_lr4e-6,crashed,2026-06-06T05:46:26Z,16,16,4e-06,4e-06,0.001,53,0.509656652360515,1300.0,1075.0,1073.611111111111,,,,,,,,
rpnf4suf,n16_bsz32_lr8e-6,crashed,2026-06-06T05:47:43Z,16,32,8e-06,8e-06,0.001,39,0.4946351931330472,950.0,,,,,,,,,,
ckjqgfam,n16_bsz32_lr8e-6,crashed,2026-06-06T18:24:24Z,16,32,8e-06,8e-06,0.001,147,0.5107296137339056,4600.0,1125.0,1121.2121212121212,,,,,,,,
f9rb82kn,n16_bsz16_lr4e-6,crashed,2026-06-06T18:26:25Z,16,16,4e-06,4e-06,0.001,147,0.5182403433476395,4950.0,1300.0,1300.0,,,,,,,,
j5f5aaay,n16_bsz8_lr2e-6,crashed,2026-06-06T18:26:25Z,16,8,2e-06,2e-06,0.001,124,0.5826180257510729,7750.0,4675.0,4675.0,4750.0,4738.0,,,,,,
m4zw997g,n16_bsz4_lr1e-6,crashed,2026-06-06T18:26:25Z,16,4,1e-06,1e-06,0.001,111,0.5375536480686696,8350.0,5675.0,5674.107142857143,,,,,,,,
syew6eee,n1_bsz128_lr1e-6,crashed,2026-06-07T07:48:26Z,1,128,1e-06,1e-06,0.001,4,0.2585836909871244,75.0,,,,,,,,,,
4wl9uzis,n1_bsz128_lr1e-6,crashed,2026-06-07T08:36:01Z,1,128,1e-06,1e-06,0.001,17,0.2800429184549356,400.0,,,,,,,,,,
jw3t0eya,n1_bsz128_lr1e-5,crashed,2026-06-07T08:51:09Z,1,128,1e-05,1e-05,0.001,84,0.361587982832618,2075.0,,,,,,,,,,
nms2utcy,n1_bsz128_lr3e-5,crashed,2026-06-07T11:02:15Z,1,128,3e-05,3e-05,0.001,63,0.2489270386266094,1550.0,,,,,,,,,,
i66rqub1,n1_bsz128_lr1e-4,crashed,2026-06-07T11:02:16Z,1,128,0.0001,0.0001,0.001,62,0.2414163090128755,1525.0,,,,,,,,,,
v99q692t,n16_bsz64_lr1.6e-5,crashed,2026-06-07T11:08:33Z,16,64,1.6e-05,1.6e-05,0.001,48,0.4259656652360515,1175.0,,,,,,,,,,
kj48c59y,n16_bsz128_lr3.2e-5,crashed,2026-06-07T12:22:04Z,16,128,3.2e-05,3.2e-05,0.001,41,0.3969957081545064,1000.0,,,,,,,,,,
pigk60ee,n16_bsz256_lr6.4e-5,crashed,2026-06-07T13:00:30Z,16,256,6.4e-05,6.4e-05,0.001,27,0.3819742489270386,650.0,,,,,,,,,,
m1cbttyv,n1_bsz128_lr3e-6,crashed,2026-06-07T22:03:16Z,1,128,3e-06,3e-06,0.001,9,0.2886266094420601,200.0,,,,,,,,,,
9ccp878z,n1_bsz128_lr2e-5,crashed,2026-06-07T22:24:14Z,1,128,2e-05,2e-05,0.001,4,0.2832618025751073,75.0,,,,,,,,,,
02ycgiij,n8_bsz128_lr1e-6,crashed,2026-06-07T23:06:52Z,8,128,1e-06,1e-06,0.001,0,,,,,,,,,,,,
67ci067m,n32_bsz128_lr1e-6,crashed,2026-06-07T23:20:43Z,32,128,1e-06,1e-06,0.001,23,0.3905579399141631,550.0,,,,,,,,,,
myj8d5j9,n8_bsz128_lr1e-6,crashed,2026-06-07T23:49:51Z,8,128,1e-06,1e-06,0.001,38,0.4281115879828326,925.0,,,,,,,,,,
0g2444lz,n32_bsz128_lr1e-5,crashed,2026-06-07T23:59:04Z,32,128,1e-05,1e-05,0.001,50,0.6223175965665236,1225.0,200.0,180.6451612903226,250.0,240.3571428571429,450.0,447.7777777777776,,,,
dogel2cp,n32_bsz128_lr3e-5,crashed,2026-06-07T23:59:43Z,32,128,3e-05,3e-05,0.001,27,0.453862660944206,650.0,,,,,,,,,,
lrbmgwec,n8_bsz128_lr1e-5,crashed,2026-06-08T00:04:31Z,8,128,1e-05,1e-05,0.001,33,0.473175965665236,800.0,,,,,,,,,,
m9m8bfiv,n8_bsz128_lr3e-5,crashed,2026-06-08T00:10:27Z,8,128,3e-05,3e-05,0.001,23,0.3422746781115879,550.0,,,,,,,,,,
lvi28t41,n8_bsz128_lr1e-4,crashed,2026-06-08T00:10:30Z,8,128,0.0001,0.0001,0.001,13,0.2274678111587982,300.0,,,,,,,,,,
3l9jlvxc,n32_bsz128_lr1e-4,crashed,2026-06-08T07:17:33Z,32,128,0.0001,0.0001,0.001,5,0.2414163090128755,100.0,,,,,,,,,,
jegbxrof,n16_bsz128_lr1e-5,crashed,2026-06-08T16:16:21Z,16,128,1e-05,1e-05,0.001,53,0.628755364806867,1300.0,225.0,204.16666666666663,350.0,335.6410256410257,725.0,717.75,,,,
i6tgf7gf,n64_bsz128_lr1e-5,crashed,2026-06-08T16:18:54Z,64,128,1e-05,1e-05,0.001,31,0.6051502145922747,750.0,150.0,129.54545454545453,250.0,249.0909090909093,675.0,670.1999999999999,,,,
8d93sp1c,n2_bsz128_lr1e-5,crashed,2026-06-08T16:44:30Z,2,128,1e-05,1e-05,0.001,84,0.4324034334763948,2075.0,,,,,,,,,,
houyowq7,n4_bsz128_lr1e-5,crashed,2026-06-08T17:46:16Z,4,128,1e-05,1e-05,0.001,33,0.463519313304721,800.0,,,,,,,,,,
delyjjz8,n8_bsz128_lr1e-5_seed123,crashed,2026-06-08T19:47:41Z,8,128,1e-05,1e-05,0.001,49,0.5225321888412017,1200.0,300.0,288.82978723404256,,,,,,,,
qmkj2t25,n16_bsz256_lr1.6e-5,crashed,2026-06-08T21:06:14Z,16,256,1.6e-05,1.6e-05,0.001,21,0.5761802575107297,500.0,125.0,105.1470588235294,150.0,149.50000000000009,,,,,,
n1huv1bc,n16_bsz256_lr3.2e-5,crashed,2026-06-08T21:06:58Z,16,256,3.2e-05,3.2e-05,0.001,13,0.463519313304721,300.0,,,,,,,,,,
76peh4j0,n16_bsz2_lr1e-6,crashed,2026-06-08T21:15:22Z,16,2,1e-06,1e-06,0.001,111,0.3819742489270386,2750.0,,,,,,,,,,
4r2weqkh,n16_bsz2_lr5e-7,crashed,2026-06-08T21:22:15Z,16,2,5e-07,5e-07,0.001,111,0.2939914163090129,2750.0,,,,,,,,,,
mrd43p6o,n16_bsz2_lr2e-6,crashed,2026-06-09T06:02:05Z,16,2,2e-06,2e-06,0.001,111,0.434549356223176,2750.0,,,,,,,,,,
edqcafq7,n32_bsz128_lr3e-6,crashed,2026-06-09T17:26:46Z,32,128,3e-06,3e-06,0.001,79,0.6716738197424893,1950.0,450.0,433.75,675.0,661.5,1000.0,989.9999999999994,1625.0,1620.0,,
ag5qdrub,n8_bsz128_lr3e-6,crashed,2026-06-09T19:15:50Z,8,128,3e-06,3e-06,0.001,1,0.2274678111587982,0.0,,,,,,,,,,
2e29ajqd,n16_bsz2_lr1e-6,crashed,2026-06-09T21:10:18Z,16,2,1e-06,1e-06,0.001,111,0.4506437768240343,5450.0,,,,,,,,,,
17dxk27d,n16_bsz2_lr5e-7,crashed,2026-06-09T21:15:00Z,16,2,5e-07,5e-07,0.001,111,0.3626609442060086,5450.0,,,,,,,,,,
18qr8fr2,n16_bsz2_lr2e-6,crashed,2026-06-09T23:29:32Z,16,2,2e-06,2e-06,0.001,111,0.4678111587982833,5450.0,,,,,,,,,,
38qju69q,n16_bsz2_lr1e-5,crashed,2026-06-10T02:45:42Z,16,2,1e-05,1e-05,0.001,111,0.2982832618025751,2750.0,,,,,,,,,,
85pb2fy4,n16_bsz4_lr3e-6,crashed,2026-06-10T10:34:15Z,16,4,3e-06,3e-06,0.001,111,0.4592274678111588,2750.0,,,,,,,,,,
drk98up8,n16_bsz4_lr1e-5,crashed,2026-06-10T11:07:08Z,16,4,1e-05,1e-05,0.001,112,0.3594420600858369,2775.0,,,,,,,,,,
fpp7audc,n8_bsz128_lr3e-6,crashed,2026-06-10T13:55:38Z,8,128,3e-06,3e-06,0.001,84,0.6201716738197425,2075.0,475.0,470.6730769230769,900.0,887.8571428571431,1425.0,1421.8181818181818,,,,
82xqjz6z,n16_bsz2_lr3e-6,crashed,2026-06-11T23:39:58Z,16,2,3e-06,3e-06,0.001,119,0.434549356223176,2950.0,,,,,,,,,,
e8afakqt,n16_bsz2_lr1e-6,crashed,2026-06-12T02:01:00Z,16,2,1e-06,1e-06,0.001,120,0.4914163090128755,8375.0,,,,,,,,,,
zk41hlkd,n16_bsz8_lr3e-6,crashed,2026-06-12T04:43:09Z,16,8,3e-06,3e-06,0.001,132,0.5225321888412017,3275.0,2300.0,2293.75,,,,,,,,
34uu27tm,n2_bsz128_lr3e-6,crashed,2026-06-12T05:25:44Z,2,128,3e-06,3e-06,0.001,84,0.5139484978540773,2075.0,1525.0,1517.0,,,,,,,,
dppoqguc,n4_bsz128_lr3e-6,crashed,2026-06-12T05:46:57Z,4,128,3e-06,3e-06,0.001,84,0.5611587982832618,2075.0,775.0,771.4285714285716,1525.0,1508.0000000000002,,,,,,
02v9iqzv,n16_bsz2_lr3e-6,crashed,2026-06-12T15:40:08Z,16,2,3e-06,3e-06,0.001,120,0.4377682403433476,5875.0,,,,,,,,,,
gv2o9kqj,n16_bsz16_lr6e-6,crashed,2026-06-12T19:17:02Z,16,16,6e-06,6e-06,0.001,126,0.4967811158798283,3125.0,,,,,,,,,,
hta5tmzf,n16_bsz16_lr3e-6,crashed,2026-06-12T19:17:27Z,16,16,3e-06,3e-06,0.001,165,0.5708154506437768,4100.0,1200.0,1191.6666666666667,2275.0,2270.75,,,,,,
5r5ntwc4,n16_bsz128_lr3e-6,crashed,2026-06-12T19:36:45Z,16,128,3e-06,3e-06,0.001,84,0.6587982832618026,2075.0,425.0,421.6666666666666,650.0,637.8571428571431,1200.0,1189.2,2025.0,2010.357142857143,,
debz5sta,n16_bsz32_lr6e-6,crashed,2026-06-12T19:38:06Z,16,32,6e-06,6e-06,0.001,120,0.5128755364806867,2975.0,600.0,587.4999999999999,,,,,,,,
z9nou13i,n16_bsz64_lr6e-6,crashed,2026-06-13T04:30:24Z,16,64,6e-06,6e-06,0.001,62,0.5611587982832618,1525.0,450.0,439.3939393939394,775.0,760.3125000000001,,,,,,
5ni18phx,n64_bsz128_lr3e-6,crashed,2026-06-13T19:21:09Z,64,128,3e-06,3e-06,0.001,24,0.528969957081545,575.0,500.0,490.625,,,,,,,,
x0y2oqxg,n16_bsz64_lr1e-5,crashed,2026-06-14T13:09:21Z,16,64,1e-05,1e-05,0.001,45,0.4699570815450644,1100.0,,,,,,,,,,
uwrmfwi0,n1_bsz128_lr3e-6,crashed,2026-06-15T02:09:39Z,1,128,3e-06,3e-06,0.001,41,0.3948497854077253,1200.0,,,,,,,,,,
2ydkz37m,n1_bsz128_lr3e-6_seed1,crashed,2026-06-24T15:58:14Z,1,128,3e-06,3e-06,0.001,84,0.4313304721030043,2075.0,,,,,,,,,,
462a0ny1,n1_bsz128_lr3e-6_seed2,crashed,2026-06-24T15:58:14Z,1,128,3e-06,3e-06,0.001,84,0.4431330472103004,2075.0,,,,,,,,,,
u70vsrac,n16_bsz8_lr4e-6,crashed,2026-07-01T13:03:12Z,16,8,4e-06,4e-06,0.001,130,0.5032188841201717,3225.0,2300.0,2295.3125,,,,,,,,
007jssex,n16_bsz8_lr8e-6,crashed,2026-07-01T13:04:05Z,16,8,8e-06,8e-06,0.001,127,0.4163090128755364,3150.0,,,,,,,,,,
uzvp1hlp,n16_bsz16_lr1.6e-5,crashed,2026-07-02T10:10:06Z,16,16,1.6e-05,1.6e-05,0.001,110,0.351931330472103,2725.0,,,,,,,,,,
dtr2q3ku,n16_bsz32_lr3.2e-5,crashed,2026-07-02T11:31:59Z,16,32,3.2e-05,3.2e-05,0.001,71,0.2811158798283262,1750.0,,,,,,,,,,
zhks26oj,n16_bsz64_lr6.4e-5,crashed,2026-07-03T11:12:52Z,16,64,6.4e-05,6.4e-05,0.001,37,0.2414163090128755,900.0,,,,,,,,,,
vt0xrlg6,n2_bsz128_lr1e-6,crashed,2026-08-05T19:07:12Z,2,128,1e-06,1e-06,0.001,84,0.4484978540772532,2075.0,,,,,,,,,,
qq2j13qw,n16_bsz4_lr5e-7,crashed,2026-08-05T21:29:40Z,16,4,5e-07,5e-07,0.001,151,0.351931330472103,3750.0,,,,,,,,,,
war0rd3e,n16_bsz8_lr1.6e-5,crashed,2026-08-05T21:29:40Z,16,8,1.6e-05,1.6e-05,0.001,105,0.315450643776824,2600.0,,,,,,,,,,
a1ug783k,n16_bsz32_lr3e-6,crashed,2026-08-05T21:37:06Z,16,32,3e-06,3e-06,0.001,137,0.6030042918454935,3400.0,775.0,772.2222222222222,1425.0,1412.7777777777778,2550.0,2545.333333333333,,,,
26v37rrd,n16_bsz32_lr4e-6,crashed,2026-08-05T21:47:41Z,16,32,4e-06,4e-06,0.001,140,0.5976394849785408,3475.0,700.0,689.2857142857142,1225.0,1215.0000000000016,,,,,,
vl0yrj4b,n4_bsz128_lr1e-6,crashed,2026-08-06T05:08:04Z,4,128,1e-06,1e-06,0.001,82,0.4935622317596566,2025.0,,,,,,,,,,
ayrlvpqg,n16_bsz32_lr1.2e-5,crashed,2026-08-06T11:09:10Z,16,32,1.2e-05,1.2e-05,0.001,118,0.4452789699570815,2925.0,,,,,,,,,,
36eloqng,n16_bsz128_lr1e-6,crashed,2026-08-06T13:09:48Z,16,128,1e-06,1e-06,0.001,31,0.4334763948497854,750.0,,,,,,,,,,
uzpnmlip,n16_bsz32_lr1.6e-5,crashed,2026-08-06T14:19:34Z,16,32,1.6e-05,1.6e-05,0.001,24,0.4012875536480687,575.0,,,,,,,,,,
seiwkccv,n64_bsz128_lr3e-5,crashed,2026-08-06T16:11:26Z,64,128,3e-05,3e-05,0.001,6,0.4560085836909871,125.0,,,,,,,,,,
p71v78z8,n16_bsz64_lr3e-6,crashed,2026-08-06T20:03:28Z,16,64,3e-06,3e-06,0.001,79,0.5740343347639485,1950.0,600.0,597.9166666666667,975.0,958.1818181818184,,,,,,
ao3zp0ic,n16_bsz64_lr4e-6,crashed,2026-08-06T22:41:36Z,16,64,4e-06,4e-06,0.001,92,0.6126609442060086,2275.0,475.0,462.5,875.0,858.0000000000001,1450.0,1431.111111111111,,,,
2e1wta20,n16_bsz256_lr1e-5,crashed,2026-08-06T22:45:13Z,16,256,1e-05,1e-05,0.001,32,0.6587982832618026,775.0,125.0,114.0625,175.0,170.50000000000003,375.0,363.14814814814815,625.0,612.1875000000001,,
4pgkhpzd,n16_bsz256_lr1.2e-5,crashed,2026-08-07T12:14:32Z,16,256,1.2e-05,1.2e-05,0.001,21,0.5793991416309013,500.0,125.0,105.0,200.0,184.1666666666667,,,,,,
ky56flgr,n16_bsz4_lr3e-7,crashed,2026-08-07T21:03:30Z,16,4,3e-07,3e-07,0.001,141,0.2886266094420601,3500.0,,,,,,,,,,
1m0pe3on,n16_bsz4_lr5e-7,crashed,2026-08-07T23:42:21Z,16,4,5e-07,5e-07,0.001,142,0.4570815450643777,7225.0,,,,,,,,,,
vhzc07wv,n16_bsz8_lr1.2e-5,crashed,2026-08-07T23:45:51Z,16,8,1.2e-05,1.2e-05,0.001,169,0.3530042918454936,4200.0,,,,,,,,,,
d46a7r3j,n16_bsz256_lr3e-6,crashed,2026-08-17T20:03:35Z,16,256,3e-06,3e-06,0.001,27,0.5654506437768241,650.0,350.0,341.6666666666667,550.0,534.2857142857144,,,,,,
vz7r36n8,n16_bsz16_lr1e-6,crashed,2026-08-17T20:10:06Z,16,16,1e-06,1e-06,0.001,156,0.5246781115879828,3875.0,2850.0,2848.684210526316,,,,,,,,
pw119z54,n16_bsz32_lr1e-6,crashed,2026-08-17T20:10:44Z,16,32,1e-06,1e-06,0.001,116,0.5278969957081545,2875.0,2125.0,2122.0,,,,,,,,
1ioap1kz,n16_bsz512_lr1e-5_kl1e-3,crashed,2026-08-28T21:12:13Z,16,512,1e-05,1e-05,0.001,16,0.6319742489270386,375.0,100.0,87.5,175.0,153.33333333333337,250.0,247.6315789473684,,,,
39ek9wob,n16_bsz512_lr3e-4_kl1e-3,crashed,2026-08-28T21:12:13Z,16,512,0.0003,0.0003,0.001,6,0.2414163090128755,125.0,,,,,,,,,,
ogeuq407,n16_bsz512_lr1e-4_kl1e-3,crashed,2026-08-28T21:12:13Z,16,512,0.0001,0.0001,0.001,7,0.2414163090128755,150.0,,,,,,,,,,
64jh1zn6,n16_bsz512_lr3e-6_kl1e-3,crashed,2026-08-30T18:34:28Z,16,512,3e-06,3e-06,0.001,16,0.528969957081545,375.0,275.0,258.3333333333333,,,,,,,,
wlc5s5wa,n16_bsz512_lr5e-5_kl1e-3,crashed,2026-08-30T18:45:43Z,16,512,5e-05,5e-05,0.001,8,0.434549356223176,175.0,,,,,,,,,,
zbkclgpi,n16_bsz512_lr5e-5_kl1e-2,crashed,2026-09-01T19:50:56Z,16,512,5e-05,5e-05,0.01,18,0.5815450643776824,425.0,75.0,66.875,325.0,302.6666666666667,,,,,,
zqc27v92,n16_bsz64_lr4e-6_kl1e-3_v2,crashed,2026-09-01T19:51:27Z,16,64,4e-06,4e-06,0.001,93,0.6362660944206009,2300.0,475.0,457.8125,775.0,768.0,1575.0,1568.0,,,,
wqa03xhe,n16_bsz128_lr1e-5_kl1e-3_v2,crashed,2026-09-01T19:55:20Z,16,128,1e-05,1e-05,0.001,39,0.5321888412017167,950.0,200.0,191.07142857142856,,,,,,,,
z90ctm4w,n16_bsz8_lr4e-6_kl1e-2,crashed,2026-09-02T16:02:35Z,16,8,4e-06,4e-06,0.01,148,0.4989270386266094,3675.0,,,,,,,,,,
t88kassw,n16_bsz8_lr8e-6_kl1e-2,crashed,2026-09-03T20:47:56Z,16,8,8e-06,8e-06,0.01,148,0.4163090128755364,3675.0,,,,,,,,,,
vvbj6dyh,n16_bsz32_lr1.2e-5_kl1e-2,crashed,2026-09-03T22:23:11Z,16,32,1.2e-05,1.2e-05,0.01,145,0.5321888412017167,3600.0,2350.0,2346.428571428572,,,,,,,,
epyb3zdi,n16_bsz512_lr8e-5_kl1e-3,crashed,2026-09-03T23:37:53Z,16,512,8e-05,8e-05,0.001,7,0.3218884120171674,150.0,,,,,,,,,,
kaoijltl,n16_bsz8_lr2e-6_kl1e-3_v2,crashed,2026-09-04T20:45:43Z,16,8,2e-06,2e-06,0.001,153,0.5278969957081545,3800.0,2475.0,2462.5,,,,,,,,
mlcyu96o,n16_bsz16_lr4e-6_kl1e-3_v2,crashed,2026-09-04T23:55:34Z,16,16,4e-06,4e-06,0.001,164,0.4946351931330472,4075.0,,,,,,,,,,
pixg1eys,n16_bsz32_lr6e-6_kl1e-3_v2,crashed,2026-09-05T04:03:05Z,16,32,6e-06,6e-06,0.001,104,0.5429184549356223,2575.0,550.0,548.6842105263158,,,,,,,,
h5bcfc3f,n16_bsz64_lr6e-6_kl1e-3_v2,crashed,2026-09-05T07:11:39Z,16,64,6e-06,6e-06,0.001,85,0.5665236051502146,2100.0,325.0,309.2105263157894,600.0,599.3750000000001,,,,,,
9zgsmhj9,n16_bsz256_lr2e-5_kl1e-3_v2,crashed,2026-09-05T13:02:37Z,16,256,2e-05,2e-05,0.001,19,0.5332618025751072,450.0,100.0,84.78260869565217,,,,,,,,
hq7gsvhc,n16_bsz512_lr1e-5_kl1e-3_v2,crashed,2026-09-06T00:55:36Z,16,512,1e-05,1e-05,0.001,16,0.619098712446352,375.0,100.0,88.33333333333334,125.0,120.89743589743594,275.0,254.77272727272725,,,,
dvhs7mu3,n16_bsz8_lr2e-6_kl1e-2,crashed,2026-09-06T21:03:26Z,16,8,2e-06,2e-06,0.01,148,0.5118025751072961,3675.0,3250.0,3245.0,,,,,,,,
spc06zkf,n16_bsz16_lr4e-6_kl1e-2,crashed,2026-09-06T21:03:26Z,16,16,4e-06,4e-06,0.01,183,0.5879828326180258,4550.0,1350.0,1349.1935483870968,3350.0,3327.5,,,,,,
p2b8pajj,n16_bsz32_lr6e-6_kl1e-2,crashed,2026-09-06T21:03:29Z,16,32,6e-06,6e-06,0.01,147,0.5783261802575107,3650.0,725.0,715.625,1575.0,1570.000000000001,,,,,,
spvvj03k,n16_bsz256_lr1e-5_kl1e-2,crashed,2026-09-10T00:47:51Z,16,256,1e-05,1e-05,0.01,34,0.6427038626609443,825.0,150.0,129.7297297297297,250.0,233.2692307692308,475.0,460.0,,,,
faokkunu,n16_bsz64_lr6e-6_kl1e-2,crashed,2026-09-10T01:11:35Z,16,64,6e-06,6e-06,0.01,92,0.5815450643776824,2275.0,475.0,475.0,775.0,763.7500000000001,,,,,,
r7k75ag1,n16_bsz1024_lr5e-4_kl1e-3_updated_scaling,crashed,2026-09-11T16:10:37Z,16,1024,0.0005,0.0005,0.001,1,0.2414163090128755,0.0,,,,,,,,,,
iaix95kx,n16_bsz1024_lr1e-4_kl1e-3_updated_scaling,crashed,2026-09-11T16:11:04Z,16,1024,0.0001,0.0001,0.001,1,0.2414163090128755,0.0,,,,,,,,,,
o07erf5g,n16_bsz1024_lr5e-5_kl1e-3_updated_scaling,crashed,2026-09-11T17:25:08Z,16,1024,5e-05,5e-05,0.001,1,0.2414163090128755,0.0,,,,,,,,,,
e1q9crg2,n16_bsz128_lr1e-5_kl1e-3_updated_scaling,crashed,2026-09-11T18:39:59Z,16,128,1e-05,1e-05,0.001,52,0.5568669527896996,1275.0,250.0,230.3571428571429,400.0,396.8181818181818,,,,,,
ecxgpeul,n16_bsz1024_lr5e-5_kl1e-2_updated_scaling,crashed,2026-09-16T01:10:34Z,16,1024,5e-05,5e-05,0.01,5,0.5493562231759657,100.0,50.0,48.95833333333336,,,,,,,,
65obocny,n16_bsz1024_lr5e-5_kl1e-3_updated_scaling,crashed,2026-09-16T01:10:49Z,16,1024,5e-05,5e-05,0.001,6,0.4892703862660944,125.0,,,,,,,,,,
y82q06x7,n16_bsz1024_lr1e-4_kl1e-2_updated_scaling,crashed,2026-09-16T01:10:53Z,16,1024,0.0001,0.0001,0.01,7,0.4699570815450644,150.0,,,,,,,,,,
zxbilum9,n16_bsz1024_lr2e-5_kl1e-3_updated_scaling,crashed,2026-09-16T01:10:53Z,16,1024,2e-05,2e-05,0.001,4,0.5611587982832618,75.0,50.0,26.250000000000004,50.0,45.6666666666667,,,,,,
00l4ed3j,n16_bsz512_lr1e-5_kl1e-3_updated_scaling,crashed,2026-09-16T13:03:02Z,16,512,1e-05,1e-05,0.001,6,0.5579399141630901,125.0,100.0,77.49999999999999,125.0,114.72222222222231,,,,,,
molfti6k,n16_bsz512_lr2e-5_kl1e-3_updated_scaling,crashed,2026-09-16T13:03:09Z,16,512,2e-05,2e-05,0.001,3,0.5042918454935622,50.0,50.0,48.43750000000001,,,,,,,,
fcf7z75x,n16_bsz512_lr1e-5_kl1e-2_updated_scaling,crashed,2026-09-16T17:39:33Z,16,512,1e-05,1e-05,0.01,15,0.6319742489270386,350.0,75.0,70.73170731707317,150.0,143.4615384615386,275.0,265.49999999999983,,,,
uvo8wg2s,n16_bsz512_lr2e-5_kl1e-2_updated_scaling,crashed,2026-09-16T18:57:01Z,16,512,2e-05,2e-05,0.01,15,0.6266094420600858,350.0,75.0,56.060606060606055,175.0,154.1071428571429,225.0,215.9375,,,,
2xx2erxi,n16_bsz1024_lr1e-5_kl1e-3_updated_scaling,crashed,2026-09-16T18:58:52Z,16,1024,1e-05,1e-05,0.001,18,0.6266094420600858,170.0,60.0,52.0,80.0,79.125,140.0,136.0,,,,
q44d4fds,n16_bsz1024_lr3e-5_kl1e-3_updated_scaling,crashed,2026-09-16T21:27:40Z,16,1024,3e-05,3e-05,0.001,10,0.5160944206008584,90.0,40.0,31.666666666666668,,,,,,,,
s7pl70zw,n16_bsz1024_lr2e-5_kl1e-2_updated_scaling,crashed,2026-09-17T14:06:19Z,16,1024,2e-05,2e-05,0.01,5,0.509656652360515,40.0,40.0,33.57142857142856,,,,,,,,
2rk2n06n,n16_bsz128_lr1e-5_kl1e-2_updated_scaling,crashed,2026-09-17T14:34:50Z,16,128,1e-05,1e-05,0.01,11,0.5214592274678111,250.0,175.0,171.875,,,,,,,,
dhoy995w,n16_bsz128_lr2e-5_kl1e-2_updated_scaling,crashed,2026-09-17T14:35:17Z,16,128,2e-05,2e-05,0.01,26,0.5171673819742489,625.0,350.0,350.0,,,,,,,,
fui4pm0m,n16_bsz256_lr2e-5_kl1e-2_updated_scaling,crashed,2026-09-17T15:14:05Z,16,256,2e-05,2e-05,0.01,6,0.5182403433476395,125.0,125.0,105.6818181818182,,,,,,,,
6k5prjwm,n16_bsz512_lr5e-6_kl1e-2_updated_scaling,crashed,2026-09-17T15:16:41Z,16,512,5e-06,5e-06,0.01,8,0.528969957081545,175.0,150.0,132.81250000000003,,,,,,,,
5n4oaopg,n16_bsz64_lr1e-5_kl1e-2_updated_scaling,crashed,2026-09-17T15:19:10Z,16,64,1e-05,1e-05,0.01,40,0.5622317596566524,975.0,425.0,421.87500000000006,900.0,878.0769230769231,,,,,,
2zd05hgn,n16_bsz256_lr5e-6_kl1e-2_updated_scaling,crashed,2026-09-17T17:20:14Z,16,256,5e-06,5e-06,0.01,12,0.526824034334764,275.0,225.0,209.0909090909091,,,,,,,,
vmuhjsdb,n16_bsz1024_lr3e-5_kl1e-2_updated_scaling,crashed,2026-09-17T19:11:04Z,16,1024,3e-05,3e-05,0.01,1,0.2414163090128755,0.0,,,,,,,,,,
tdgacsg0,n16_bsz2048_lr2e-5_kl1e-2_updated_scaling,crashed,2026-09-17T20:07:49Z,16,2048,2e-05,2e-05,0.01,14,0.6040772532188842,65.0,30.0,26.41304347826087,40.0,38.66666666666669,65.0,64.23999999999998,,,,
5jq2o3g9,n16_bsz2048_lr1e-5_kl1e-3_updated_scaling,crashed,2026-09-18T01:53:55Z,16,2048,1e-05,1e-05,0.001,9,0.5246781115879828,40.0,35.0,34.70588235294119,,,,,,,,
3o3ymcvs,n16_bsz2048_lr2e-5_kl1e-3_updated_scaling,crashed,2026-09-18T01:57:11Z,16,2048,2e-05,2e-05,0.001,9,0.5590128755364807,40.0,25.0,22.4,35.0,34.07692307692309,,,,,,
m11xpgkx,n16_bsz1024_lr3e-5_kl1e-2_updated_scaling,crashed,2026-09-18T01:58:32Z,16,1024,3e-05,3e-05,0.01,10,0.5804721030042919,90.0,30.0,25.405405405405407,50.0,44.000000000000014,,,,,,
txljdxmv,n16_bsz2048_lr5e-5_kl1e-2_updated_scaling,crashed,2026-09-18T13:16:56Z,16,2048,5e-05,5e-05,0.01,5,0.5010729613733905,20.0,20.0,19.687500000000007,,,,,,,,
6od6xwj8,n16_bsz2048_lr3e-5_kl1e-2_updated_scaling,crashed,2026-09-18T13:17:05Z,16,2048,3e-05,3e-05,0.01,6,0.5354077253218884,25.0,25.0,21.33333333333333,,,,,,,,
8ltojkc7,n16_bsz2048_lr3e-5_kl1e-3_updated_scaling,crashed,2026-09-18T13:26:04Z,16,2048,3e-05,3e-05,0.001,4,0.5128755364806867,15.0,15.0,14.104477611940297,,,,,,,,
2onvvgcq,n16_bsz2048_lr1e-5_kl1e-2_updated_scaling,crashed,2026-09-18T14:04:49Z,16,2048,1e-05,1e-05,0.01,5,0.4291845493562232,20.0,,,,,,,,,,
21w7ju28,n16_bsz4096_lr5e-5_kl0.001_updated_scaling,crashed,2026-09-18T19:14:24Z,16,4096,5e-05,5e-05,0.001,50,0.6137339055793991,49.0,9.0,8.923076923076922,19.0,18.40000000000001,36.0,35.55862068965517,,,,
63f5u9oc,n16_bsz4096_lr3e-5_kl0.001_updated_scaling,crashed,2026-09-18T19:14:31Z,16,4096,3e-05,3e-05,0.001,46,0.5890557939914163,45.0,12.0,11.666666666666666,22.0,21.33043478260869,,,,,,
qsefs92p,n16_bsz4096_lr5e-5_kl0.01_updated_scaling,finished,2026-09-18T20:26:08Z,16,4096,5e-05,5e-05,0.01,15,0.5257510729613734,14.0,11.0,10.749999999999998,,,,,,,,
fgwblkvc,n16_bsz4096_lr1e-4_kl0.01_updated_scaling,finished,2026-09-18T20:26:18Z,16,4096,0.0001,0.0001,0.01,31,0.5311158798283262,30.0,29.0,28.32,,,,,,,,
14aa96i5,n32_bsz128_lr1e-5_kl0.001_updated_scaling,crashed,2026-09-19T01:06:02Z,32,128,1e-05,1e-05,0.001,9,0.5171673819742489,200.0,125.0,125.0,,,,,,,,
gpbwt88o,n32_bsz128_lr2e-5_kl0.001_updated_scaling,crashed,2026-09-19T01:06:15Z,32,128,2e-05,2e-05,0.001,13,0.5160944206008584,300.0,275.0,261.60714285714283,,,,,,,,
pg16wya8,n32_bsz128_lr5e-6_kl0.001_updated_scaling,crashed,2026-09-19T01:08:39Z,32,128,5e-06,5e-06,0.001,9,0.5118025751072961,200.0,175.0,156.66666666666666,,,,,,,,
s599ju89,n16_bsz2048_lr5e-5_kl0.001_updated_scaling,finished,2026-09-19T03:49:23Z,16,2048,5e-05,5e-05,0.001,5,0.5225321888412017,20.0,20.0,17.500000000000004,,,,,,,,
jrhggo6y,n64_bsz128_lr1e-5_kl0.001_updated_scaling,crashed,2026-09-19T05:57:04Z,64,128,1e-05,1e-05,0.001,5,0.5128755364806867,100.0,100.0,86.95652173913042,,,,,,,,
dp7wma01,n64_bsz128_lr2e-5_kl0.001_updated_scaling,crashed,2026-09-19T05:59:33Z,64,128,2e-05,2e-05,0.001,11,0.5150214592274678,250.0,125.0,103.125,,,,,,,,
6otcrqz3,n16_bsz2048_lr1e-4_kl0.01_updated_scaling,crashed,2026-09-19T10:42:06Z,16,2048,0.0001,0.0001,0.01,9,0.4667381974248927,40.0,,,,,,,,,,
mjvhyqaj,n16_bsz4096_lr1e-4_kl0.001_updated_scaling,crashed,2026-09-19T13:27:47Z,16,4096,0.0001,0.0001,0.001,12,0.3755364806866952,11.0,,,,,,,,,,
kjryf7xx,n64_bsz128_lr5e-6_kl0.001_updated_scaling,crashed,2026-09-19T13:37:16Z,64,128,5e-06,5e-06,0.001,6,0.4957081545064378,125.0,,,,,,,,,,
6um2hcna,n16_bsz4096_lr3e-5_kl0.01_updated_scaling,finished,2026-09-19T20:15:42Z,16,4096,3e-05,3e-05,0.01,18,0.5203862660944206,17.0,13.0,12.42857142857143,,,,,,,,
k18okaij,n32_bsz256_lr3e-5_kl0.001_updated_scaling,crashed,2026-09-19T20:59:59Z,32,256,3e-05,3e-05,0.001,6,0.4463519313304721,50.0,,,,,,,,,,
z2gmactp,n32_bsz256_lr1e-5_kl0.001_updated_scaling,crashed,2026-09-19T21:02:11Z,32,256,1e-05,1e-05,0.001,9,0.4924892703862661,80.0,,,,,,,,,,
8kqtzm2h,n32_bsz256_lr2e-5_kl0.001_updated_scaling,finished,2026-09-19T21:02:38Z,32,256,2e-05,2e-05,0.001,9,0.5278969957081545,80.0,70.0,70.0,,,,,,,,
liyv4lmg,n64_bsz256_lr1e-5_kl0.001_updated_scaling,crashed,2026-09-20T02:12:20Z,64,256,1e-05,1e-05,0.001,1,0.2414163090128755,0.0,,,,,,,,,,
d1f6tiz9,n16_bsz8192_lr1e-4_kl0.001_updated_scaling,crashed,2026-09-20T02:34:22Z,16,8192,0.0001,0.0001,0.001,14,0.4710300429184549,13.0,,,,,,,,,,
pql2mzxc,n16_bsz8192_lr5e-5_kl0.001_updated_scaling,finished,2026-09-20T02:34:29Z,16,8192,5e-05,5e-05,0.001,10,0.5225321888412017,9.0,8.0,7.733333333333334,,,,,,,,
j29kdkdf,n16_bsz128_lr5e-6_kl1e-2_updated_scaling,crashed,2026-09-20T03:12:15Z,16,128,5e-06,5e-06,0.01,40,0.6008583690987125,975.0,275.0,269.5652173913043,500.0,497.6666666666667,975.0,974.090909090909,,,,
rmcroya9,n128_bsz128_lr1e-5_kl0.001_updated_scaling,crashed,2026-09-20T10:49:14Z,128,128,1e-05,1e-05,0.001,1,0.2414163090128755,0.0,,,,,,,,,,
7me7jdlj,n16_bsz8192_lr5e-5_kl0.01_updated_scaling,finished,2026-09-20T14:17:28Z,16,8192,5e-05,5e-05,0.01,10,0.5321888412017167,9.0,7.0,6.736842105263157,,,,,,,,
n0czx78f,n16_bsz8192_lr1e-4_kl0.01_updated_scaling,finished,2026-09-20T14:30:08Z,16,8192,0.0001,0.0001,0.01,16,0.528969957081545,15.0,13.0,12.72222222222222,,,,,,,,
bzsx828c,n16_bsz8192_lr3e-5_kl0.001_updated_scaling,crashed,2026-09-20T14:54:40Z,16,8192,3e-05,3e-05,0.001,9,0.4688841201716738,8.0,,,,,,,,,,
kydecmzl,n128_bsz128_lr3e-5_kl0.001_updated_scaling,crashed,2026-09-20T15:17:09Z,128,128,3e-05,3e-05,0.001,1,0.2414163090128755,0.0,,,,,,,,,,
3cte6hm4,n128_bsz128_lr3e-6_kl0.001_updated_scaling,crashed,2026-09-20T17:28:00Z,128,128,3e-06,3e-06,0.001,1,0.2414163090128755,0.0,,,,,,,,,,
lwoiwkf6,n128_bsz128_lr1e-5_kl0.001_updated_scaling,crashed,2026-09-20T18:05:06Z,128,128,1e-05,1e-05,0.001,1,0.2414163090128755,0.0,,,,,,,,,,
1dhiup0c,n128_bsz128_lr3e-5_kl0.001_updated_scaling,crashed,2026-09-20T18:19:43Z,128,128,3e-05,3e-05,0.001,1,0.2414163090128755,0.0,,,,,,,,,,
7q9hugfx,n128_bsz128_lr1e-5_kl0.001_updated_scaling,finished,2026-09-20T18:45:39Z,128,128,1e-05,1e-05,0.001,5,0.5418454935622318,100.0,75.0,61.76470588235293,,,,,,,,
j2kan1h8,n128_bsz128_lr3e-5_kl0.001_updated_scaling,crashed,2026-09-20T18:45:44Z,128,128,3e-05,3e-05,0.001,5,0.4216738197424893,100.0,,,,,,,,,,
3thoch7y,n16_bsz8192_lr3e-5_kl0.01_updated_scaling,finished,2026-09-20T19:13:58Z,16,8192,3e-05,3e-05,0.01,15,0.528969957081545,14.0,11.0,10.714285714285715,,,,,,,,
kbx0osnd,n128_bsz128_lr3e-6_kl0.001_updated_scaling,crashed,2026-09-20T19:19:34Z,128,128,3e-06,3e-06,0.001,6,0.4431330472103004,125.0,,,,,,,,,,
nib15r5j,n16_bsz16_lr3e-6_kl0.01_updated_scaling,finished,2026-09-21T02:22:14Z,16,16,3e-06,3e-06,0.01,78,0.5321888412017167,1925.0,1200.0,1192.7083333333333,,,,,,,,
0wgxs9y7,n16_bsz16_lr6e-6_kl0.01_updated_scaling,crashed,2026-09-21T02:27:47Z,16,16,6e-06,6e-06,0.01,96,0.5128755364806867,2375.0,1800.0,1796.875,,,,,,,,
gewcfxay,n16_bsz32_lr4e-6_kl0.01_updated_scaling,crashed,2026-09-21T07:38:46Z,16,32,4e-06,4e-06,0.01,43,0.5150214592274678,1050.0,850.0,841.6666666666667,,,,,,,,
vh7dipu4,n16_bsz64_lr2e-5_kl0.01_updated_scaling,crashed,2026-09-21T11:34:09Z,16,64,2e-05,2e-05,0.01,27,0.4206008583690987,650.0,,,,,,,,,,
1cu20f46,n16_bsz256_lr3e-5_kl0.01_updated_scaling,crashed,2026-09-21T12:05:39Z,16,256,3e-05,3e-05,0.01,20,0.490343347639485,190.0,,,,,,,,,,
c9yh8xpt,n16_bsz16_lr2e-6_kl0.01_updated_scaling,crashed,2026-09-21T14:39:44Z,16,16,2e-06,2e-06,0.01,84,0.5118025751072961,2075.0,2000.0,1978.8461538461536,,,,,,,,
gx99rzmp,n16_bsz8_lr1e-6_kl0.01_updated_scaling,crashed,2026-09-22T13:51:47Z,16,8,1e-06,1e-06,0.01,148,0.4785407725321888,3675.0,,,,,,,,,,
nw1q4sof,n64_bsz4_lr1e-6_kl0.001_updated_scaling,crashed,2026-09-22T15:48:12Z,64,4,1e-06,1e-06,0.001,2,0.2489270386266094,25.0,,,,,,,,,,
tju85gey,n64_bsz8_lr2.5e-6_kl0.001_updated_scaling,finished,2026-09-22T16:01:11Z,64,8,2.5e-06,2.5e-06,0.001,66,0.5203862660944206,1625.0,1300.0,1283.928571428571,,,,,,,,
tq9uqdqc,n64_bsz16_lr3.5e-6_kl0.001_updated_scaling,finished,2026-09-22T20:59:50Z,64,16,3.5e-06,3.5e-06,0.001,29,0.5278969957081545,700.0,600.0,586.9565217391304,,,,,,,,
i1mya04z,n64_bsz32_lr5e-6_kl0.001_updated_scaling,finished,2026-09-22T20:59:57Z,64,32,5e-06,5e-06,0.001,17,0.5300429184549357,400.0,375.0,364.4736842105264,,,,,,,,
uhio70pe,n64_bsz64_lr7e-6_kl0.001_updated_scaling,finished,2026-09-23T03:40:03Z,64,64,7e-06,7e-06,0.001,9,0.5214592274678111,200.0,175.0,163.15789473684208,,,,,,,,
a96ijc1t,n64_bsz128_lr1e-5_kl0.001_updated_scaling,crashed,2026-09-23T03:57:34Z,64,128,1e-05,1e-05,0.001,1,0.5450643776824035,125.0,125.0,125.0,,,,,,,,
8nl50csb,n64_bsz256_lr1.4e-5_kl0.001_updated_scaling,finished,2026-09-23T05:17:51Z,64,256,1.4e-05,1.4e-05,0.001,4,0.5515021459227468,75.0,50.0,49.609375000000014,75.0,74.25531914893617,,,,,,
507jh51x,n64_bsz512_lr2e-5_kl0.001_updated_scaling,finished,2026-09-23T06:03:48Z,64,512,2e-05,2e-05,0.001,3,0.5396995708154506,50.0,50.0,30.319148936170215,,,,,,,,
zj60nr6u,n64_bsz1024_lr2.8e-5_kl0.001_updated_scaling,finished,2026-09-23T06:05:13Z,64,1024,2.8e-05,2.8e-05,0.001,2,0.5493562231759657,25.0,25.0,20.99303135888502,,,,,,,,
cy2oifuc,n64_bsz2048_lr4e-5_kl0.001_updated_scaling,crashed,2026-09-24T03:44:42Z,64,2048,4e-05,4e-05,0.001,0,,,,,,,,,,,,
6ughn1mg,n64_bsz64_lr2.3e-6_kl0.001_updated_scaling,crashed,2026-09-24T04:22:43Z,64,64,2.3e-06,2.3e-06,0.001,4,0.2875536480686695,75.0,,,,,,,,,,
07hqeifj,n64_bsz16_lr1.2e-6_kl0.001_updated_scaling,crashed,2026-09-24T04:22:59Z,64,16,1.2e-06,1.2e-06,0.001,10,0.2875536480686695,225.0,,,,,,,,,,
ml7e35w0,n64_bsz16_lr1.1e-5_kl0.001_updated_scaling,crashed,2026-09-24T04:23:08Z,64,16,1.1e-05,1.1e-05,0.001,9,0.4313304721030043,200.0,,,,,,,,,,
1qovfyaq,n64_bsz64_lr2.1e-5_kl0.001_updated_scaling,crashed,2026-09-24T04:23:50Z,64,64,2.1e-05,2.1e-05,0.001,4,0.4259656652360515,75.0,,,,,,,,,,
g7rsabez,n64_bsz256_lr4.2e-5_kl0.001_updated_scaling,crashed,2026-09-24T06:49:15Z,64,256,4.2e-05,4.2e-05,0.001,3,0.37875536480686695,50.0,,,,,,,,,,
n5pojmas,n64_bsz256_lr4.6e-6_kl0.001_updated_scaling,crashed,2026-09-24T06:50:27Z,64,256,4.6e-06,4.6e-06,0.001,3,0.41523605150214593,50.0,,,,,,,,,,
bojl5svw,n64_bsz2048_lr4e-5_kl0.001_updated_scaling,finished,2026-09-24T06:50:45Z,64,2048,4e-05,4e-05,0.001,2,0.5611587982832618,25.0,25.0,20.218120805369132,25.0,24.127516778523496,,,,,,
j3oy4k06,n64_bsz512_lr6.6e-6_kl0.001_updated_scaling,crashed,2026-09-24T07:53:26Z,64,512,6.6e-06,6.6e-06,0.001,3,0.48390557939914164,50.0,,,,,,,,,,
dlqfnxsl,n64_bsz512_lr6.1e-5_kl0.001_updated_scaling,crashed,2026-09-24T15:57:49Z,64,512,6.1e-05,6.1e-05,0.001,2,0.41738197424892703,25.0,,,,,,,,,,
