id,name,state,created,downsample,fixed,n,dsk,bsz,seqs,lr,cfg_lr,kl,n_val_points,max_val,last_val_step,steps_to_50,steps_to_50_interp,steps_to_55,steps_to_55_interp,steps_to_60,steps_to_60_interp
yndm1nza,n16_bsz4,crashed,2026-05-22T17:54:35Z,False,False,16,,4,64,1e-06,1e-06,0.001,2,0.2575107296137339,25.0,,,,,,
tyjj67or,n16_bsz4_lr1e-6,crashed,2026-06-03T20:02:54Z,False,False,16,,4,64,1e-06,1e-06,0.001,51,0.3068669527896995,1250.0,,,,,,
qwrrehq3,n16_bsz8_lr1e-6,crashed,2026-06-03T20:03:11Z,False,False,16,,8,128,1e-06,1e-06,0.001,43,0.334763948497854,1050.0,,,,,,
iylu5qj5,n16_bsz4_lr1e-6,crashed,2026-06-04T19:38:56Z,False,False,16,,4,64,1e-06,1e-06,0.001,111,0.4603004291845493,4025.0,,,,,,
95vonvfv,n16_bsz8_lr1e-6,crashed,2026-06-04T19:48:05Z,False,False,16,,8,128,1e-06,1e-06,0.001,121,0.5010729613733905,4050.0,3850.0,3847.222222222222,,,,
yb5ba4ai,n16_bsz4_lr1e-6,crashed,2026-06-04T20:00:09Z,False,False,16,,4,64,1e-06,1e-06,0.001,20,0.3562231759656652,1825.0,,,,,,
6amdhe1j,n16_bsz8_lr1e-6,crashed,2026-06-04T20:02:46Z,False,False,16,,8,128,1e-06,1e-06,0.001,17,0.3690987124463519,1475.0,,,,,,
ospfo8sw,n16_bsz8_lr2e-6,crashed,2026-06-04T22:02:52Z,False,False,16,,8,128,2e-06,2e-06,0.001,120,0.528969957081545,2975.0,2375.0,2375.0,,,,
9pzh6n8q,n16_bsz4_lr1e-6,crashed,2026-06-06T05:12:51Z,False,False,16,,4,64,1e-06,1e-06,0.001,64,0.4839055793991416,5600.0,,,,,,
qwpuadlg,n16_bsz8_lr2e-6,crashed,2026-06-06T05:18:46Z,False,False,16,,8,128,2e-06,2e-06,0.001,69,0.5547210300429185,4675.0,2975.0,2975.0,3925.0,3920.4166666666665,,
veiv29ss,n16_bsz16_lr4e-6,crashed,2026-06-06T05:46:26Z,False,False,16,,16,256,4e-06,4e-06,0.001,53,0.509656652360515,1300.0,1075.0,1073.611111111111,,,,
rpnf4suf,n16_bsz32_lr8e-6,crashed,2026-06-06T05:47:43Z,False,False,16,,32,512,8e-06,8e-06,0.001,39,0.4946351931330472,950.0,,,,,,
ckjqgfam,n16_bsz32_lr8e-6,crashed,2026-06-06T18:24:24Z,False,False,16,,32,512,8e-06,8e-06,0.001,147,0.5107296137339056,4600.0,1125.0,1121.2121212121212,,,,
f9rb82kn,n16_bsz16_lr4e-6,crashed,2026-06-06T18:26:25Z,False,False,16,,16,256,4e-06,4e-06,0.001,147,0.5182403433476395,4950.0,1300.0,1300.0,,,,
j5f5aaay,n16_bsz8_lr2e-6,crashed,2026-06-06T18:26:25Z,False,False,16,,8,128,2e-06,2e-06,0.001,124,0.5826180257510729,7750.0,4675.0,4675.0,4750.0,4738.0,,
m4zw997g,n16_bsz4_lr1e-6,crashed,2026-06-06T18:26:25Z,False,False,16,,4,64,1e-06,1e-06,0.001,111,0.5375536480686696,8350.0,5675.0,5674.107142857143,,,,
syew6eee,n1_bsz128_lr1e-6,crashed,2026-06-07T07:48:26Z,False,False,1,,128,128,1e-06,1e-06,0.001,4,0.2585836909871244,75.0,,,,,,
4wl9uzis,n1_bsz128_lr1e-6,crashed,2026-06-07T08:36:01Z,False,False,1,,128,128,1e-06,1e-06,0.001,17,0.2800429184549356,400.0,,,,,,
jw3t0eya,n1_bsz128_lr1e-5,crashed,2026-06-07T08:51:09Z,False,False,1,,128,128,1e-05,1e-05,0.001,84,0.361587982832618,2075.0,,,,,,
nms2utcy,n1_bsz128_lr3e-5,crashed,2026-06-07T11:02:15Z,False,False,1,,128,128,3e-05,3e-05,0.001,63,0.2489270386266094,1550.0,,,,,,
i66rqub1,n1_bsz128_lr1e-4,crashed,2026-06-07T11:02:16Z,False,False,1,,128,128,0.0001,0.0001,0.001,62,0.2414163090128755,1525.0,,,,,,
v99q692t,n16_bsz64_lr1.6e-5,crashed,2026-06-07T11:08:33Z,False,False,16,,64,1024,1.6e-05,1.6e-05,0.001,48,0.4259656652360515,1175.0,,,,,,
kj48c59y,n16_bsz128_lr3.2e-5,crashed,2026-06-07T12:22:04Z,False,False,16,,128,2048,3.2e-05,3.2e-05,0.001,41,0.3969957081545064,1000.0,,,,,,
pigk60ee,n16_bsz256_lr6.4e-5,crashed,2026-06-07T13:00:30Z,False,False,16,,256,4096,6.4e-05,6.4e-05,0.001,27,0.3819742489270386,650.0,,,,,,
m1cbttyv,n1_bsz128_lr3e-6,crashed,2026-06-07T22:03:16Z,False,False,1,,128,128,3e-06,3e-06,0.001,9,0.2886266094420601,200.0,,,,,,
9ccp878z,n1_bsz128_lr2e-5,crashed,2026-06-07T22:24:14Z,False,False,1,,128,128,2e-05,2e-05,0.001,4,0.2832618025751073,75.0,,,,,,
02ycgiij,n8_bsz128_lr1e-6,crashed,2026-06-07T23:06:52Z,False,False,8,,128,1024,1e-06,1e-06,0.001,0,,,,,,,,
67ci067m,n32_bsz128_lr1e-6,crashed,2026-06-07T23:20:43Z,False,False,32,,128,4096,1e-06,1e-06,0.001,23,0.3905579399141631,550.0,,,,,,
myj8d5j9,n8_bsz128_lr1e-6,crashed,2026-06-07T23:49:51Z,False,False,8,,128,1024,1e-06,1e-06,0.001,38,0.4281115879828326,925.0,,,,,,
0g2444lz,n32_bsz128_lr1e-5,crashed,2026-06-07T23:59:04Z,False,False,32,,128,4096,1e-05,1e-05,0.001,50,0.6223175965665236,1225.0,200.0,180.6451612903226,250.0,240.3571428571429,450.0,447.7777777777776
dogel2cp,n32_bsz128_lr3e-5,crashed,2026-06-07T23:59:43Z,False,False,32,,128,4096,3e-05,3e-05,0.001,27,0.453862660944206,650.0,,,,,,
lrbmgwec,n8_bsz128_lr1e-5,crashed,2026-06-08T00:04:31Z,False,False,8,,128,1024,1e-05,1e-05,0.001,33,0.473175965665236,800.0,,,,,,
m9m8bfiv,n8_bsz128_lr3e-5,crashed,2026-06-08T00:10:27Z,False,False,8,,128,1024,3e-05,3e-05,0.001,23,0.3422746781115879,550.0,,,,,,
lvi28t41,n8_bsz128_lr1e-4,crashed,2026-06-08T00:10:30Z,False,False,8,,128,1024,0.0001,0.0001,0.001,13,0.2274678111587982,300.0,,,,,,
3l9jlvxc,n32_bsz128_lr1e-4,crashed,2026-06-08T07:17:33Z,False,False,32,,128,4096,0.0001,0.0001,0.001,5,0.2414163090128755,100.0,,,,,,
jegbxrof,n16_bsz128_lr1e-5,crashed,2026-06-08T16:16:21Z,False,False,16,,128,2048,1e-05,1e-05,0.001,53,0.628755364806867,1300.0,225.0,204.16666666666663,350.0,335.6410256410257,725.0,717.75
i6tgf7gf,n64_bsz128_lr1e-5,crashed,2026-06-08T16:18:54Z,False,False,64,,128,8192,1e-05,1e-05,0.001,31,0.6051502145922747,750.0,150.0,129.54545454545453,250.0,249.0909090909093,675.0,670.1999999999999
8d93sp1c,n2_bsz128_lr1e-5,crashed,2026-06-08T16:44:30Z,False,False,2,,128,256,1e-05,1e-05,0.001,84,0.4324034334763948,2075.0,,,,,,
houyowq7,n4_bsz128_lr1e-5,crashed,2026-06-08T17:46:16Z,False,False,4,,128,512,1e-05,1e-05,0.001,33,0.463519313304721,800.0,,,,,,
delyjjz8,n8_bsz128_lr1e-5_seed123,crashed,2026-06-08T19:47:41Z,False,False,8,,128,1024,1e-05,1e-05,0.001,49,0.5225321888412017,1200.0,300.0,288.82978723404256,,,,
qmkj2t25,n16_bsz256_lr1.6e-5,crashed,2026-06-08T21:06:14Z,False,False,16,,256,4096,1.6e-05,1.6e-05,0.001,21,0.5761802575107297,500.0,125.0,105.1470588235294,150.0,149.50000000000009,,
n1huv1bc,n16_bsz256_lr3.2e-5,crashed,2026-06-08T21:06:58Z,False,False,16,,256,4096,3.2e-05,3.2e-05,0.001,13,0.463519313304721,300.0,,,,,,
76peh4j0,n16_bsz2_lr1e-6,crashed,2026-06-08T21:15:22Z,False,False,16,,2,32,1e-06,1e-06,0.001,111,0.3819742489270386,2750.0,,,,,,
4r2weqkh,n16_bsz2_lr5e-7,crashed,2026-06-08T21:22:15Z,False,False,16,,2,32,5e-07,5e-07,0.001,111,0.2939914163090129,2750.0,,,,,,
mrd43p6o,n16_bsz2_lr2e-6,crashed,2026-06-09T06:02:05Z,False,False,16,,2,32,2e-06,2e-06,0.001,111,0.434549356223176,2750.0,,,,,,
4u8by0yf,downsample_n64_dsk16_bsz128_lr1e-5,crashed,2026-06-09T16:36:39Z,True,False,64,16.0,128,2048,1e-05,1e-05,0.001,17,0.4989270386266094,400.0,,,,,,
edqcafq7,n32_bsz128_lr3e-6,crashed,2026-06-09T17:26:46Z,False,False,32,,128,4096,3e-06,3e-06,0.001,79,0.6716738197424893,1950.0,450.0,433.75,675.0,661.5,1000.0,989.9999999999994
ag5qdrub,n8_bsz128_lr3e-6,crashed,2026-06-09T19:15:50Z,False,False,8,,128,1024,3e-06,3e-06,0.001,1,0.2274678111587982,0.0,,,,,,
vhl7wke7,downsample_n64_dsk4_bsz128_lr1e-5,crashed,2026-06-09T19:36:55Z,True,False,64,4.0,128,512,1e-05,1e-05,0.001,55,0.5214592274678111,1350.0,1125.0,1120.0,,,,
2e29ajqd,n16_bsz2_lr1e-6,crashed,2026-06-09T21:10:18Z,False,False,16,,2,32,1e-06,1e-06,0.001,111,0.4506437768240343,5450.0,,,,,,
17dxk27d,n16_bsz2_lr5e-7,crashed,2026-06-09T21:15:00Z,False,False,16,,2,32,5e-07,5e-07,0.001,111,0.3626609442060086,5450.0,,,,,,
18qr8fr2,n16_bsz2_lr2e-6,crashed,2026-06-09T23:29:32Z,False,False,16,,2,32,2e-06,2e-06,0.001,111,0.4678111587982833,5450.0,,,,,,
38qju69q,n16_bsz2_lr1e-5,crashed,2026-06-10T02:45:42Z,False,False,16,,2,32,1e-05,1e-05,0.001,111,0.2982832618025751,2750.0,,,,,,
85pb2fy4,n16_bsz4_lr3e-6,crashed,2026-06-10T10:34:15Z,False,False,16,,4,64,3e-06,3e-06,0.001,111,0.4592274678111588,2750.0,,,,,,
drk98up8,n16_bsz4_lr1e-5,crashed,2026-06-10T11:07:08Z,False,False,16,,4,64,1e-05,1e-05,0.001,112,0.3594420600858369,2775.0,,,,,,
fpp7audc,n8_bsz128_lr3e-6,crashed,2026-06-10T13:55:38Z,False,False,8,,128,1024,3e-06,3e-06,0.001,84,0.6201716738197425,2075.0,475.0,470.6730769230769,900.0,887.8571428571431,1425.0,1421.8181818181818
3at28rhx,downsample_n64_dsk1_bsz128_lr1e-5,crashed,2026-06-10T19:20:02Z,True,False,64,1.0,128,128,1e-05,1e-05,0.001,55,0.398068669527897,1350.0,,,,,,
hkkc5y7i,downsample_n64_dsk4_bsz128_lr3e-6,crashed,2026-06-10T19:27:20Z,True,False,64,4.0,128,512,3e-06,3e-06,0.001,46,0.351931330472103,1125.0,,,,,,
82xqjz6z,n16_bsz2_lr3e-6,crashed,2026-06-11T23:39:58Z,False,False,16,,2,32,3e-06,3e-06,0.001,119,0.434549356223176,2950.0,,,,,,
e8afakqt,n16_bsz2_lr1e-6,crashed,2026-06-12T02:01:00Z,False,False,16,,2,32,1e-06,1e-06,0.001,120,0.4914163090128755,8375.0,,,,,,
zk41hlkd,n16_bsz8_lr3e-6,crashed,2026-06-12T04:43:09Z,False,False,16,,8,128,3e-06,3e-06,0.001,132,0.5225321888412017,3275.0,2300.0,2293.75,,,,
34uu27tm,n2_bsz128_lr3e-6,crashed,2026-06-12T05:25:44Z,False,False,2,,128,256,3e-06,3e-06,0.001,84,0.5139484978540773,2075.0,1525.0,1517.0,,,,
dppoqguc,n4_bsz128_lr3e-6,crashed,2026-06-12T05:46:57Z,False,False,4,,128,512,3e-06,3e-06,0.001,84,0.5611587982832618,2075.0,775.0,771.4285714285716,1525.0,1508.0000000000002,,
02v9iqzv,n16_bsz2_lr3e-6,crashed,2026-06-12T15:40:08Z,False,False,16,,2,32,3e-06,3e-06,0.001,120,0.4377682403433476,5875.0,,,,,,
rivnk8mt,downsample_n64_dsk4_bsz128_lr3e-5,crashed,2026-06-12T17:26:49Z,True,False,64,4.0,128,512,3e-05,3e-05,0.001,50,0.4796137339055794,1225.0,,,,,,
gv2o9kqj,n16_bsz16_lr6e-6,crashed,2026-06-12T19:17:02Z,False,False,16,,16,256,6e-06,6e-06,0.001,126,0.4967811158798283,3125.0,,,,,,
hta5tmzf,n16_bsz16_lr3e-6,crashed,2026-06-12T19:17:27Z,False,False,16,,16,256,3e-06,3e-06,0.001,165,0.5708154506437768,4100.0,1200.0,1191.6666666666667,2275.0,2270.75,,
5r5ntwc4,n16_bsz128_lr3e-6,crashed,2026-06-12T19:36:45Z,False,False,16,,128,2048,3e-06,3e-06,0.001,84,0.6587982832618026,2075.0,425.0,421.6666666666666,650.0,637.8571428571431,1200.0,1189.2
debz5sta,n16_bsz32_lr6e-6,crashed,2026-06-12T19:38:06Z,False,False,16,,32,512,6e-06,6e-06,0.001,120,0.5128755364806867,2975.0,600.0,587.4999999999999,,,,
z9nou13i,n16_bsz64_lr6e-6,crashed,2026-06-13T04:30:24Z,False,False,16,,64,1024,6e-06,6e-06,0.001,62,0.5611587982832618,1525.0,450.0,439.3939393939394,775.0,760.3125000000001,,
5ni18phx,n64_bsz128_lr3e-6,crashed,2026-06-13T19:21:09Z,False,False,64,,128,8192,3e-06,3e-06,0.001,24,0.528969957081545,575.0,500.0,490.625,,,,
x0y2oqxg,n16_bsz64_lr1e-5,crashed,2026-06-14T13:09:21Z,False,False,16,,64,1024,1e-05,1e-05,0.001,45,0.4699570815450644,1100.0,,,,,,
uwrmfwi0,n1_bsz128_lr3e-6,crashed,2026-06-15T02:09:39Z,False,False,1,,128,128,3e-06,3e-06,0.001,41,0.3948497854077253,1200.0,,,,,,
ffwq2tz3,downsample_n64_dsk1_bsz128_lr3e-6,crashed,2026-06-21T17:57:35Z,True,False,64,1.0,128,128,3e-06,3e-06,0.001,26,0.2746781115879828,625.0,,,,,,
zvtlnh3w,downsample_n64_dsk1_bsz128_lr3e-5,crashed,2026-06-21T17:57:35Z,True,False,64,1.0,128,128,3e-05,3e-05,0.001,34,0.4141630901287553,825.0,,,,,,
xlx0ttme,downsample_n64_dsk16_bsz128_lr3e-6,crashed,2026-06-21T18:09:02Z,True,False,64,16.0,128,2048,3e-06,3e-06,0.001,22,0.4034334763948498,525.0,,,,,,
ng1vbyy5,downsample_n64_dsk16_bsz128_lr3e-5,crashed,2026-06-21T20:59:35Z,True,False,64,16.0,128,2048,3e-05,3e-05,0.001,53,0.5633047210300429,1300.0,375.0,360.0,700.0,687.6,,
prsr6kei,downsample_n64_dsk1_bsz128_lr1e-4,crashed,2026-06-22T22:55:18Z,True,False,64,1.0,128,128,0.0001,0.0001,0.001,10,0.2886266094420601,225.0,,,,,,
jkwz0b05,downsample_n64_dsk16_bsz128_lr1e-4,crashed,2026-06-22T23:13:42Z,True,False,64,16.0,128,2048,0.0001,0.0001,0.001,6,0.3165236051502146,125.0,,,,,,
2ydkz37m,n1_bsz128_lr3e-6_seed1,crashed,2026-06-24T15:58:14Z,False,False,1,,128,128,3e-06,3e-06,0.001,84,0.4313304721030043,2075.0,,,,,,
462a0ny1,n1_bsz128_lr3e-6_seed2,crashed,2026-06-24T15:58:14Z,False,False,1,,128,128,3e-06,3e-06,0.001,84,0.4431330472103004,2075.0,,,,,,
c11ossix,downsample_n64_dsk1_bsz128_lr1e-5_seed1,crashed,2026-06-24T20:59:41Z,True,False,64,1.0,128,128,1e-05,1e-05,0.001,55,0.4238197424892704,1350.0,,,,,,
7ai60pns,downsample_n64_dsk1_bsz128_lr1e-5_seed2,crashed,2026-06-24T21:09:26Z,True,False,64,1.0,128,128,1e-05,1e-05,0.001,56,0.4012875536480687,1375.0,,,,,,
u70vsrac,n16_bsz8_lr4e-6,crashed,2026-07-01T13:03:12Z,False,False,16,,8,128,4e-06,4e-06,0.001,130,0.5032188841201717,3225.0,2300.0,2295.3125,,,,
007jssex,n16_bsz8_lr8e-6,crashed,2026-07-01T13:04:05Z,False,False,16,,8,128,8e-06,8e-06,0.001,127,0.4163090128755364,3150.0,,,,,,
uzvp1hlp,n16_bsz16_lr1.6e-5,crashed,2026-07-02T10:10:06Z,False,False,16,,16,256,1.6e-05,1.6e-05,0.001,110,0.351931330472103,2725.0,,,,,,
dtr2q3ku,n16_bsz32_lr3.2e-5,crashed,2026-07-02T11:31:59Z,False,False,16,,32,512,3.2e-05,3.2e-05,0.001,71,0.2811158798283262,1750.0,,,,,,
xyl60qwa,downsample_n64_dsk1_bsz128_lr1e-5_resume,crashed,2026-07-02T16:57:16Z,True,False,64,1.0,128,128,1e-05,1e-05,0.001,53,0.4742489270386266,2600.0,,,,,,
dba0lt7l,downsample_n64_dsk4_bsz128_lr1e-5_resume,crashed,2026-07-02T18:26:06Z,True,False,64,4.0,128,512,1e-05,1e-05,0.001,22,0.5321888412017167,1825.0,1300.0,1300.0,,,,
zhks26oj,n16_bsz64_lr6.4e-5,crashed,2026-07-03T11:12:52Z,False,False,16,,64,1024,6.4e-05,6.4e-05,0.001,37,0.2414163090128755,900.0,,,,,,
hmj6ehbs,downsample_n64_dsk16_bsz128_lr1e-5_resume,crashed,2026-07-05T17:31:22Z,True,False,64,16.0,128,2048,1e-05,1e-05,0.001,24,0.5579399141630901,975.0,425.0,410.0,600.0,591.9565217391305,,
uch99eeq,downsample_n64_dsk1_bsz128_lr1e-5_seed1_resume,finished,2026-07-07T02:50:18Z,True,False,64,1.0,128,128,1e-05,1e-05,0.001,0,,,,,,,,
7wqjo3m3,downsample_n64_dsk2_bsz128_lr1e-5,crashed,2026-07-07T02:55:14Z,True,False,64,2.0,128,256,1e-05,1e-05,0.001,3,0.2478540772532189,50.0,,,,,,
cewg8og6,downsample_n64_dsk2_bsz128_lr1e-5,crashed,2026-07-07T05:51:06Z,True,False,64,2.0,128,256,1e-05,1e-05,0.001,56,0.4678111587982833,1375.0,,,,,,
qfsyrdyz,downsample_n64_dsk2_bsz128_lr3e-5,crashed,2026-07-07T05:51:27Z,True,False,64,2.0,128,256,3e-05,3e-05,0.001,45,0.4259656652360515,1100.0,,,,,,
vt0xrlg6,n2_bsz128_lr1e-6,crashed,2026-08-05T19:07:12Z,False,False,2,,128,256,1e-06,1e-06,0.001,84,0.4484978540772532,2075.0,,,,,,
qq2j13qw,n16_bsz4_lr5e-7,crashed,2026-08-05T21:29:40Z,False,False,16,,4,64,5e-07,5e-07,0.001,151,0.351931330472103,3750.0,,,,,,
war0rd3e,n16_bsz8_lr1.6e-5,crashed,2026-08-05T21:29:40Z,False,False,16,,8,128,1.6e-05,1.6e-05,0.001,105,0.315450643776824,2600.0,,,,,,
a1ug783k,n16_bsz32_lr3e-6,crashed,2026-08-05T21:37:06Z,False,False,16,,32,512,3e-06,3e-06,0.001,137,0.6030042918454935,3400.0,775.0,772.2222222222222,1425.0,1412.7777777777778,2550.0,2545.333333333333
26v37rrd,n16_bsz32_lr4e-6,crashed,2026-08-05T21:47:41Z,False,False,16,,32,512,4e-06,4e-06,0.001,140,0.5976394849785408,3475.0,700.0,689.2857142857142,1225.0,1215.0000000000016,,
vl0yrj4b,n4_bsz128_lr1e-6,crashed,2026-08-06T05:08:04Z,False,False,4,,128,512,1e-06,1e-06,0.001,82,0.4935622317596566,2025.0,,,,,,
ayrlvpqg,n16_bsz32_lr1.2e-5,crashed,2026-08-06T11:09:10Z,False,False,16,,32,512,1.2e-05,1.2e-05,0.001,118,0.4452789699570815,2925.0,,,,,,
36eloqng,n16_bsz128_lr1e-6,crashed,2026-08-06T13:09:48Z,False,False,16,,128,2048,1e-06,1e-06,0.001,31,0.4334763948497854,750.0,,,,,,
uzpnmlip,n16_bsz32_lr1.6e-5,crashed,2026-08-06T14:19:34Z,False,False,16,,32,512,1.6e-05,1.6e-05,0.001,24,0.4012875536480687,575.0,,,,,,
seiwkccv,n64_bsz128_lr3e-5,crashed,2026-08-06T16:11:26Z,False,False,64,,128,8192,3e-05,3e-05,0.001,6,0.4560085836909871,125.0,,,,,,
p71v78z8,n16_bsz64_lr3e-6,crashed,2026-08-06T20:03:28Z,False,False,16,,64,1024,3e-06,3e-06,0.001,79,0.5740343347639485,1950.0,600.0,597.9166666666667,975.0,958.1818181818184,,
ao3zp0ic,n16_bsz64_lr4e-6,crashed,2026-08-06T22:41:36Z,False,False,16,,64,1024,4e-06,4e-06,0.001,92,0.6126609442060086,2275.0,475.0,462.5,875.0,858.0000000000001,1450.0,1431.111111111111
2e1wta20,n16_bsz256_lr1e-5,crashed,2026-08-06T22:45:13Z,False,False,16,,256,4096,1e-05,1e-05,0.001,32,0.6587982832618026,775.0,125.0,114.0625,175.0,170.50000000000003,375.0,363.14814814814815
4pgkhpzd,n16_bsz256_lr1.2e-5,crashed,2026-08-07T12:14:32Z,False,False,16,,256,4096,1.2e-05,1.2e-05,0.001,21,0.5793991416309013,500.0,125.0,105.0,200.0,184.1666666666667,,
ky56flgr,n16_bsz4_lr3e-7,crashed,2026-08-07T21:03:30Z,False,False,16,,4,64,3e-07,3e-07,0.001,141,0.2886266094420601,3500.0,,,,,,
1m0pe3on,n16_bsz4_lr5e-7,crashed,2026-08-07T23:42:21Z,False,False,16,,4,64,5e-07,5e-07,0.001,142,0.4570815450643777,7225.0,,,,,,
vhzc07wv,n16_bsz8_lr1.2e-5,crashed,2026-08-07T23:45:51Z,False,False,16,,8,128,1.2e-05,1.2e-05,0.001,169,0.3530042918454936,4200.0,,,,,,
8pdbb4eh,n16_bsz32_lr1.2e-5_kl0,crashed,2026-08-17T16:10:39Z,False,False,16,,32,512,1.2e-05,1.2e-05,0.0,77,0.4259656652360515,1900.0,,,,,,
aap4z31b,n16_bsz8_lr8e-6_kl0,crashed,2026-08-17T16:10:39Z,False,False,16,,8,128,8e-06,8e-06,0.0,178,0.4130901287553648,4425.0,,,,,,
eb9525ug,n16_bsz8_lr4e-6_kl0,crashed,2026-08-17T16:10:39Z,False,False,16,,8,128,4e-06,4e-06,0.0,153,0.4667381974248927,3800.0,,,,,,
x4bsg7bx,n16_bsz64_lr1.6e-5_kl0,crashed,2026-08-17T16:11:14Z,False,False,16,,64,1024,1.6e-05,1.6e-05,0.0,52,0.4517167381974249,1275.0,,,,,,
d46a7r3j,n16_bsz256_lr3e-6,crashed,2026-08-17T20:03:35Z,False,False,16,,256,4096,3e-06,3e-06,0.001,27,0.5654506437768241,650.0,350.0,341.6666666666667,550.0,534.2857142857144,,
vz7r36n8,n16_bsz16_lr1e-6,crashed,2026-08-17T20:10:06Z,False,False,16,,16,256,1e-06,1e-06,0.001,156,0.5246781115879828,3875.0,2850.0,2848.684210526316,,,,
pw119z54,n16_bsz32_lr1e-6,crashed,2026-08-17T20:10:44Z,False,False,16,,32,512,1e-06,1e-06,0.001,116,0.5278969957081545,2875.0,2125.0,2122.0,,,,
1ioap1kz,n16_bsz512_lr1e-5_kl1e-3,crashed,2026-08-28T21:12:13Z,False,False,16,,512,8192,1e-05,1e-05,0.001,16,0.6319742489270386,375.0,100.0,87.5,175.0,153.33333333333337,250.0,247.6315789473684
39ek9wob,n16_bsz512_lr3e-4_kl1e-3,crashed,2026-08-28T21:12:13Z,False,False,16,,512,8192,0.0003,0.0003,0.001,6,0.2414163090128755,125.0,,,,,,
ogeuq407,n16_bsz512_lr1e-4_kl1e-3,crashed,2026-08-28T21:12:13Z,False,False,16,,512,8192,0.0001,0.0001,0.001,7,0.2414163090128755,150.0,,,,,,
kh4my4in,downsample_n64_dsk2_bsz128_lr1e-5,crashed,2026-08-28T21:15:32Z,True,False,64,2.0,128,256,1e-05,1e-05,0.001,41,0.4291845493562232,1000.0,,,,,,
ijaxyto7,downsample_n64_dsk2_bsz128_lr3e-5,crashed,2026-08-29T01:14:21Z,True,False,64,2.0,128,256,3e-05,3e-05,0.001,39,0.4710300429184549,950.0,,,,,,
xm4c3k63,downsample_n64_dsk2_bsz128_lr3e-6,crashed,2026-08-29T12:05:13Z,True,False,64,2.0,128,256,3e-06,3e-06,0.001,44,0.296137339055794,1075.0,,,,,,
64jh1zn6,n16_bsz512_lr3e-6_kl1e-3,crashed,2026-08-30T18:34:28Z,False,False,16,,512,8192,3e-06,3e-06,0.001,16,0.528969957081545,375.0,275.0,258.3333333333333,,,,
wlc5s5wa,n16_bsz512_lr5e-5_kl1e-3,crashed,2026-08-30T18:45:43Z,False,False,16,,512,8192,5e-05,5e-05,0.001,8,0.434549356223176,175.0,,,,,,
ygakomrh,downsample_n64_dsk2_bsz128_lr3e-5_resume,crashed,2026-08-31T14:29:06Z,True,False,64,2.0,128,256,3e-05,3e-05,0.001,15,0.4667381974248927,1150.0,,,,,,
2sd8muaq,downsample_n64_dsk2_bsz128_lr1e-5_resume,crashed,2026-08-31T14:29:12Z,True,False,64,2.0,128,256,1e-05,1e-05,0.001,39,0.490343347639485,1750.0,,,,,,
f8an0p34,downsample_n64_dsk2_bsz128_lr1e-4,crashed,2026-08-31T14:37:18Z,True,False,64,2.0,128,256,0.0001,0.0001,0.001,4,0.2832618025751073,75.0,,,,,,
tvxjus28,downsample_n64_dsk16_bsz128_lr1e-4,crashed,2026-09-01T15:19:54Z,True,False,64,16.0,128,2048,0.0001,0.0001,0.001,3,0.3090128755364807,50.0,,,,,,
7l8i57pt,downsample_n64_dsk4_bsz128_lr3e-5,crashed,2026-09-01T15:20:27Z,True,False,64,4.0,128,512,3e-05,3e-05,0.001,18,0.434549356223176,425.0,,,,,,
zbkclgpi,n16_bsz512_lr5e-5_kl1e-2,crashed,2026-09-01T19:50:56Z,False,False,16,,512,8192,5e-05,5e-05,0.01,18,0.5815450643776824,425.0,75.0,66.875,325.0,302.6666666666667,,
zqc27v92,n16_bsz64_lr4e-6_kl1e-3_v2,crashed,2026-09-01T19:51:27Z,False,False,16,,64,1024,4e-06,4e-06,0.001,93,0.6362660944206009,2300.0,475.0,457.8125,775.0,768.0,1575.0,1568.0
wqa03xhe,n16_bsz128_lr1e-5_kl1e-3_v2,crashed,2026-09-01T19:55:20Z,False,False,16,,128,2048,1e-05,1e-05,0.001,39,0.5321888412017167,950.0,200.0,191.07142857142856,,,,
z90ctm4w,n16_bsz8_lr4e-6_kl1e-2,crashed,2026-09-02T16:02:35Z,False,False,16,,8,128,4e-06,4e-06,0.01,148,0.4989270386266094,3675.0,,,,,,
t88kassw,n16_bsz8_lr8e-6_kl1e-2,crashed,2026-09-03T20:47:56Z,False,False,16,,8,128,8e-06,8e-06,0.01,148,0.4163090128755364,3675.0,,,,,,
vvbj6dyh,n16_bsz32_lr1.2e-5_kl1e-2,crashed,2026-09-03T22:23:11Z,False,False,16,,32,512,1.2e-05,1.2e-05,0.01,145,0.5321888412017167,3600.0,2350.0,2346.428571428572,,,,
epyb3zdi,n16_bsz512_lr8e-5_kl1e-3,crashed,2026-09-03T23:37:53Z,False,False,16,,512,8192,8e-05,8e-05,0.001,7,0.3218884120171674,150.0,,,,,,
tjme5d9c,downsample_n32_dsk31_bsz128_lr3e-6,crashed,2026-09-04T19:53:46Z,True,False,32,31.0,128,3968,3e-06,3e-06,0.001,57,0.6266094420600858,1400.0,450.0,450.0,650.0,641.1111111111112,1000.0,990.0
kaoijltl,n16_bsz8_lr2e-6_kl1e-3_v2,crashed,2026-09-04T20:45:43Z,False,False,16,,8,128,2e-06,2e-06,0.001,153,0.5278969957081545,3800.0,2475.0,2462.5,,,,
mlcyu96o,n16_bsz16_lr4e-6_kl1e-3_v2,crashed,2026-09-04T23:55:34Z,False,False,16,,16,256,4e-06,4e-06,0.001,164,0.4946351931330472,4075.0,,,,,,
pixg1eys,n16_bsz32_lr6e-6_kl1e-3_v2,crashed,2026-09-05T04:03:05Z,False,False,16,,32,512,6e-06,6e-06,0.001,104,0.5429184549356223,2575.0,550.0,548.6842105263158,,,,
h5bcfc3f,n16_bsz64_lr6e-6_kl1e-3_v2,crashed,2026-09-05T07:11:39Z,False,False,16,,64,1024,6e-06,6e-06,0.001,85,0.5665236051502146,2100.0,325.0,309.2105263157894,600.0,599.3750000000001,,
9zgsmhj9,n16_bsz256_lr2e-5_kl1e-3_v2,crashed,2026-09-05T13:02:37Z,False,False,16,,256,4096,2e-05,2e-05,0.001,19,0.5332618025751072,450.0,100.0,84.78260869565217,,,,
hq7gsvhc,n16_bsz512_lr1e-5_kl1e-3_v2,crashed,2026-09-06T00:55:36Z,False,False,16,,512,8192,1e-05,1e-05,0.001,16,0.619098712446352,375.0,100.0,88.33333333333334,125.0,120.89743589743594,275.0,254.77272727272725
dvhs7mu3,n16_bsz8_lr2e-6_kl1e-2,crashed,2026-09-06T21:03:26Z,False,False,16,,8,128,2e-06,2e-06,0.01,148,0.5118025751072961,3675.0,3250.0,3245.0,,,,
spc06zkf,n16_bsz16_lr4e-6_kl1e-2,crashed,2026-09-06T21:03:26Z,False,False,16,,16,256,4e-06,4e-06,0.01,183,0.5879828326180258,4550.0,1350.0,1349.1935483870968,3350.0,3327.5,,
p2b8pajj,n16_bsz32_lr6e-6_kl1e-2,crashed,2026-09-06T21:03:29Z,False,False,16,,32,512,6e-06,6e-06,0.01,147,0.5783261802575107,3650.0,725.0,715.625,1575.0,1570.000000000001,,
57q9qd1w,downsample_n64_dsk1_bsz128_lr3e-5_kl1e-2,crashed,2026-09-07T00:51:52Z,True,False,64,1.0,128,128,3e-05,3e-05,0.01,43,0.4527896995708154,1050.0,,,,,,
b1o0ovev,downsample_n64_dsk4_bsz128_lr3e-5_kl1e-2,crashed,2026-09-07T01:16:12Z,True,False,64,4.0,128,512,3e-05,3e-05,0.01,42,0.5311158798283262,1025.0,750.0,737.5,,,,
038pup6e,downsample_n64_dsk16_bsz128_lr3e-5_kl1e-2,crashed,2026-09-07T01:50:59Z,True,False,64,16.0,128,2048,3e-05,3e-05,0.01,42,0.6072961373390557,1025.0,250.0,250.0,525.0,523.0000000000003,950.0,942.608695652174
spvvj03k,n16_bsz256_lr1e-5_kl1e-2,crashed,2026-09-10T00:47:51Z,False,False,16,,256,4096,1e-05,1e-05,0.01,34,0.6427038626609443,825.0,150.0,129.7297297297297,250.0,233.2692307692308,475.0,460.0
faokkunu,n16_bsz64_lr6e-6_kl1e-2,crashed,2026-09-10T01:11:35Z,False,False,16,,64,1024,6e-06,6e-06,0.01,92,0.5815450643776824,2275.0,475.0,475.0,775.0,763.7500000000001,,
hwylrsnx,downsample_n64_dsk16_bsz128_lr3e-5_kl1e-3_updated_scaling,crashed,2026-09-11T15:58:51Z,True,True,64,16.0,128,2048,3e-05,3e-05,0.001,27,0.3873390557939914,650.0,,,,,,
99ppw7gn,downsample_n64_dsk16_bsz128_lr3e-5_kl1e-2_updated_scaling,crashed,2026-09-11T16:01:08Z,True,True,64,16.0,128,2048,3e-05,3e-05,0.01,41,0.4506437768240343,1000.0,,,,,,
r7k75ag1,n16_bsz1024_lr5e-4_kl1e-3_updated_scaling,crashed,2026-09-11T16:10:37Z,False,True,16,,1024,16384,0.0005,0.0005,0.001,1,0.2414163090128755,0.0,,,,,,
iaix95kx,n16_bsz1024_lr1e-4_kl1e-3_updated_scaling,crashed,2026-09-11T16:11:04Z,False,True,16,,1024,16384,0.0001,0.0001,0.001,1,0.2414163090128755,0.0,,,,,,
o07erf5g,n16_bsz1024_lr5e-5_kl1e-3_updated_scaling,crashed,2026-09-11T17:25:08Z,False,True,16,,1024,16384,5e-05,5e-05,0.001,1,0.2414163090128755,0.0,,,,,,
e1q9crg2,n16_bsz128_lr1e-5_kl1e-3_updated_scaling,crashed,2026-09-11T18:39:59Z,False,True,16,,128,2048,1e-05,1e-05,0.001,52,0.5568669527896996,1275.0,250.0,230.3571428571429,400.0,396.8181818181818,,
8rxi7pj5,downsample_n64_dsk16_bsz128_lr1e-5_kl1e-3_updated_scaling,crashed,2026-09-11T18:40:14Z,True,True,64,16.0,128,2048,1e-05,1e-05,0.001,39,0.575107296137339,950.0,200.0,192.5,450.0,444.4827586206897,,
twn5o3vh,downsample_n64_dsk2_bsz128_lr1e-5_kl1e-3_updated_scaling,crashed,2026-09-13T22:58:15Z,True,True,64,2.0,128,256,1e-05,1e-05,0.001,26,0.4291845493562232,625.0,,,,,,
sn8fjld4,downsample_n64_dsk4_bsz128_lr1e-5_kl1e-3_updated_scaling,crashed,2026-09-13T22:58:55Z,True,True,64,4.0,128,512,1e-05,1e-05,0.001,38,0.5032188841201717,925.0,750.0,750.0,,,,
4cpap54r,downsample_n64_dsk8_bsz128_lr1e-5_kl1e-3_updated_scaling,crashed,2026-09-14T08:26:57Z,True,True,64,8.0,128,1024,1e-05,1e-05,0.001,26,0.4914163090128755,625.0,,,,,,
ecxgpeul,n16_bsz1024_lr5e-5_kl1e-2_updated_scaling,crashed,2026-09-16T01:10:34Z,False,True,16,,1024,16384,5e-05,5e-05,0.01,5,0.5493562231759657,100.0,50.0,48.95833333333336,,,,
65obocny,n16_bsz1024_lr5e-5_kl1e-3_updated_scaling,crashed,2026-09-16T01:10:49Z,False,True,16,,1024,16384,5e-05,5e-05,0.001,6,0.4892703862660944,125.0,,,,,,
y82q06x7,n16_bsz1024_lr1e-4_kl1e-2_updated_scaling,crashed,2026-09-16T01:10:53Z,False,True,16,,1024,16384,0.0001,0.0001,0.01,7,0.4699570815450644,150.0,,,,,,
zxbilum9,n16_bsz1024_lr2e-5_kl1e-3_updated_scaling,crashed,2026-09-16T01:10:53Z,False,True,16,,1024,16384,2e-05,2e-05,0.001,4,0.5611587982832618,75.0,50.0,26.250000000000004,50.0,45.6666666666667,,
00l4ed3j,n16_bsz512_lr1e-5_kl1e-3_updated_scaling,crashed,2026-09-16T13:03:02Z,False,True,16,,512,8192,1e-05,1e-05,0.001,6,0.5579399141630901,125.0,100.0,77.49999999999999,125.0,114.72222222222231,,
molfti6k,n16_bsz512_lr2e-5_kl1e-3_updated_scaling,crashed,2026-09-16T13:03:09Z,False,True,16,,512,8192,2e-05,2e-05,0.001,3,0.5042918454935622,50.0,50.0,48.43750000000001,,,,
fcf7z75x,n16_bsz512_lr1e-5_kl1e-2_updated_scaling,crashed,2026-09-16T17:39:33Z,False,True,16,,512,8192,1e-05,1e-05,0.01,15,0.6319742489270386,350.0,75.0,70.73170731707317,150.0,143.4615384615386,275.0,265.49999999999983
uvo8wg2s,n16_bsz512_lr2e-5_kl1e-2_updated_scaling,crashed,2026-09-16T18:57:01Z,False,True,16,,512,8192,2e-05,2e-05,0.01,15,0.6266094420600858,350.0,75.0,56.060606060606055,175.0,154.1071428571429,225.0,215.9375
2xx2erxi,n16_bsz1024_lr1e-5_kl1e-3_updated_scaling,crashed,2026-09-16T18:58:52Z,False,True,16,,1024,16384,1e-05,1e-05,0.001,18,0.6266094420600858,170.0,60.0,52.0,80.0,79.125,140.0,136.0
q44d4fds,n16_bsz1024_lr3e-5_kl1e-3_updated_scaling,crashed,2026-09-16T21:27:40Z,False,True,16,,1024,16384,3e-05,3e-05,0.001,10,0.5160944206008584,90.0,40.0,31.666666666666668,,,,
s7pl70zw,n16_bsz1024_lr2e-5_kl1e-2_updated_scaling,crashed,2026-09-17T14:06:19Z,False,True,16,,1024,16384,2e-05,2e-05,0.01,5,0.509656652360515,40.0,40.0,33.57142857142856,,,,
2rk2n06n,n16_bsz128_lr1e-5_kl1e-2_updated_scaling,crashed,2026-09-17T14:34:50Z,False,True,16,,128,2048,1e-05,1e-05,0.01,11,0.5214592274678111,250.0,175.0,171.875,,,,
dhoy995w,n16_bsz128_lr2e-5_kl1e-2_updated_scaling,crashed,2026-09-17T14:35:17Z,False,True,16,,128,2048,2e-05,2e-05,0.01,26,0.5171673819742489,625.0,350.0,350.0,,,,
fui4pm0m,n16_bsz256_lr2e-5_kl1e-2_updated_scaling,crashed,2026-09-17T15:14:05Z,False,True,16,,256,4096,2e-05,2e-05,0.01,6,0.5182403433476395,125.0,125.0,105.6818181818182,,,,
6k5prjwm,n16_bsz512_lr5e-6_kl1e-2_updated_scaling,crashed,2026-09-17T15:16:41Z,False,True,16,,512,8192,5e-06,5e-06,0.01,8,0.528969957081545,175.0,150.0,132.81250000000003,,,,
5n4oaopg,n16_bsz64_lr1e-5_kl1e-2_updated_scaling,crashed,2026-09-17T15:19:10Z,False,True,16,,64,1024,1e-05,1e-05,0.01,40,0.5622317596566524,975.0,425.0,421.87500000000006,900.0,878.0769230769231,,
2zd05hgn,n16_bsz256_lr5e-6_kl1e-2_updated_scaling,crashed,2026-09-17T17:20:14Z,False,True,16,,256,4096,5e-06,5e-06,0.01,12,0.526824034334764,275.0,225.0,209.0909090909091,,,,
vmuhjsdb,n16_bsz1024_lr3e-5_kl1e-2_updated_scaling,crashed,2026-09-17T19:11:04Z,False,True,16,,1024,16384,3e-05,3e-05,0.01,1,0.2414163090128755,0.0,,,,,,
tdgacsg0,n16_bsz2048_lr2e-5_kl1e-2_updated_scaling,crashed,2026-09-17T20:07:49Z,False,True,16,,2048,32768,2e-05,2e-05,0.01,14,0.6040772532188842,65.0,30.0,26.41304347826087,40.0,38.66666666666669,65.0,64.23999999999998
5jq2o3g9,n16_bsz2048_lr1e-5_kl1e-3_updated_scaling,crashed,2026-09-18T01:53:55Z,False,True,16,,2048,32768,1e-05,1e-05,0.001,9,0.5246781115879828,40.0,35.0,34.70588235294119,,,,
3o3ymcvs,n16_bsz2048_lr2e-5_kl1e-3_updated_scaling,crashed,2026-09-18T01:57:11Z,False,True,16,,2048,32768,2e-05,2e-05,0.001,9,0.5590128755364807,40.0,25.0,22.4,35.0,34.07692307692309,,
m11xpgkx,n16_bsz1024_lr3e-5_kl1e-2_updated_scaling,crashed,2026-09-18T01:58:32Z,False,True,16,,1024,16384,3e-05,3e-05,0.01,10,0.5804721030042919,90.0,30.0,25.405405405405407,50.0,44.000000000000014,,
mbs1fgvy,downsample_n64_dsk1_bsz128_lr1e-5_updated_scaling,crashed,2026-09-18T05:19:25Z,True,True,64,1.0,128,128,1e-05,1e-05,0.001,17,0.3755364806866952,400.0,,,,,,
txljdxmv,n16_bsz2048_lr5e-5_kl1e-2_updated_scaling,crashed,2026-09-18T13:16:56Z,False,True,16,,2048,32768,5e-05,5e-05,0.01,5,0.5010729613733905,20.0,20.0,19.687500000000007,,,,
6od6xwj8,n16_bsz2048_lr3e-5_kl1e-2_updated_scaling,crashed,2026-09-18T13:17:05Z,False,True,16,,2048,32768,3e-05,3e-05,0.01,6,0.5354077253218884,25.0,25.0,21.33333333333333,,,,
8ltojkc7,n16_bsz2048_lr3e-5_kl1e-3_updated_scaling,crashed,2026-09-18T13:26:04Z,False,True,16,,2048,32768,3e-05,3e-05,0.001,4,0.5128755364806867,15.0,15.0,14.104477611940297,,,,
2onvvgcq,n16_bsz2048_lr1e-5_kl1e-2_updated_scaling,crashed,2026-09-18T14:04:49Z,False,True,16,,2048,32768,1e-05,1e-05,0.01,5,0.4291845493562232,20.0,,,,,,
okykks41,downsample_n64_dsk2_bsz128_lr1e-5_updated_scaling,crashed,2026-09-18T15:40:25Z,True,True,64,2.0,128,256,1e-05,1e-05,0.001,1,0.2414163090128755,0.0,,,,,,
ew5inav7,downsample_n64_dsk4_bsz128_lr1e-5_updated_scaling,crashed,2026-09-18T15:41:20Z,True,True,64,4.0,128,512,1e-05,1e-05,0.001,1,0.2414163090128755,0.0,,,,,,
otv4fd4l,downsample_n64_dsk2_bsz128_lr3e-6_updated_scaling,crashed,2026-09-18T16:13:14Z,True,True,64,2.0,128,256,3e-06,3e-06,0.001,6,0.278969957081545,125.0,,,,,,
oknm7pc6,downsample_n64_dsk1_bsz128_lr3e-6_updated_scaling,crashed,2026-09-18T16:14:08Z,True,True,64,1.0,128,128,3e-06,3e-06,0.001,6,0.2757510729613734,125.0,,,,,,
21w7ju28,n16_bsz4096_lr5e-5_kl0.001_updated_scaling,crashed,2026-09-18T19:14:24Z,False,True,16,,4096,65536,5e-05,5e-05,0.001,50,0.6137339055793991,49.0,9.0,8.923076923076922,19.0,18.40000000000001,36.0,35.55862068965517
63f5u9oc,n16_bsz4096_lr3e-5_kl0.001_updated_scaling,crashed,2026-09-18T19:14:31Z,False,True,16,,4096,65536,3e-05,3e-05,0.001,46,0.5890557939914163,45.0,12.0,11.666666666666666,22.0,21.33043478260869,,
qsefs92p,n16_bsz4096_lr5e-5_kl0.01_updated_scaling,finished,2026-09-18T20:26:08Z,False,True,16,,4096,65536,5e-05,5e-05,0.01,15,0.5257510729613734,14.0,11.0,10.749999999999998,,,,
fgwblkvc,n16_bsz4096_lr1e-4_kl0.01_updated_scaling,finished,2026-09-18T20:26:18Z,False,True,16,,4096,65536,0.0001,0.0001,0.01,31,0.5311158798283262,30.0,29.0,28.32,,,,
ywzjlk9m,downsample_n64_dsk2_bsz128_lr1e-5_updated_scaling_resume,crashed,2026-09-18T22:18:43Z,True,True,64,2.0,128,256,1e-05,1e-05,0.001,2,0.407725321888412,625.0,,,,,,
hbm01qj9,downsample_n64_dsk4_bsz128_lr1e-5_updated_scaling_resume,crashed,2026-09-18T22:19:45Z,True,True,64,4.0,128,512,1e-05,1e-05,0.001,3,0.4935622317596566,950.0,,,,,,
14aa96i5,n32_bsz128_lr1e-5_kl0.001_updated_scaling,crashed,2026-09-19T01:06:02Z,False,True,32,,128,4096,1e-05,1e-05,0.001,9,0.5171673819742489,200.0,125.0,125.0,,,,
gpbwt88o,n32_bsz128_lr2e-5_kl0.001_updated_scaling,crashed,2026-09-19T01:06:15Z,False,True,32,,128,4096,2e-05,2e-05,0.001,13,0.5160944206008584,300.0,275.0,261.60714285714283,,,,
pg16wya8,n32_bsz128_lr5e-6_kl0.001_updated_scaling,crashed,2026-09-19T01:08:39Z,False,True,32,,128,4096,5e-06,5e-06,0.001,9,0.5118025751072961,200.0,175.0,156.66666666666666,,,,
s599ju89,n16_bsz2048_lr5e-5_kl0.001_updated_scaling,finished,2026-09-19T03:49:23Z,False,True,16,,2048,32768,5e-05,5e-05,0.001,5,0.5225321888412017,20.0,20.0,17.500000000000004,,,,
m489wari,downsample_n64_dsk2_bsz128_lr1e-5_kl0.001_updated_scaling,crashed,2026-09-19T04:01:45Z,True,True,64,2.0,128,256,1e-05,1e-05,0.001,9,0.3948497854077253,200.0,,,,,,
z4zy57un,downsample_n64_dsk8_bsz128_lr1e-5_kl0.001_updated_scaling,crashed,2026-09-19T04:22:31Z,True,True,64,8.0,128,1024,1e-05,1e-05,0.001,8,0.4645922746781116,175.0,,,,,,
91g5hu14,downsample_n64_dsk1_bsz128_lr3e-6_kl0.001_updated_scaling,crashed,2026-09-19T04:29:10Z,True,True,64,1.0,128,128,3e-06,3e-06,0.001,9,0.2832618025751073,200.0,,,,,,
lxoiy25l,downsample_n64_dsk4_bsz128_lr3e-6_kl0.001_updated_scaling,crashed,2026-09-19T04:30:11Z,True,True,64,4.0,128,512,3e-06,3e-06,0.001,9,0.3401287553648068,200.0,,,,,,
899xfy54,downsample_n64_dsk16_bsz128_lr3e-6_kl0.001_updated_scaling,crashed,2026-09-19T05:05:47Z,True,True,64,16.0,128,2048,3e-06,3e-06,0.001,1,0.2414163090128755,0.0,,,,,,
ket5dnxq,downsample_n64_dsk16_bsz128_lr3e-6_kl0.001_updated_scaling,crashed,2026-09-19T05:44:54Z,True,True,64,16.0,128,2048,3e-06,3e-06,0.001,1,0.2414163090128755,0.0,,,,,,
jrhggo6y,n64_bsz128_lr1e-5_kl0.001_updated_scaling,crashed,2026-09-19T05:57:04Z,False,True,64,,128,8192,1e-05,1e-05,0.001,5,0.5128755364806867,100.0,100.0,86.95652173913042,,,,
dp7wma01,n64_bsz128_lr2e-5_kl0.001_updated_scaling,crashed,2026-09-19T05:59:33Z,False,True,64,,128,8192,2e-05,2e-05,0.001,11,0.5150214592274678,250.0,125.0,103.125,,,,
tqi0iqqa,downsample_n64_dsk1_bsz128_lr1e-5_kl0.001_updated_scaling,crashed,2026-09-19T06:07:45Z,True,True,64,1.0,128,128,1e-05,1e-05,0.001,1,0.2414163090128755,0.0,,,,,,
ppfxjuay,downsample_n64_dsk16_bsz128_lr3e-6_kl0.001_updated_scaling,crashed,2026-09-19T06:14:42Z,True,True,64,16.0,128,2048,3e-06,3e-06,0.001,1,0.2414163090128755,0.0,,,,,,
hfpimf13,downsample_n64_dsk8_bsz128_lr3e-6_kl0.001_updated_scaling,crashed,2026-09-19T06:19:40Z,True,True,64,8.0,128,1024,3e-06,3e-06,0.001,1,0.2414163090128755,0.0,,,,,,
k86ybnia,downsample_n64_dsk2_bsz128_lr3e-6_kl0.001_updated_scaling,crashed,2026-09-19T06:20:00Z,True,True,64,2.0,128,256,3e-06,3e-06,0.001,1,0.2414163090128755,0.0,,,,,,
9gma7d7v,downsample_n64_dsk4_bsz128_lr1e-5_kl0.001_updated_scaling,crashed,2026-09-19T06:40:13Z,True,True,64,4.0,128,512,1e-05,1e-05,0.001,0,,,,,,,,
nq0gk16s,downsample_n64_dsk1_bsz128_lr1e-5_kl0.001_updated_scaling,crashed,2026-09-19T06:45:23Z,True,True,64,1.0,128,128,1e-05,1e-05,0.001,6,0.3733905579399141,125.0,,,,,,
s27vyay6,downsample_n64_dsk16_bsz128_lr1e-5_kl0.001_updated_scaling,crashed,2026-09-19T06:46:49Z,True,True,64,16.0,128,2048,1e-05,1e-05,0.001,4,0.4366952789699571,75.0,,,,,,
p7jrpykd,downsample_n64_dsk16_bsz128_lr3e-6_kl0.001_updated_scaling,crashed,2026-09-19T06:53:17Z,True,True,64,16.0,128,2048,3e-06,3e-06,0.001,4,0.2907725321888412,75.0,,,,,,
gd6oh061,downsample_n64_dsk2_bsz128_lr3e-6_kl0.001_updated_scaling,crashed,2026-09-19T06:55:25Z,True,True,64,2.0,128,256,3e-06,3e-06,0.001,1,0.2414163090128755,0.0,,,,,,
yehr4puw,downsample_n64_dsk4_bsz128_lr1e-5_kl0.001_updated_scaling,crashed,2026-09-19T06:58:17Z,True,True,64,4.0,128,512,1e-05,1e-05,0.001,1,0.2414163090128755,0.0,,,,,,
ebzrd30d,downsample_n64_dsk8_bsz128_lr3e-6_kl0.001_updated_scaling,crashed,2026-09-19T07:02:32Z,True,True,64,8.0,128,1024,3e-06,3e-06,0.001,1,0.2414163090128755,0.0,,,,,,
lpbs99ai,downsample_n64_dsk4_bsz128_lr1e-5_kl0.001_updated_scaling,crashed,2026-09-19T07:25:19Z,True,True,64,4.0,128,512,1e-05,1e-05,0.001,0,,,,,,,,
8zcxbw62,downsample_n64_dsk2_bsz128_lr3e-6_kl0.001_updated_scaling,crashed,2026-09-19T07:25:21Z,True,True,64,2.0,128,256,3e-06,3e-06,0.001,0,,,,,,,,
hk6ilvhb,downsample_n64_dsk8_bsz128_lr3e-6_kl0.001_updated_scaling,crashed,2026-09-19T07:25:41Z,True,True,64,8.0,128,1024,3e-06,3e-06,0.001,0,,,,,,,,
gupmktmn,downsample_n64_dsk2_bsz128_lr3e-6_kl0.001_updated_scaling,crashed,2026-09-19T07:32:47Z,True,True,64,2.0,128,256,3e-06,3e-06,0.001,1,0.2414163090128755,0.0,,,,,,
v0iogomj,downsample_n64_dsk8_bsz128_lr3e-6_kl0.001_updated_scaling,crashed,2026-09-19T07:32:57Z,True,True,64,8.0,128,1024,3e-06,3e-06,0.001,1,0.2414163090128755,0.0,,,,,,
ua71qadj,downsample_n64_dsk4_bsz128_lr1e-5_kl0.001_updated_scaling,crashed,2026-09-19T07:33:32Z,True,True,64,4.0,128,512,1e-05,1e-05,0.001,1,0.2414163090128755,0.0,,,,,,
30cei56y,downsample_n64_dsk8_bsz128_lr3e-6_kl0.001_updated_scaling,crashed,2026-09-19T07:44:29Z,True,True,64,8.0,128,1024,3e-06,3e-06,0.001,5,0.3025751072961373,100.0,,,,,,
qas9yywv,downsample_n64_dsk2_bsz128_lr3e-6_kl0.001_updated_scaling,crashed,2026-09-19T07:44:30Z,True,True,64,2.0,128,256,3e-06,3e-06,0.001,5,0.2607296137339056,100.0,,,,,,
6ay92z8d,downsample_n64_dsk4_bsz128_lr1e-5_kl0.001_updated_scaling,crashed,2026-09-19T07:44:44Z,True,True,64,4.0,128,512,1e-05,1e-05,0.001,1,0.2414163090128755,0.0,,,,,,
nkc4f855,downsample_n64_dsk4_bsz128_lr1e-5_kl0.001_updated_scaling,crashed,2026-09-19T08:55:32Z,True,True,64,4.0,128,512,1e-05,1e-05,0.001,4,0.3873390557939914,75.0,,,,,,
6otcrqz3,n16_bsz2048_lr1e-4_kl0.01_updated_scaling,crashed,2026-09-19T10:42:06Z,False,True,16,,2048,32768,0.0001,0.0001,0.01,9,0.4667381974248927,40.0,,,,,,
x6x7939w,downsample_n64_dsk16_bsz128_lr3e-6_kl0.001_updated_scaling,crashed,2026-09-19T11:15:12Z,True,True,64,16.0,128,2048,3e-06,3e-06,0.001,1,0.2414163090128755,0.0,,,,,,
239z00mn,downsample_n64_dsk16_bsz128_lr3e-6_kl0.001_updated_scaling,crashed,2026-09-19T12:53:52Z,True,True,64,16.0,128,2048,3e-06,3e-06,0.001,1,0.2414163090128755,0.0,,,,,,
iqu4necy,downsample_n64_dsk4_bsz128_lr3e-6_kl0.001_updated_scaling,crashed,2026-09-19T12:57:26Z,True,True,64,4.0,128,512,3e-06,3e-06,0.001,1,0.3551502145922747,200.0,,,,,,
28w6jf8o,downsample_n64_dsk2_bsz128_lr1e-5_kl0.001_updated_scaling,crashed,2026-09-19T13:05:21Z,True,True,64,2.0,128,256,1e-05,1e-05,0.001,1,0.3916309012875536,200.0,,,,,,
uj6coy5s,downsample_n64_dsk1_bsz128_lr1e-5_kl0.001_updated_scaling,crashed,2026-09-19T13:06:17Z,True,True,64,1.0,128,128,1e-05,1e-05,0.001,1,0.3551502145922747,100.0,,,,,,
1kjjpest,downsample_n64_dsk8_bsz128_lr1e-5_kl0.001_updated_scaling,crashed,2026-09-19T13:14:20Z,True,True,64,8.0,128,1024,1e-05,1e-05,0.001,1,0.4452789699570815,100.0,,,,,,
m1vv3137,downsample_n64_dsk8_bsz128_lr3e-6_kl0.001_updated_scaling,crashed,2026-09-19T13:18:47Z,True,True,64,8.0,128,1024,3e-06,3e-06,0.001,1,0.2993562231759656,100.0,,,,,,
soh59mqc,downsample_n64_dsk2_bsz128_lr1e-5_kl0.001_updated_scaling,crashed,2026-09-19T13:20:08Z,True,True,64,2.0,128,256,1e-05,1e-05,0.001,0,,,,,,,,
mjvhyqaj,n16_bsz4096_lr1e-4_kl0.001_updated_scaling,crashed,2026-09-19T13:27:47Z,False,True,16,,4096,65536,0.0001,0.0001,0.001,12,0.3755364806866952,11.0,,,,,,
kjryf7xx,n64_bsz128_lr5e-6_kl0.001_updated_scaling,crashed,2026-09-19T13:37:16Z,False,True,64,,128,8192,5e-06,5e-06,0.001,6,0.4957081545064378,125.0,,,,,,
jstebduy,downsample_n64_dsk4_bsz128_lr3e-6_kl0.001_updated_scaling,crashed,2026-09-19T13:40:39Z,True,True,64,4.0,128,512,3e-06,3e-06,0.001,23,0.4924892703862661,750.0,,,,,,
qcmgxq3i,downsample_n64_dsk2_bsz128_lr1e-5_kl0.001_updated_scaling,crashed,2026-09-19T13:40:42Z,True,True,64,2.0,128,256,1e-05,1e-05,0.001,22,0.4034334763948498,725.0,,,,,,
d2h9jd68,downsample_n64_dsk1_bsz128_lr3e-6_kl0.001_updated_scaling,crashed,2026-09-19T13:41:06Z,True,True,64,1.0,128,128,3e-06,3e-06,0.001,5,0.3186695278969957,300.0,,,,,,
smun2nl9,downsample_n64_dsk2_bsz128_lr3e-6_kl0.001_updated_scaling,crashed,2026-09-19T13:41:12Z,True,True,64,2.0,128,256,3e-06,3e-06,0.001,1,0.2607296137339056,100.0,,,,,,
7cri05ld,downsample_n64_dsk1_bsz128_lr1e-5_kl0.001_updated_scaling,crashed,2026-09-19T13:41:26Z,True,True,64,1.0,128,128,1e-05,1e-05,0.001,1,0.3551502145922747,100.0,,,,,,
46f0vls2,downsample_n64_dsk16_bsz128_lr3e-6_kl0.001_updated_scaling,crashed,2026-09-19T13:43:35Z,True,True,64,16.0,128,2048,3e-06,3e-06,0.001,0,,,,,,,,
ruyxhh09,downsample_n64_dsk16_bsz128_lr3e-6_kl0.001_updated_scaling,crashed,2026-09-19T13:50:32Z,True,True,64,16.0,128,2048,3e-06,3e-06,0.001,1,0.2414163090128755,0.0,,,,,,
l6odc689,downsample_n64_dsk8_bsz128_lr3e-6_kl0.001_updated_scaling,crashed,2026-09-19T13:55:16Z,True,True,64,8.0,128,1024,3e-06,3e-06,0.001,1,0.2993562231759656,100.0,,,,,,
k2qzxlyi,downsample_n64_dsk2_bsz128_lr3e-6_kl0.001_updated_scaling,crashed,2026-09-19T14:01:08Z,True,True,64,2.0,128,256,3e-06,3e-06,0.001,1,0.2607296137339056,100.0,,,,,,
si0gzwx4,downsample_n64_dsk1_bsz128_lr1e-5_kl0.001_updated_scaling,crashed,2026-09-19T14:01:49Z,True,True,64,1.0,128,128,1e-05,1e-05,0.001,0,,,,,,,,
3ywfo1qj,downsample_n64_dsk1_bsz128_lr1e-5_kl0.001_updated_scaling,crashed,2026-09-19T14:22:17Z,True,True,64,1.0,128,128,1e-05,1e-05,0.001,3,0.3905579399141631,150.0,,,,,,
3z580hcv,downsample_n64_dsk8_bsz128_lr3e-6_kl0.001_updated_scaling,crashed,2026-09-19T14:22:56Z,True,True,64,8.0,128,1024,3e-06,3e-06,0.001,3,0.3304721030042918,150.0,,,,,,
p4dg5cja,downsample_n64_dsk2_bsz128_lr3e-6_kl0.001_updated_scaling,crashed,2026-09-19T14:51:53Z,True,True,64,2.0,128,256,3e-06,3e-06,0.001,2,0.2607296137339056,125.0,,,,,,
lngldi9i,downsample_n64_dsk16_bsz128_lr3e-6_kl0.001_updated_scaling,crashed,2026-09-19T16:31:10Z,True,True,64,16.0,128,2048,3e-06,3e-06,0.001,19,0.5118025751072961,450.0,375.0,356.25000000000006,,,,
iygoais2,downsample_n64_dsk2_bsz128_lr3e-6_kl0.001_updated_scaling,crashed,2026-09-19T16:32:43Z,True,True,64,2.0,128,256,3e-06,3e-06,0.001,1,0.2682403433476394,125.0,,,,,,
rc6fyywc,downsample_n64_dsk2_bsz128_lr3e-6_kl0.001_updated_scaling,crashed,2026-09-19T17:26:31Z,True,True,64,2.0,128,256,3e-06,3e-06,0.001,1,0.2682403433476394,125.0,,,,,,
v1pwxl80,downsample_n64_dsk1_bsz128_lr1e-5_kl0.001_updated_scaling,crashed,2026-09-19T17:39:55Z,True,True,64,1.0,128,128,1e-05,1e-05,0.001,1,0.371244635193133,150.0,,,,,,
h8lozxo5,downsample_n64_dsk8_bsz128_lr3e-6_kl0.001_updated_scaling,crashed,2026-09-19T18:45:08Z,True,True,64,8.0,128,1024,3e-06,3e-06,0.001,0,,,,,,,,
739c5jmj,downsample_n64_dsk2_bsz128_lr3e-6_kl0.001_updated_scaling,crashed,2026-09-19T18:57:58Z,True,True,64,2.0,128,256,3e-06,3e-06,0.001,0,,,,,,,,
lq6zrvir,downsample_n64_dsk1_bsz128_lr1e-5_kl0.001_updated_scaling,crashed,2026-09-19T19:40:16Z,True,True,64,1.0,128,128,1e-05,1e-05,0.001,1,0.371244635193133,150.0,,,,,,
jm3aqvho,downsample_n64_dsk1_bsz128_lr3e-6_kl0.001_updated_scaling,crashed,2026-09-19T20:12:33Z,True,True,64,1.0,128,128,3e-06,3e-06,0.001,18,0.4409871244635193,725.0,,,,,,
6um2hcna,n16_bsz4096_lr3e-5_kl0.01_updated_scaling,finished,2026-09-19T20:15:42Z,False,True,16,,4096,65536,3e-05,3e-05,0.01,18,0.5203862660944206,17.0,13.0,12.42857142857143,,,,
gpcioec0,downsample_n64_dsk2_bsz128_lr3e-6_kl0.001_updated_scaling,crashed,2026-09-19T20:18:30Z,True,True,64,2.0,128,256,3e-06,3e-06,0.001,1,0.2682403433476394,125.0,,,,,,
60a9j4lp,downsample_n64_dsk8_bsz128_lr1e-5_kl0.001_updated_scaling,crashed,2026-09-19T20:29:56Z,True,True,64,8.0,128,1024,1e-05,1e-05,0.001,17,0.5182403433476395,500.0,300.0,291.6666666666665,,,,
hdezd08k,downsample_n64_dsk1_bsz128_lr1e-5_kl0.001_updated_scaling,crashed,2026-09-19T20:40:50Z,True,True,64,1.0,128,128,1e-05,1e-05,0.001,0,,,,,,,,
9rkxvim7,downsample_n64_dsk8_bsz128_lr3e-6_kl0.001_updated_scaling,crashed,2026-09-19T20:49:11Z,True,True,64,8.0,128,1024,3e-06,3e-06,0.001,1,0.3208154506437768,150.0,,,,,,
k18okaij,n32_bsz256_lr3e-5_kl0.001_updated_scaling,crashed,2026-09-19T20:59:59Z,False,True,32,,256,8192,3e-05,3e-05,0.001,6,0.4463519313304721,50.0,,,,,,
z2gmactp,n32_bsz256_lr1e-5_kl0.001_updated_scaling,crashed,2026-09-19T21:02:11Z,False,True,32,,256,8192,1e-05,1e-05,0.001,9,0.4924892703862661,80.0,,,,,,
8kqtzm2h,n32_bsz256_lr2e-5_kl0.001_updated_scaling,finished,2026-09-19T21:02:38Z,False,True,32,,256,8192,2e-05,2e-05,0.001,9,0.5278969957081545,80.0,70.0,70.0,,,,
bvc135sn,downsample_n64_dsk2_bsz128_lr3e-6_kl0.001_updated_scaling,crashed,2026-09-20T01:28:46Z,True,True,64,2.0,128,256,3e-06,3e-06,0.001,1,0.2682403433476394,125.0,,,,,,
dn4sw29u,downsample_n64_dsk1_bsz128_lr1e-5_kl0.001_updated_scaling,crashed,2026-09-20T01:44:02Z,True,True,64,1.0,128,128,1e-05,1e-05,0.001,0,,,,,,,,
liyv4lmg,n64_bsz256_lr1e-5_kl0.001_updated_scaling,crashed,2026-09-20T02:12:20Z,False,True,64,,256,16384,1e-05,1e-05,0.001,1,0.2414163090128755,0.0,,,,,,
d1f6tiz9,n16_bsz8192_lr1e-4_kl0.001_updated_scaling,crashed,2026-09-20T02:34:22Z,False,True,16,,8192,131072,0.0001,0.0001,0.001,14,0.4710300429184549,13.0,,,,,,
pql2mzxc,n16_bsz8192_lr5e-5_kl0.001_updated_scaling,finished,2026-09-20T02:34:29Z,False,True,16,,8192,131072,5e-05,5e-05,0.001,10,0.5225321888412017,9.0,8.0,7.733333333333334,,,,
j29kdkdf,n16_bsz128_lr5e-6_kl1e-2_updated_scaling,crashed,2026-09-20T03:12:15Z,False,True,16,,128,2048,5e-06,5e-06,0.01,40,0.6008583690987125,975.0,275.0,269.5652173913043,500.0,497.6666666666667,975.0,974.090909090909
919a2eff,downsample_n64_dsk2_bsz128_lr3e-6_kl0.001_updated_scaling,crashed,2026-09-20T03:39:04Z,True,True,64,2.0,128,256,3e-06,3e-06,0.001,1,0.2682403433476394,125.0,,,,,,
7oiw6sn1,downsample_n64_dsk1_bsz128_lr1e-5_kl0.001_updated_scaling,crashed,2026-09-20T03:41:22Z,True,True,64,1.0,128,128,1e-05,1e-05,0.001,1,0.371244635193133,150.0,,,,,,
rmcroya9,n128_bsz128_lr1e-5_kl0.001_updated_scaling,crashed,2026-09-20T10:49:14Z,False,True,128,,128,16384,1e-05,1e-05,0.001,1,0.2414163090128755,0.0,,,,,,
7me7jdlj,n16_bsz8192_lr5e-5_kl0.01_updated_scaling,finished,2026-09-20T14:17:28Z,False,True,16,,8192,131072,5e-05,5e-05,0.01,10,0.5321888412017167,9.0,7.0,6.736842105263157,,,,
n0czx78f,n16_bsz8192_lr1e-4_kl0.01_updated_scaling,finished,2026-09-20T14:30:08Z,False,True,16,,8192,131072,0.0001,0.0001,0.01,16,0.528969957081545,15.0,13.0,12.72222222222222,,,,
ca3ecl4t,downsample_n64_dsk4_bsz128_lr1e-5_kl0.001_updated_scaling,crashed,2026-09-20T14:50:09Z,True,True,64,4.0,128,512,1e-05,1e-05,0.001,4,0.4087982832618025,75.0,,,,,,
bzsx828c,n16_bsz8192_lr3e-5_kl0.001_updated_scaling,crashed,2026-09-20T14:54:40Z,False,True,16,,8192,131072,3e-05,3e-05,0.001,9,0.4688841201716738,8.0,,,,,,
nc02uxo3,downsample_n64_dsk16_bsz128_lr1e-5_kl0.001_updated_scaling,crashed,2026-09-20T15:06:45Z,True,True,64,16.0,128,2048,1e-05,1e-05,0.001,4,0.4227467811158798,75.0,,,,,,
kydecmzl,n128_bsz128_lr3e-5_kl0.001_updated_scaling,crashed,2026-09-20T15:17:09Z,False,True,128,,128,16384,3e-05,3e-05,0.001,1,0.2414163090128755,0.0,,,,,,
3cte6hm4,n128_bsz128_lr3e-6_kl0.001_updated_scaling,crashed,2026-09-20T17:28:00Z,False,True,128,,128,16384,3e-06,3e-06,0.001,1,0.2414163090128755,0.0,,,,,,
lwoiwkf6,n128_bsz128_lr1e-5_kl0.001_updated_scaling,crashed,2026-09-20T18:05:06Z,False,True,128,,128,16384,1e-05,1e-05,0.001,1,0.2414163090128755,0.0,,,,,,
1dhiup0c,n128_bsz128_lr3e-5_kl0.001_updated_scaling,crashed,2026-09-20T18:19:43Z,False,True,128,,128,16384,3e-05,3e-05,0.001,1,0.2414163090128755,0.0,,,,,,
4r4h00sj,downsample_n64_dsk4_bsz128_lr1e-5_kl0.001_updated_scaling,crashed,2026-09-20T18:45:17Z,True,True,64,4.0,128,512,1e-05,1e-05,0.001,2,0.2671673819742489,25.0,,,,,,
7q9hugfx,n128_bsz128_lr1e-5_kl0.001_updated_scaling,finished,2026-09-20T18:45:39Z,False,True,128,,128,16384,1e-05,1e-05,0.001,5,0.5418454935622318,100.0,75.0,61.76470588235293,,,,
j2kan1h8,n128_bsz128_lr3e-5_kl0.001_updated_scaling,crashed,2026-09-20T18:45:44Z,False,True,128,,128,16384,3e-05,3e-05,0.001,5,0.4216738197424893,100.0,,,,,,
3thoch7y,n16_bsz8192_lr3e-5_kl0.01_updated_scaling,finished,2026-09-20T19:13:58Z,False,True,16,,8192,131072,3e-05,3e-05,0.01,15,0.528969957081545,14.0,11.0,10.714285714285715,,,,
kbx0osnd,n128_bsz128_lr3e-6_kl0.001_updated_scaling,crashed,2026-09-20T19:19:34Z,False,True,128,,128,16384,3e-06,3e-06,0.001,6,0.4431330472103004,125.0,,,,,,
grig3f8b,downsample_n64_dsk16_bsz128_lr1e-5_kl0.001_updated_scaling,crashed,2026-09-20T21:43:16Z,True,True,64,16.0,128,2048,1e-05,1e-05,0.001,1,0.2414163090128755,0.0,,,,,,
2plvsrkc,downsample_n64_dsk2_bsz128_lr1e-5_kl0.001_updated_scaling,crashed,2026-09-21T00:49:07Z,True,True,64,2.0,128,256,1e-05,1e-05,0.001,0,,,,,,,,
nib15r5j,n16_bsz16_lr3e-6_kl0.01_updated_scaling,finished,2026-09-21T02:22:14Z,False,True,16,,16,256,3e-06,3e-06,0.01,78,0.5321888412017167,1925.0,1200.0,1192.7083333333333,,,,
0wgxs9y7,n16_bsz16_lr6e-6_kl0.01_updated_scaling,crashed,2026-09-21T02:27:47Z,False,True,16,,16,256,6e-06,6e-06,0.01,96,0.5128755364806867,2375.0,1800.0,1796.875,,,,
28vyjv9v,downsample_n64_dsk16_bsz128_lr1e-5_kl0.001_updated_scaling,finished,2026-09-21T07:28:40Z,True,True,64,16.0,128,2048,1e-05,1e-05,0.001,11,0.5203862660944206,250.0,175.0,164.28571428571428,,,,
gewcfxay,n16_bsz32_lr4e-6_kl0.01_updated_scaling,crashed,2026-09-21T07:38:46Z,False,True,16,,32,512,4e-06,4e-06,0.01,43,0.5150214592274678,1050.0,850.0,841.6666666666667,,,,
zeuup15u,downsample_n64_dsk4_bsz128_lr1e-5_kl0.001_updated_scaling,crashed,2026-09-21T07:52:25Z,True,True,64,4.0,128,512,1e-05,1e-05,0.001,1,0.2639484978540772,25.0,,,,,,
mu28lvb9,downsample_n64_dsk2_bsz128_lr1e-5_kl0.001_updated_scaling,crashed,2026-09-21T08:24:59Z,True,True,64,2.0,128,256,1e-05,1e-05,0.001,0,,,,,,,,
v0h9yqga,downsample_n64_dsk4_bsz128_lr1e-5_kl0.001_updated_scaling,crashed,2026-09-21T10:19:41Z,True,True,64,4.0,128,512,1e-05,1e-05,0.001,1,0.2639484978540772,25.0,,,,,,
4zjl9j3i,downsample_n64_dsk2_bsz128_lr1e-5_kl0.001_updated_scaling,crashed,2026-09-21T10:20:03Z,True,True,64,2.0,128,256,1e-05,1e-05,0.001,1,0.4012875536480687,700.0,,,,,,
vh7dipu4,n16_bsz64_lr2e-5_kl0.01_updated_scaling,crashed,2026-09-21T11:34:09Z,False,True,16,,64,1024,2e-05,2e-05,0.01,27,0.4206008583690987,650.0,,,,,,
2e03u9xp,downsample_n64_dsk4_bsz128_lr1e-5_kl0.001_updated_scaling,crashed,2026-09-21T11:35:42Z,True,True,64,4.0,128,512,1e-05,1e-05,0.001,30,0.4721030042918455,750.0,,,,,,
6nqbcnx2,downsample_n64_dsk2_bsz128_lr1e-5_kl0.001_updated_scaling,crashed,2026-09-21T11:36:26Z,True,True,64,2.0,128,256,1e-05,1e-05,0.001,23,0.4012875536480687,1250.0,,,,,,
1cu20f46,n16_bsz256_lr3e-5_kl0.01_updated_scaling,crashed,2026-09-21T12:05:39Z,False,True,16,,256,4096,3e-05,3e-05,0.01,20,0.490343347639485,190.0,,,,,,
12s1glw5,downsample_n64_dsk8_bsz128_lr3e-6_kl0.001_updated_scaling,crashed,2026-09-21T13:47:07Z,True,True,64,8.0,128,1024,3e-06,3e-06,0.001,1,0.3208154506437768,150.0,,,,,,
jqlw38iz,downsample_n64_dsk1_bsz128_lr1e-5_kl0.001_updated_scaling,crashed,2026-09-21T13:53:39Z,True,True,64,1.0,128,128,1e-05,1e-05,0.001,0,,,,,,,,
c9yh8xpt,n16_bsz16_lr2e-6_kl0.01_updated_scaling,crashed,2026-09-21T14:39:44Z,False,True,16,,16,256,2e-06,2e-06,0.01,84,0.5118025751072961,2075.0,2000.0,1978.8461538461536,,,,
fljvz367,downsample_n64_dsk2_bsz128_lr3e-6_kl0.001_updated_scaling,crashed,2026-09-21T17:01:36Z,True,True,64,2.0,128,256,3e-06,3e-06,0.001,1,0.2682403433476394,125.0,,,,,,
t5qfrr0c,downsample_n64_dsk1_bsz128_lr1e-5_kl0.001_updated_scaling,crashed,2026-09-21T17:30:15Z,True,True,64,1.0,128,128,1e-05,1e-05,0.001,0,,,,,,,,
clh7itjg,downsample_n64_dsk8_bsz128_lr3e-6_kl0.001_updated_scaling,crashed,2026-09-21T18:37:24Z,True,True,64,8.0,128,1024,3e-06,3e-06,0.001,1,0.3208154506437768,150.0,,,,,,
yav0emzu,downsample_n64_dsk2_bsz128_lr3e-6_kl0.001_updated_scaling,crashed,2026-09-21T18:49:04Z,True,True,64,2.0,128,256,3e-06,3e-06,0.001,1,0.2682403433476394,125.0,,,,,,
galnvpzm,downsample_n64_dsk1_bsz128_lr1e-5_kl0.001_updated_scaling,crashed,2026-09-21T18:49:19Z,True,True,64,1.0,128,128,1e-05,1e-05,0.001,1,0.371244635193133,150.0,,,,,,
qw54n3b3,downsample_n64_dsk8_bsz128_lr3e-6_kl0.001_updated_scaling,crashed,2026-09-21T18:55:11Z,True,True,64,8.0,128,1024,3e-06,3e-06,0.001,0,,,,,,,,
eebbijg9,downsample_n64_dsk2_bsz128_lr3e-6_kl0.001_updated_scaling,crashed,2026-09-21T19:14:24Z,True,True,64,2.0,128,256,3e-06,3e-06,0.001,1,0.2682403433476394,125.0,,,,,,
lw3vpu78,downsample_n64_dsk8_bsz128_lr3e-6_kl0.001_updated_scaling,crashed,2026-09-21T19:28:59Z,True,True,64,8.0,128,1024,3e-06,3e-06,0.001,1,0.3208154506437768,150.0,,,,,,
q8p6b008,downsample_n64_dsk1_bsz128_lr1e-5_kl0.001_updated_scaling,crashed,2026-09-21T19:29:47Z,True,True,64,1.0,128,128,1e-05,1e-05,0.001,0,,,,,,,,
zfc1mi4l,downsample_n64_dsk2_bsz128_lr3e-6_kl0.001_updated_scaling,crashed,2026-09-21T19:41:23Z,True,True,64,2.0,128,256,3e-06,3e-06,0.001,0,,,,,,,,
d8gk4n7i,downsample_n64_dsk1_bsz128_lr1e-5_kl0.001_updated_scaling,crashed,2026-09-21T19:51:30Z,True,True,64,1.0,128,128,1e-05,1e-05,0.001,0,,,,,,,,
m2sk5y86,downsample_n64_dsk8_bsz128_lr3e-6_kl0.001_updated_scaling,crashed,2026-09-21T20:02:33Z,True,True,64,8.0,128,1024,3e-06,3e-06,0.001,1,0.3208154506437768,150.0,,,,,,
v0q1i8c8,downsample_n64_dsk1_bsz128_lr1e-5_kl0.001_updated_scaling,crashed,2026-09-21T20:11:52Z,True,True,64,1.0,128,128,1e-05,1e-05,0.001,1,0.371244635193133,150.0,,,,,,
2soa1ho9,downsample_n64_dsk2_bsz128_lr3e-6_kl0.001_updated_scaling,crashed,2026-09-21T20:13:05Z,True,True,64,2.0,128,256,3e-06,3e-06,0.001,0,,,,,,,,
l1ne6ph1,downsample_n64_dsk8_bsz128_lr3e-6_kl0.001_updated_scaling,crashed,2026-09-21T20:28:14Z,True,True,64,8.0,128,1024,3e-06,3e-06,0.001,1,0.3208154506437768,150.0,,,,,,
92o7hfxd,downsample_n64_dsk2_bsz128_lr3e-6_kl0.001_updated_scaling,crashed,2026-09-21T20:28:18Z,True,True,64,2.0,128,256,3e-06,3e-06,0.001,1,0.2682403433476394,125.0,,,,,,
v7un6tts,downsample_n64_dsk1_bsz128_lr1e-5_kl0.001_updated_scaling,crashed,2026-09-21T20:39:21Z,True,True,64,1.0,128,128,1e-05,1e-05,0.001,0,,,,,,,,
3anhyd8z,downsample_n64_dsk2_bsz128_lr3e-6_kl0.001_updated_scaling,crashed,2026-09-21T20:48:02Z,True,True,64,2.0,128,256,3e-06,3e-06,0.001,1,0.2682403433476394,125.0,,,,,,
9pttjd0m,downsample_n64_dsk8_bsz128_lr3e-6_kl0.001_updated_scaling,crashed,2026-09-21T20:57:27Z,True,True,64,8.0,128,1024,3e-06,3e-06,0.001,0,,,,,,,,
9xeh0peg,downsample_n64_dsk1_bsz128_lr1e-5_kl0.001_updated_scaling,crashed,2026-09-21T21:03:08Z,True,True,64,1.0,128,128,1e-05,1e-05,0.001,0,,,,,,,,
i0gt0wsw,downsample_n64_dsk1_bsz128_lr1e-5_kl0.001_updated_scaling,crashed,2026-09-21T21:28:08Z,True,True,64,1.0,128,128,1e-05,1e-05,0.001,17,0.3991416309012875,550.0,,,,,,
59w9tllv,downsample_n64_dsk8_bsz128_lr3e-6_kl0.001_updated_scaling,crashed,2026-09-21T21:34:49Z,True,True,64,8.0,128,1024,3e-06,3e-06,0.001,21,0.5064377682403434,650.0,500.0,487.5,,,,
xr6u16bu,downsample_n64_dsk4_bsz128_lr3e-5_kl0.001_updated_scaling,crashed,2026-09-21T22:24:04Z,True,True,64,4.0,128,512,3e-05,3e-05,0.001,19,0.3111587982832618,450.0,,,,,,
ljhz43ks,downsample_n64_dsk8_bsz128_lr3e-5_kl0.001_updated_scaling,crashed,2026-09-21T22:28:50Z,True,True,64,8.0,128,1024,3e-05,3e-05,0.001,16,0.3605150214592275,375.0,,,,,,
8vd461gr,downsample_n64_dsk32_bsz128_lr1e-5_kl0.001_updated_scaling,finished,2026-09-21T22:37:00Z,True,True,64,32.0,128,4096,1e-05,1e-05,0.001,7,0.5225321888412017,150.0,125.0,115.83333333333336,,,,
v70ipdf0,downsample_n64_dsk32_bsz128_lr3e-5_kl0.001_updated_scaling,crashed,2026-09-22T01:14:53Z,True,True,64,32.0,128,4096,3e-05,3e-05,0.001,7,0.3851931330472103,150.0,,,,,,
2yzmbqxu,downsample_n64_dsk2_bsz128_lr3e-6_kl0.001_updated_scaling,crashed,2026-09-22T07:28:03Z,True,True,64,2.0,128,256,3e-06,3e-06,0.001,0,,,,,,,,
excueenh,downsample_n64_dsk2_bsz128_lr3e-6_kl0.001_updated_scaling,crashed,2026-09-22T07:49:21Z,True,True,64,2.0,128,256,3e-06,3e-06,0.001,2,0.2843347639484979,150.0,,,,,,
ocequyy3,downsample_n64_dsk2_bsz128_lr3e-6_kl0.001_updated_scaling,crashed,2026-09-22T09:40:51Z,True,True,64,2.0,128,256,3e-06,3e-06,0.001,3,0.3111587982832618,200.0,,,,,,
oklj1xim,downsample_n64_dsk2_bsz128_lr3e-6_kl0.001_updated_scaling,crashed,2026-09-22T13:08:44Z,True,True,64,2.0,128,256,3e-06,3e-06,0.001,1,0.305793991416309,200.0,,,,,,
gx99rzmp,n16_bsz8_lr1e-6_kl0.01_updated_scaling,crashed,2026-09-22T13:51:47Z,False,True,16,,8,128,1e-06,1e-06,0.01,148,0.4785407725321888,3675.0,,,,,,
nvb0hrf1,downsample_n64_dsk32_bsz128_lr3e-6_kl0.001_updated_scaling,finished,2026-09-22T13:53:47Z,True,True,64,32.0,128,4096,3e-06,3e-06,0.001,16,0.5246781115879828,375.0,300.0,294.2307692307692,,,,
jhz88c9w,downsample_n64_dsk2_bsz128_lr3e-6_kl0.001_updated_scaling,crashed,2026-09-22T14:02:22Z,True,True,64,2.0,128,256,3e-06,3e-06,0.001,1,0.305793991416309,200.0,,,,,,
2qp77hno,downsample_n64_dsk2_bsz128_lr3e-6_kl0.001_updated_scaling,crashed,2026-09-22T14:55:45Z,True,True,64,2.0,128,256,3e-06,3e-06,0.001,1,0.305793991416309,200.0,,,,,,
ui9izfs6,downsample_n64_dsk2_bsz128_lr3e-6_kl0.001_updated_scaling,crashed,2026-09-22T15:15:32Z,True,True,64,2.0,128,256,3e-06,3e-06,0.001,14,0.4474248927038626,525.0,,,,,,
nw1q4sof,n64_bsz4_lr1e-6_kl0.001_updated_scaling,crashed,2026-09-22T15:48:12Z,False,True,64,,4,256,1e-06,1e-06,0.001,2,0.2489270386266094,25.0,,,,,,
tju85gey,n64_bsz8_lr2.5e-6_kl0.001_updated_scaling,finished,2026-09-22T16:01:11Z,False,True,64,,8,512,2.5e-06,2.5e-06,0.001,66,0.5203862660944206,1625.0,1300.0,1283.928571428571,,,,
tq9uqdqc,n64_bsz16_lr3.5e-6_kl0.001_updated_scaling,finished,2026-09-22T20:59:50Z,False,True,64,,16,1024,3.5e-06,3.5e-06,0.001,29,0.5278969957081545,700.0,600.0,586.9565217391304,,,,
i1mya04z,n64_bsz32_lr5e-6_kl0.001_updated_scaling,finished,2026-09-22T20:59:57Z,False,True,64,,32,2048,5e-06,5e-06,0.001,17,0.5300429184549357,400.0,375.0,364.4736842105264,,,,
uhio70pe,n64_bsz64_lr7e-6_kl0.001_updated_scaling,finished,2026-09-23T03:40:03Z,False,True,64,,64,4096,7e-06,7e-06,0.001,9,0.5214592274678111,200.0,175.0,163.15789473684208,,,,
a96ijc1t,n64_bsz128_lr1e-5_kl0.001_updated_scaling,crashed,2026-09-23T03:57:34Z,False,True,64,,128,8192,1e-05,1e-05,0.001,1,0.5450643776824035,125.0,125.0,125.0,,,,
8nl50csb,n64_bsz256_lr1.4e-5_kl0.001_updated_scaling,finished,2026-09-23T05:17:51Z,False,True,64,,256,16384,1.4e-05,1.4e-05,0.001,4,0.5515021459227468,75.0,50.0,49.609375000000014,75.0,74.25531914893617,,
507jh51x,n64_bsz512_lr2e-5_kl0.001_updated_scaling,finished,2026-09-23T06:03:48Z,False,True,64,,512,32768,2e-05,2e-05,0.001,3,0.5396995708154506,50.0,50.0,30.319148936170215,,,,
zj60nr6u,n64_bsz1024_lr2.8e-5_kl0.001_updated_scaling,finished,2026-09-23T06:05:13Z,False,True,64,,1024,65536,2.8e-05,2.8e-05,0.001,2,0.5493562231759657,25.0,25.0,20.99303135888502,,,,
phli3uwd,downsample_n64_dsk2_bsz128_lr3e-6_kl0.001_updated_scaling,crashed,2026-09-23T10:20:02Z,True,True,64,2.0,128,256,3e-06,3e-06,0.001,8,0.463519313304721,675.0,,,,,,
cy2oifuc,n64_bsz2048_lr4e-5_kl0.001_updated_scaling,crashed,2026-09-24T03:44:42Z,False,True,64,,2048,131072,4e-05,4e-05,0.001,0,,,,,,,,
6ughn1mg,n64_bsz64_lr2.3e-6_kl0.001_updated_scaling,crashed,2026-09-24T04:22:43Z,False,True,64,,64,4096,2.3e-06,2.3e-06,0.001,4,0.2875536480686695,75.0,,,,,,
07hqeifj,n64_bsz16_lr1.2e-6_kl0.001_updated_scaling,crashed,2026-09-24T04:22:59Z,False,True,64,,16,1024,1.2e-06,1.2e-06,0.001,10,0.2875536480686695,225.0,,,,,,
ml7e35w0,n64_bsz16_lr1.1e-5_kl0.001_updated_scaling,crashed,2026-09-24T04:23:08Z,False,True,64,,16,1024,1.1e-05,1.1e-05,0.001,9,0.4313304721030043,200.0,,,,,,
1qovfyaq,n64_bsz64_lr2.1e-5_kl0.001_updated_scaling,crashed,2026-09-24T04:23:50Z,False,True,64,,64,4096,2.1e-05,2.1e-05,0.001,4,0.4259656652360515,75.0,,,,,,
g7rsabez,n64_bsz256_lr4.2e-5_kl0.001_updated_scaling,crashed,2026-09-24T06:49:15Z,False,True,64,,256,16384,4.2e-05,4.2e-05,0.001,3,0.37875536480686695,50.0,,,,,,
n5pojmas,n64_bsz256_lr4.6e-6_kl0.001_updated_scaling,crashed,2026-09-24T06:50:27Z,False,True,64,,256,16384,4.6e-06,4.6e-06,0.001,3,0.41523605150214593,50.0,,,,,,
bojl5svw,n64_bsz2048_lr4e-5_kl0.001_updated_scaling,finished,2026-09-24T06:50:45Z,False,True,64,,2048,131072,4e-05,4e-05,0.001,2,0.5611587982832618,25.0,25.0,20.218120805369132,25.0,24.127516778523496,,
j3oy4k06,n64_bsz512_lr6.6e-6_kl0.001_updated_scaling,crashed,2026-09-24T07:53:26Z,False,True,64,,512,32768,6.6e-06,6.6e-06,0.001,3,0.48390557939914164,50.0,,,,,,
dlqfnxsl,n64_bsz512_lr6.1e-5_kl0.001_updated_scaling,crashed,2026-09-24T15:57:49Z,False,True,64,,512,32768,6.1e-05,6.1e-05,0.001,2,0.41738197424892703,25.0,,,,,,
