bsz,lr,steps,run,id,longest,n_candidates,fixed
2,5e-07,,n16_bsz2_lr5e-7,4r2weqkh,2750.0,2,False
2,1e-06,,n16_bsz2_lr1e-6,76peh4j0,2750.0,3,False
2,2e-06,,n16_bsz2_lr2e-6,mrd43p6o,2750.0,2,False
2,3e-06,,n16_bsz2_lr3e-6,82xqjz6z,2950.0,2,False
2,1e-05,,n16_bsz2_lr1e-5,38qju69q,2750.0,1,False
4,3e-07,,n16_bsz4_lr3e-7,ky56flgr,3500.0,1,False
4,5e-07,,n16_bsz4_lr5e-7,qq2j13qw,3750.0,2,False
4,1e-06,5674.107142857143,n16_bsz4_lr1e-6,m4zw997g,8350.0,5,False
4,3e-06,,n16_bsz4_lr3e-6,85pb2fy4,2750.0,1,False
4,1e-05,,n16_bsz4_lr1e-5,drk98up8,2775.0,1,False
8,1e-06,3847.222222222222,n16_bsz8_lr1e-6,95vonvfv,4050.0,3,False
8,2e-06,2462.5,n16_bsz8_lr2e-6_kl1e-3_v2,kaoijltl,3800.0,4,False
8,3e-06,2293.75,n16_bsz8_lr3e-6,zk41hlkd,3275.0,1,False
8,4e-06,2295.3125,n16_bsz8_lr4e-6,u70vsrac,3225.0,1,False
8,8e-06,,n16_bsz8_lr8e-6,007jssex,3150.0,1,False
8,1.2e-05,,n16_bsz8_lr1.2e-5,vhzc07wv,4200.0,1,False
8,1.6e-05,,n16_bsz8_lr1.6e-5,war0rd3e,2600.0,1,False
16,1e-06,2848.684210526316,n16_bsz16_lr1e-6,vz7r36n8,3875.0,1,False
16,3e-06,1191.6666666666667,n16_bsz16_lr3e-6,hta5tmzf,4100.0,1,False
16,4e-06,1300.0,n16_bsz16_lr4e-6,f9rb82kn,4950.0,3,False
16,6e-06,,n16_bsz16_lr6e-6,gv2o9kqj,3125.0,1,False
16,1.6e-05,,n16_bsz16_lr1.6e-5,uzvp1hlp,2725.0,1,False
32,1e-06,2122.0,n16_bsz32_lr1e-6,pw119z54,2875.0,1,False
32,3e-06,772.2222222222222,n16_bsz32_lr3e-6,a1ug783k,3400.0,1,False
32,4e-06,689.2857142857142,n16_bsz32_lr4e-6,26v37rrd,3475.0,1,False
32,6e-06,548.6842105263158,n16_bsz32_lr6e-6_kl1e-3_v2,pixg1eys,2575.0,2,False
32,8e-06,1121.2121212121212,n16_bsz32_lr8e-6,ckjqgfam,4600.0,2,False
32,1.2e-05,,n16_bsz32_lr1.2e-5,ayrlvpqg,2925.0,1,False
32,1.6e-05,,n16_bsz32_lr1.6e-5,uzpnmlip,575.0,1,False
32,3.2e-05,,n16_bsz32_lr3.2e-5,dtr2q3ku,1750.0,1,False
64,3e-06,597.9166666666667,n16_bsz64_lr3e-6,p71v78z8,1950.0,1,False
64,4e-06,462.5,n16_bsz64_lr4e-6,ao3zp0ic,2275.0,2,False
64,6e-06,439.3939393939394,n16_bsz64_lr6e-6,z9nou13i,1525.0,2,False
64,1e-05,,n16_bsz64_lr1e-5,x0y2oqxg,1100.0,1,False
64,1.6e-05,,n16_bsz64_lr1.6e-5,v99q692t,1175.0,1,False
64,6.4e-05,,n16_bsz64_lr6.4e-5,zhks26oj,900.0,1,False
128,1e-06,,n16_bsz128_lr1e-6,36eloqng,750.0,1,False
128,3e-06,421.6666666666666,n16_bsz128_lr3e-6,5r5ntwc4,2075.0,1,False
128,1e-05,204.16666666666663,n16_bsz128_lr1e-5,jegbxrof,1300.0,3,False
128,3.2e-05,,n16_bsz128_lr3.2e-5,kj48c59y,1000.0,1,False
256,3e-06,341.6666666666667,n16_bsz256_lr3e-6,d46a7r3j,650.0,1,False
256,1e-05,114.0625,n16_bsz256_lr1e-5,2e1wta20,775.0,1,False
256,1.2e-05,105.0,n16_bsz256_lr1.2e-5,4pgkhpzd,500.0,1,False
256,1.6e-05,105.1470588235294,n16_bsz256_lr1.6e-5,qmkj2t25,500.0,1,False
256,2e-05,84.78260869565217,n16_bsz256_lr2e-5_kl1e-3_v2,9zgsmhj9,450.0,1,False
256,3.2e-05,,n16_bsz256_lr3.2e-5,n1huv1bc,300.0,1,False
256,6.4e-05,,n16_bsz256_lr6.4e-5,pigk60ee,650.0,1,False
512,3e-06,258.3333333333333,n16_bsz512_lr3e-6_kl1e-3,64jh1zn6,375.0,1,False
512,1e-05,87.5,n16_bsz512_lr1e-5_kl1e-3,1ioap1kz,375.0,3,False
512,2e-05,48.43750000000001,n16_bsz512_lr2e-5_kl1e-3_updated_scaling,molfti6k,50.0,1,True
1024,1e-05,52.0,n16_bsz1024_lr1e-5_kl1e-3_updated_scaling,2xx2erxi,170.0,1,True
1024,2e-05,26.250000000000004,n16_bsz1024_lr2e-5_kl1e-3_updated_scaling,zxbilum9,75.0,1,True
1024,3e-05,31.666666666666668,n16_bsz1024_lr3e-5_kl1e-3_updated_scaling,q44d4fds,90.0,1,True
2048,1e-05,34.70588235294119,n16_bsz2048_lr1e-5_kl1e-3_updated_scaling,5jq2o3g9,40.0,1,True
2048,2e-05,22.4,n16_bsz2048_lr2e-5_kl1e-3_updated_scaling,3o3ymcvs,40.0,1,True
2048,3e-05,14.104477611940297,n16_bsz2048_lr3e-5_kl1e-3_updated_scaling,8ltojkc7,15.0,1,True
2048,5e-05,17.500000000000004,n16_bsz2048_lr5e-5_kl0.001_updated_scaling,s599ju89,20.0,1,True
4096,3e-05,11.666666666666666,n16_bsz4096_lr3e-5_kl0.001_updated_scaling,63f5u9oc,45.0,1,True
4096,5e-05,8.923076923076922,n16_bsz4096_lr5e-5_kl0.001_updated_scaling,21w7ju28,49.0,1,True
8192,5e-05,7.733333333333334,n16_bsz8192_lr5e-5_kl0.001_updated_scaling,pql2mzxc,9.0,1,True
