series,seqs,lr,k,n,steps,last,max_val,run,fixed,role
plain,64,1e-06,16,16,5674.107142857143,8350.0,0.5375536480686696,n16_bsz4_lr1e-6,False,plain_fastest_lr
plain,128,3e-06,16,16,2293.75,3275.0,0.5225321888412017,n16_bsz8_lr3e-6,False,plain_fastest_lr
plain,128,2e-06,16,16,2375.0,2975.0,0.528969957081545,n16_bsz8_lr2e-6,False,plain_fastest_lr
plain,128,3e-06,16,16,2293.75,3275.0,0.5225321888412017,n16_bsz8_lr3e-6,False,plain_fastest_lr
plain,256,4e-06,16,16,1073.611111111111,1300.0,0.509656652360515,n16_bsz16_lr4e-6,False,plain_fastest_lr
plain,512,6e-06,16,16,548.6842105263158,2575.0,0.5429184549356223,n16_bsz32_lr6e-6_kl1e-3_v2,False,plain_fastest_lr
plain,1024,6e-06,16,16,309.2105263157894,2100.0,0.5665236051502146,n16_bsz64_lr6e-6_kl1e-3_v2,False,plain_fastest_lr
plain,2048,1e-05,16,16,191.07142857142856,950.0,0.5321888412017167,n16_bsz128_lr1e-5_kl1e-3_v2,False,plain_fastest_lr
plain,4096,2e-05,16,16,84.78260869565217,450.0,0.5332618025751072,n16_bsz256_lr2e-5_kl1e-3_v2,False,plain_fastest_lr
plain_fixed,8192,2e-05,16,16,48.43750000000001,50.0,0.5042918454935622,n16_bsz512_lr2e-5_kl1e-3_updated_scaling,True,plain_fastest_lr
plain_fixed,16384,2e-05,16,16,26.250000000000004,75.0,0.5611587982832618,n16_bsz1024_lr2e-5_kl1e-3_updated_scaling,True,plain_fastest_lr
plain_fixed,32768,2e-05,16,16,22.4,40.0,0.5590128755364807,n16_bsz2048_lr2e-5_kl1e-3_updated_scaling,True,plain_fastest_lr
plain_fixed,32768,3e-05,16,16,14.104477611940297,15.0,0.5128755364806867,n16_bsz2048_lr3e-5_kl1e-3_updated_scaling,True,plain_fastest_lr
plain_fixed,65536,5e-05,16,16,8.923076923076922,49.0,0.6137339055793991,n16_bsz4096_lr5e-5_kl0.001_updated_scaling,True,plain_fastest_lr
plain_fixed,131072,5e-05,16,16,7.733333333333334,9.0,0.5225321888412017,n16_bsz8192_lr5e-5_kl0.001_updated_scaling,True,plain_fastest_lr
plain_fixed,131072,5e-05,16,16,7.733333333333334,9.0,0.5225321888412017,n16_bsz8192_lr5e-5_kl0.001_updated_scaling,True,plain_fastest_lr
plain,32,1e-05,16,16,,2750.0,0.2982832618025751,n16_bsz2_lr1e-5,,plain_lr1e-5
plain,64,1e-05,16,16,,2775.0,0.3594420600858369,n16_bsz4_lr1e-5,,plain_lr1e-5
plain,1024,1e-05,16,16,,1100.0,0.4699570815450644,n16_bsz64_lr1e-5,,plain_lr1e-5
plain,2048,1e-05,16,16,191.07142857142856,950.0,0.5321888412017167,n16_bsz128_lr1e-5_kl1e-3_v2,,plain_lr1e-5
plain,4096,1e-05,16,16,114.0625,775.0,0.6587982832618026,n16_bsz256_lr1e-5,,plain_lr1e-5
plain,8192,1e-05,16,16,87.5,375.0,0.6319742489270386,n16_bsz512_lr1e-5_kl1e-3,,plain_lr1e-5
plain_fixed,2048,1e-05,16,16,230.3571428571429,1275.0,0.5568669527896996,n16_bsz128_lr1e-5_kl1e-3_updated_scaling,,plain_fixed_scaling
plain_fixed,8192,1e-05,16,16,77.49999999999999,125.0,0.5579399141630901,n16_bsz512_lr1e-5_kl1e-3_updated_scaling,,plain_fixed_scaling
plain_fixed,8192,2e-05,16,16,48.43750000000001,50.0,0.5042918454935622,n16_bsz512_lr2e-5_kl1e-3_updated_scaling,,plain_fixed_scaling
plain_fixed,16384,1e-05,16,16,52.0,170.0,0.6266094420600858,n16_bsz1024_lr1e-5_kl1e-3_updated_scaling,,plain_fixed_scaling
plain_fixed,16384,2e-05,16,16,26.250000000000004,75.0,0.5611587982832618,n16_bsz1024_lr2e-5_kl1e-3_updated_scaling,,plain_fixed_scaling
plain_fixed,16384,3e-05,16,16,31.666666666666668,90.0,0.5160944206008584,n16_bsz1024_lr3e-5_kl1e-3_updated_scaling,,plain_fixed_scaling
plain_fixed,32768,1e-05,16,16,34.70588235294119,40.0,0.5246781115879828,n16_bsz2048_lr1e-5_kl1e-3_updated_scaling,,plain_fixed_scaling
plain_fixed,32768,2e-05,16,16,22.4,40.0,0.5590128755364807,n16_bsz2048_lr2e-5_kl1e-3_updated_scaling,,plain_fixed_scaling
plain_fixed,32768,3e-05,16,16,14.104477611940297,15.0,0.5128755364806867,n16_bsz2048_lr3e-5_kl1e-3_updated_scaling,,plain_fixed_scaling
plain_fixed,32768,5e-05,16,16,17.500000000000004,20.0,0.5225321888412017,n16_bsz2048_lr5e-5_kl0.001_updated_scaling,,plain_fixed_scaling
plain_fixed,65536,3e-05,16,16,11.666666666666666,45.0,0.5890557939914163,n16_bsz4096_lr3e-5_kl0.001_updated_scaling,,plain_fixed_scaling
plain_fixed,65536,5e-05,16,16,8.923076923076922,49.0,0.6137339055793991,n16_bsz4096_lr5e-5_kl0.001_updated_scaling,,plain_fixed_scaling
plain_fixed,131072,5e-05,16,16,7.733333333333334,9.0,0.5225321888412017,n16_bsz8192_lr5e-5_kl0.001_updated_scaling,,plain_fixed_scaling
downsample,128,3e-06,1,64,,725.0,0.4409871244635193,downsample_n64_dsk1_bsz128_lr3e-6_kl0.001_updated_scaling,,downsample_fixed
downsample,128,1e-05,1,64,,550.0,0.3991416309012875,downsample_n64_dsk1_bsz128_lr1e-5_kl0.001_updated_scaling,,downsample_fixed
downsample,256,3e-06,2,64,,675.0,0.463519313304721,downsample_n64_dsk2_bsz128_lr3e-6_kl0.001_updated_scaling,,downsample_fixed
downsample,256,1e-05,2,64,,1250.0,0.4012875536480687,downsample_n64_dsk2_bsz128_lr1e-5_kl0.001_updated_scaling,,downsample_fixed
downsample,512,3e-06,4,64,,750.0,0.4924892703862661,downsample_n64_dsk4_bsz128_lr3e-6_kl0.001_updated_scaling,,downsample_fixed
downsample,512,1e-05,4,64,750.0,925.0,0.5032188841201717,downsample_n64_dsk4_bsz128_lr1e-5_kl1e-3_updated_scaling,,downsample_fixed
downsample,512,3e-05,4,64,,450.0,0.3111587982832618,downsample_n64_dsk4_bsz128_lr3e-5_kl0.001_updated_scaling,,downsample_fixed
downsample,1024,3e-06,8,64,487.5,650.0,0.5064377682403434,downsample_n64_dsk8_bsz128_lr3e-6_kl0.001_updated_scaling,,downsample_fixed
downsample,1024,1e-05,8,64,291.6666666666665,500.0,0.5182403433476395,downsample_n64_dsk8_bsz128_lr1e-5_kl0.001_updated_scaling,,downsample_fixed
downsample,1024,3e-05,8,64,,375.0,0.3605150214592275,downsample_n64_dsk8_bsz128_lr3e-5_kl0.001_updated_scaling,,downsample_fixed
downsample,2048,3e-06,16,64,356.25000000000006,450.0,0.5118025751072961,downsample_n64_dsk16_bsz128_lr3e-6_kl0.001_updated_scaling,,downsample_fixed
downsample,2048,1e-05,16,64,164.28571428571428,250.0,0.5203862660944206,downsample_n64_dsk16_bsz128_lr1e-5_kl0.001_updated_scaling,,downsample_fixed
downsample,2048,3e-05,16,64,,650.0,0.3873390557939914,downsample_n64_dsk16_bsz128_lr3e-5_kl1e-3_updated_scaling,,downsample_fixed
downsample,4096,3e-06,32,64,294.2307692307692,375.0,0.5246781115879828,downsample_n64_dsk32_bsz128_lr3e-6_kl0.001_updated_scaling,,downsample_fixed
downsample,4096,1e-05,32,64,115.83333333333336,150.0,0.5225321888412017,downsample_n64_dsk32_bsz128_lr1e-5_kl0.001_updated_scaling,,downsample_fixed
downsample,4096,3e-05,32,64,,150.0,0.3851931330472103,downsample_n64_dsk32_bsz128_lr3e-5_kl0.001_updated_scaling,,downsample_fixed
plain_n64,512,2.5e-06,64,64,1283.928571428571,1625.0,0.5203862660944206,n64_bsz8_lr2.5e-6_kl0.001_updated_scaling,,plain_n64_bsz_sweep
plain_n64,1024,1.2e-06,64,64,,225.0,0.2875536480686695,n64_bsz16_lr1.2e-6_kl0.001_updated_scaling,,plain_n64_bsz_sweep
plain_n64,1024,3.5e-06,64,64,586.9565217391304,700.0,0.5278969957081545,n64_bsz16_lr3.5e-6_kl0.001_updated_scaling,,plain_n64_bsz_sweep
plain_n64,1024,1.1e-05,64,64,,200.0,0.4313304721030043,n64_bsz16_lr1.1e-5_kl0.001_updated_scaling,,plain_n64_bsz_sweep
plain_n64,2048,5e-06,64,64,364.4736842105264,400.0,0.5300429184549357,n64_bsz32_lr5e-6_kl0.001_updated_scaling,,plain_n64_bsz_sweep
plain_n64,4096,7e-06,64,64,163.15789473684208,200.0,0.5214592274678111,n64_bsz64_lr7e-6_kl0.001_updated_scaling,,plain_n64_bsz_sweep
plain_n64,8192,1e-05,64,64,86.95652173913042,100.0,0.5128755364806867,n64_bsz128_lr1e-5_kl0.001_updated_scaling,,plain_n64_bsz_sweep
plain_n64,8192,2e-05,64,64,103.125,250.0,0.5150214592274678,n64_bsz128_lr2e-5_kl0.001_updated_scaling,,plain_n64_bsz_sweep
plain_n64,16384,1.4e-05,64,64,49.609375000000014,75.0,0.5515021459227468,n64_bsz256_lr1.4e-5_kl0.001_updated_scaling,,plain_n64_bsz_sweep
plain_n64,32768,2e-05,64,64,30.319148936170212,50.0,0.5396995708154506,n64_bsz512_lr2e-5_kl0.001_updated_scaling,,plain_n64_bsz_sweep
plain_n64,65536,2.8e-05,64,64,20.99303135888502,25.0,0.5493562231759657,n64_bsz1024_lr2.8e-5_kl0.001_updated_scaling,,plain_n64_bsz_sweep
plain_n64,131072,4e-05,64,64,20.21812080536913,25.0,0.5611587982832618,n64_bsz2048_lr4e-5_kl0.001_updated_scaling,,plain_n64_bsz_sweep
