key,seqs,lr,steps,last,max_val,run,series
4,64,1e-06,5674.107142857143,8350.0,0.5375536480686696,n16_bsz4_lr1e-6,batch_sweep_n16
8,128,3e-06,2293.75,3275.0,0.5225321888412017,n16_bsz8_lr3e-6,batch_sweep_n16
16,256,4e-06,1073.611111111111,1300.0,0.509656652360515,n16_bsz16_lr4e-6,batch_sweep_n16
32,512,6e-06,548.6842105263158,2575.0,0.5429184549356223,n16_bsz32_lr6e-6_kl1e-3_v2,batch_sweep_n16
64,1024,6e-06,309.2105263157894,2100.0,0.5665236051502146,n16_bsz64_lr6e-6_kl1e-3_v2,batch_sweep_n16
128,2048,1e-05,191.07142857142856,950.0,0.5321888412017167,n16_bsz128_lr1e-5_kl1e-3_v2,batch_sweep_n16
256,4096,2e-05,84.78260869565217,450.0,0.5332618025751072,n16_bsz256_lr2e-5_kl1e-3_v2,batch_sweep_n16
512,8192,2e-05,48.43750000000001,50.0,0.5042918454935622,n16_bsz512_lr2e-5_kl1e-3_updated_scaling,batch_sweep_n16
1024,16384,2e-05,26.250000000000004,75.0,0.5611587982832618,n16_bsz1024_lr2e-5_kl1e-3_updated_scaling,batch_sweep_n16
2048,32768,3e-05,14.104477611940297,15.0,0.5128755364806867,n16_bsz2048_lr3e-5_kl1e-3_updated_scaling,batch_sweep_n16
4096,65536,5e-05,8.923076923076922,49.0,0.6137339055793991,n16_bsz4096_lr5e-5_kl0.001_updated_scaling,batch_sweep_n16
8192,131072,5e-05,7.733333333333334,9.0,0.5225321888412017,n16_bsz8192_lr5e-5_kl0.001_updated_scaling,batch_sweep_n16
2,256,3e-06,1517.0,2075.0,0.5139484978540773,n2_bsz128_lr3e-6,rollout_sweep_bsz128
4,512,3e-06,771.4285714285716,2075.0,0.5611587982832618,n4_bsz128_lr3e-6,rollout_sweep_bsz128
8,1024,1e-05,288.82978723404256,1200.0,0.5225321888412017,n8_bsz128_lr1e-5_seed123,rollout_sweep_bsz128
16,2048,1e-05,191.07142857142856,950.0,0.5321888412017167,n16_bsz128_lr1e-5_kl1e-3_v2,rollout_sweep_bsz128
32,4096,1e-05,125.0,200.0,0.5171673819742489,n32_bsz128_lr1e-5_kl0.001_updated_scaling,rollout_sweep_bsz128
64,8192,1e-05,86.95652173913042,100.0,0.5128755364806867,n64_bsz128_lr1e-5_kl0.001_updated_scaling,rollout_sweep_bsz128
128,16384,1e-05,61.76470588235293,100.0,0.5418454935622318,n128_bsz128_lr1e-5_kl0.001_updated_scaling,rollout_sweep_bsz128
1,128,1e-05,,2075.0,0.361587982832618,n1_bsz128_lr1e-5,rollout_sweep_bsz128_never
8,512,2.5e-06,1283.928571428571,1625.0,0.5203862660944206,n64_bsz8_lr2.5e-6_kl0.001_updated_scaling,batch_sweep_n64
16,1024,3.5e-06,586.9565217391304,700.0,0.5278969957081545,n64_bsz16_lr3.5e-6_kl0.001_updated_scaling,batch_sweep_n64
32,2048,5e-06,364.4736842105264,400.0,0.5300429184549357,n64_bsz32_lr5e-6_kl0.001_updated_scaling,batch_sweep_n64
64,4096,7e-06,163.15789473684208,200.0,0.5214592274678111,n64_bsz64_lr7e-6_kl0.001_updated_scaling,batch_sweep_n64
128,8192,1e-05,86.95652173913042,100.0,0.5128755364806867,n64_bsz128_lr1e-5_kl0.001_updated_scaling,batch_sweep_n64
256,16384,1.4e-05,49.609375000000014,75.0,0.5515021459227468,n64_bsz256_lr1.4e-5_kl0.001_updated_scaling,batch_sweep_n64
512,32768,2e-05,30.319148936170212,50.0,0.5396995708154506,n64_bsz512_lr2e-5_kl0.001_updated_scaling,batch_sweep_n64
1024,65536,2.8e-05,20.99303135888502,25.0,0.5493562231759657,n64_bsz1024_lr2.8e-5_kl0.001_updated_scaling,batch_sweep_n64
2048,131072,4e-05,20.21812080536913,25.0,0.5611587982832618,n64_bsz2048_lr4e-5_kl0.001_updated_scaling,batch_sweep_n64
